Customer_ID,Customer_Name,Age,Gender,City,State,Employment_Type,Annual_Income,Credit_Score,Account_Type,Account_Balance,Customer_Since
C100000,Ananya Mishra,41,Male,Jaipur,Rajasthan,Salaried,76465.46,641,Savings,93325.26,2025-08-18
C100001,Sahil Gupta,35,Male,Bengaluru,Karnataka,Salaried,27928.46,708,Current,19634.57,2021-04-28
C100002,Aarav Rao,42,Male,Chennai,Tamil Nadu,Retired,58482.01,627,Salary,77379.93,2025-02-21
C100003,Pooja Mohanty,51,Male,Hyderabad,Telangana,Business,33000.2,704,Salary,28139.15,2021-11-03
C100004,Aditi Nayak,34,Female,Kochi,Kerala,Salaried,25621.09,661,Savings,21670.68,2022-11-19
C100005,Sneha Das,34,Male,Lucknow,Uttar Pradesh,Self-Employed,68948.34,697,Salary,83314.12,2024-05-13
C100006,Vivaan Mohanty,52,Male,Chandigarh,Chandigarh,Salaried,103992.15,715,Current,182873.13,2023-08-02
C100007,Rahul Jain,44,Female,Mumbai,Maharashtra,Self-Employed,44544.13,673,Savings,18796.13,2024-01-21
C100008,Neha Singh,31,Male,Kolkata,West Bengal,Salaried,48946.41,589,Savings,58723.45,2015-05-25
C100009,Aditi Singh,41,Female,Bengaluru,Karnataka,Salaried,29410.46,798,Savings,41739.55,2018-11-17
C100010,Ananya Sharma,31,Female,Hyderabad,Telangana,Business,55218.75,760,Savings,34387.08,2015-10-17
C100011,Riya Reddy,31,Male,Bhubaneswar,Odisha,Business,83544.13,697,Savings,154925.82,2025-08-26
C100012,Kavya Rao,38,Female,Bengaluru,Karnataka,Student,85001.89,647,Current,77759.52,2019-09-01
C100013,Sneha Patel,18,Female,Delhi,Delhi,Salaried,74230.87,711,Savings,87009.85,2021-09-16
C100014,Rohan Panda,19,Male,Jaipur,Rajasthan,Business,39142.0,728,Salary,38675.19,2023-04-17
C100015,Aditi Reddy,30,Male,Ahmedabad,Gujarat,Salaried,38465.52,755,Salary,56043.65,2021-11-13
C100016,Sahil Sharma,26,Female,Hyderabad,Telangana,Salaried,85183.32,761,Savings,164906.55,2025-06-03
C100017,Sneha Bose,39,Female,Ahmedabad,Gujarat,Student,85964.34,773,Savings,113315.77,2015-11-27
C100018,Riya Gupta,27,Female,Guwahati,Assam,Salaried,50035.66,592,Current,27055.61,2024-12-14
C100019,Aditya Roul,22,Male,Bengaluru,Karnataka,Salaried,43507.73,685,Current,37965.43,2021-03-08
C100020,Karan Roul,51,Female,Guwahati,Assam,Salaried,104513.8,770,Salary,163841.11,2020-05-15
C100021,Pooja Mishra,34,Male,Lucknow,Uttar Pradesh,Salaried,45121.62,645,Savings,40780.88,2025-08-13
C100022,Aditya Singh,37,Female,Pune,Maharashtra,Business,82896.75,784,Salary,136915.85,2016-06-14
C100023,Priya Verma,22,Female,Delhi,Delhi,Retired,51012.44,823,Current,86898.71,2018-01-13
C100024,Rohan Roul,31,Female,Indore,Madhya Pradesh,Business,30913.41,782,Savings,6513.4,2023-02-10
C100025,Ananya Jain,37,Female,Pune,Maharashtra,Student,133500.45,748,Savings,215306.65,2015-06-20
C100026,Arjun Mohanty,24,Female,Mumbai,Maharashtra,Business,58754.53,676,Salary,91487.05,2016-03-02
C100027,Riya Reddy,40,Female,Mumbai,Maharashtra,Student,37204.29,723,Savings,53836.19,2015-05-26
C100028,Pooja Sharma,30,Male,Guwahati,Assam,Salaried,25594.82,618,Premium Savings,5677.39,2020-07-27
C100029,Karan Das,33,Female,Jaipur,Rajasthan,Student,27053.94,654,Salary,12971.87,2020-09-10
C100030,Arjun Reddy,30,Female,Guwahati,Assam,Salaried,44801.07,659,Current,34388.4,2017-07-11
C100031,Aditi Das,55,Male,Lucknow,Uttar Pradesh,Student,158563.33,709,Current,297666.0,2022-04-17
C100032,Aarav Jain,36,Male,Ahmedabad,Gujarat,Salaried,39875.78,680,Savings,40768.07,2018-12-05
C100033,Arjun Mishra,25,Male,Indore,Madhya Pradesh,Business,121928.32,722,Salary,103144.33,2019-11-03
C100034,Neha Mishra,44,Female,Pune,Maharashtra,Business,51183.29,762,Savings,65238.23,2020-05-10
C100035,Isha Mehta,24,Female,Ahmedabad,Gujarat,Retired,28723.07,659,Current,27206.81,2018-05-27
C100036,Rahul Mohanty,38,Male,Guwahati,Assam,Business,42396.55,715,Salary,51474.32,2023-10-07
C100037,Kavya Dasgupta,18,Female,Jaipur,Rajasthan,Salaried,27188.38,678,Savings,19994.05,2024-07-12
C100038,Nisha Verma,23,Male,Guwahati,Assam,Self-Employed,34348.23,717,Savings,50784.83,2024-10-29
C100039,Sneha Kumar,38,Female,Ahmedabad,Gujarat,Salaried,33790.23,750,Current,20229.51,2025-11-23
C100040,Karan Roul,43,Male,Lucknow,Uttar Pradesh,Salaried,19302.62,765,Savings,18526.49,2017-07-21
C100041,Pooja Reddy,38,Male,Bengaluru,Karnataka,Salaried,126389.83,749,Savings,212383.78,2015-03-29
C100042,Riya Nayak,35,Male,Hyderabad,Telangana,Salaried,61768.44,732,Current,69004.58,2025-06-11
C100043,Ankit Gupta,33,Male,Chennai,Tamil Nadu,Self-Employed,37708.29,613,Current,47857.07,2015-08-15
C100044,Nisha Patel,21,Female,Mumbai,Maharashtra,Student,62134.41,635,Savings,32394.48,2015-04-18
C100045,Rohan Panda,29,Female,Hyderabad,Telangana,Student,34737.47,651,Salary,19805.46,2023-09-04
C100046,Priya Patel,31,Male,Mumbai,Maharashtra,Salaried,12657.49,728,Savings,27542.67,2023-10-08
C100047,Rahul Jain,47,Male,Chennai,Tamil Nadu,Salaried,279642.94,621,Savings,401109.65,2024-02-06
C100048,Ankit Bose,39,Male,Jaipur,Rajasthan,Salaried,61045.11,727,Savings,53685.21,2017-03-14
C100049,Vivaan Kumar,18,Female,Pune,Maharashtra,Salaried,39780.47,722,Savings,67519.02,2020-12-28
C100050,Neha Gupta,39,Female,Pune,Maharashtra,Salaried,18985.59,579,Savings,27381.36,2021-10-26
C100051,Ankit Patel,32,Male,Hyderabad,Telangana,Salaried,24180.6,634,Current,37765.59,2024-08-24
C100052,Amit Mohanty,29,Female,Chennai,Tamil Nadu,Self-Employed,136633.72,773,Salary,221842.15,2019-04-03
C100053,Karan Gupta,42,Male,Indore,Madhya Pradesh,Self-Employed,125637.33,750,Savings,167270.61,2022-08-25
C100054,Arjun Jain,46,Female,Jaipur,Rajasthan,Self-Employed,83229.47,650,Savings,74906.19,2022-09-01
C100055,Kavya Dasgupta,45,Female,Jaipur,Rajasthan,Salaried,29786.07,638,Current,6532.6,2023-04-11
C100056,Arjun Singh,28,Female,Delhi,Delhi,Business,126193.81,546,Savings,181052.87,2015-03-16
C100057,Pooja Rao,33,Female,Lucknow,Uttar Pradesh,Business,70436.64,801,Savings,83315.55,2021-03-13
C100058,Isha Das,39,Female,Delhi,Delhi,Salaried,78849.55,708,Salary,132908.17,2020-05-28
C100059,Rohan Reddy,46,Female,Pune,Maharashtra,Salaried,70296.87,827,Current,17027.68,2015-08-02
C100060,Aarav Das,31,Female,Indore,Madhya Pradesh,Salaried,24010.48,693,Savings,15009.57,2019-05-05
C100061,Aditya Rao,34,Male,Jaipur,Rajasthan,Salaried,28455.59,723,Current,45721.68,2023-08-03
C100062,Nisha Dasgupta,25,Male,Ahmedabad,Gujarat,Salaried,41542.34,763,Salary,52115.39,2019-03-26
C100063,Rohan Kumar,24,Male,Lucknow,Uttar Pradesh,Salaried,78361.68,812,Salary,80926.39,2022-10-19
C100064,Karan Gupta,44,Female,Guwahati,Assam,Salaried,25741.27,738,Current,41465.83,2016-05-27
C100065,Isha Sahu,50,Male,Kochi,Kerala,Salaried,49943.51,705,Savings,35825.29,2019-10-27
C100066,Rohan Panda,35,Male,Hyderabad,Telangana,Business,49908.83,707,Salary,78888.88,2022-11-12
C100067,Riya Mehta,46,Male,Bengaluru,Karnataka,Salaried,85058.56,637,Salary,40472.4,2019-10-15
C100068,Kavya Behera,40,Male,Chennai,Tamil Nadu,Self-Employed,79710.6,680,Current,125827.72,2021-02-28
C100069,Pooja Mishra,30,Female,Chennai,Tamil Nadu,Salaried,31554.27,708,Current,42605.04,2016-07-18
C100070,Neha Mishra,40,Female,Hyderabad,Telangana,Salaried,121876.79,795,Savings,199520.41,2016-04-18
C100071,Riya Mishra,51,Female,Indore,Madhya Pradesh,Student,29007.41,677,Savings,20867.94,2019-11-29
C100072,Arjun Bose,36,Female,Chandigarh,Chandigarh,Business,100289.89,774,Premium Savings,92369.09,2016-04-28
C100073,Rohan Dasgupta,52,Female,Chennai,Tamil Nadu,Salaried,40640.03,700,Premium Savings,56439.48,2025-01-22
C100074,Priya Sahu,18,Male,Jaipur,Rajasthan,Business,60189.17,786,Salary,59771.2,2021-11-26
C100075,Aarav Mehta,44,Male,Pune,Maharashtra,Self-Employed,62279.12,749,Savings,49932.94,2025-02-17
C100076,Amit Panda,37,Female,Chandigarh,Chandigarh,Salaried,61317.93,745,Savings,65994.11,2019-02-15
C100077,Pooja Sharma,33,Male,Kolkata,West Bengal,Salaried,79703.04,769,Savings,168703.75,2018-12-11
C100078,Kavya Panda,37,Male,Hyderabad,Telangana,Student,68213.05,759,Salary,75807.57,2017-03-04
C100079,Riya Sahu,18,Female,Hyderabad,Telangana,Salaried,84634.35,774,Savings,48099.04,2018-11-06
C100080,Sneha Kumar,34,Male,Ahmedabad,Gujarat,Salaried,71013.8,844,Salary,86949.86,2019-11-24
C100081,Pooja Rao,40,Male,Hyderabad,Telangana,Salaried,27436.73,810,Current,64734.87,2025-04-18
C100082,Vivaan Jain,51,Male,Ahmedabad,Gujarat,Business,63798.05,735,Current,116667.61,2015-08-26
C100083,Kavya Mishra,31,Male,Chandigarh,Chandigarh,Student,40334.4,676,Premium Savings,89478.1,2017-09-02
C100084,Sneha Bose,28,Male,Pune,Maharashtra,Student,29881.48,729,Salary,65379.04,2017-08-08
C100085,Rahul Sharma,31,Male,Hyderabad,Telangana,Business,46895.48,580,Salary,52312.43,2016-01-12
C100086,Ananya Sharma,45,Female,Indore,Madhya Pradesh,Retired,60831.81,759,Savings,14779.1,2021-08-07
C100087,Sneha Dasgupta,39,Female,Bhubaneswar,Odisha,Business,63095.82,636,Premium Savings,91148.75,2015-02-11
C100088,Rahul Reddy,31,Male,Mumbai,Maharashtra,Business,98312.07,778,Savings,159900.99,2017-07-19
C100089,Rohan Das,41,Female,Bengaluru,Karnataka,Retired,112883.15,834,Savings,49422.99,2019-08-19
C100090,Amit Verma,37,Male,Mumbai,Maharashtra,Salaried,66174.0,611,Salary,33289.08,2023-05-20
C100091,Priya Das,46,Male,Jaipur,Rajasthan,Self-Employed,73093.66,702,Savings,145250.85,2023-06-10
C100092,Aditya Jain,29,Male,Kochi,Kerala,Business,57960.0,636,Current,130013.49,2024-12-17
C100093,Ananya Sharma,33,Female,Kolkata,West Bengal,Student,83873.29,593,Savings,49361.33,2024-01-22
C100094,Priya Dasgupta,32,Male,Bengaluru,Karnataka,Student,71892.84,698,Current,56931.35,2023-11-23
C100095,Pooja Kumar,21,Female,Pune,Maharashtra,Student,53376.19,746,Premium Savings,102609.14,2021-01-05
C100096,Sahil Jain,39,Female,Indore,Madhya Pradesh,Retired,179634.39,754,Salary,168723.63,2021-05-15
C100097,Nisha Singh,39,Female,Bhubaneswar,Odisha,Self-Employed,40728.67,715,Savings,103470.1,2015-07-07
C100098,Aditya Bose,36,Female,Indore,Madhya Pradesh,Salaried,122398.79,597,Savings,101856.0,2023-12-29
C100099,Rohan Reddy,34,Female,Guwahati,Assam,Salaried,26114.01,713,Premium Savings,47685.54,2015-03-03
C100100,Nisha Singh,22,Male,Bengaluru,Karnataka,Self-Employed,86040.86,608,Current,86023.99,2024-10-16
C100101,Priya Panda,32,Male,Lucknow,Uttar Pradesh,Salaried,121200.45,612,Savings,176394.97,2023-01-27
C100102,Sneha Mohanty,33,Female,Lucknow,Uttar Pradesh,Salaried,19266.4,640,Current,11904.38,2017-10-20
C100103,Aditi Patel,28,Female,Ahmedabad,Gujarat,Salaried,59368.04,773,Savings,52696.78,2024-02-11
C100104,Riya Panda,34,Male,Chennai,Tamil Nadu,Student,81516.94,740,Savings,107107.88,2015-08-21
C100105,Riya Gupta,40,Male,Jaipur,Rajasthan,Salaried,63175.29,726,Current,63934.38,2015-11-10
C100106,Amit Sahu,55,Male,Mumbai,Maharashtra,Student,67715.76,649,Savings,73248.19,2015-08-21
C100107,Aditi Behera,38,Male,Kolkata,West Bengal,Student,59279.05,680,Savings,66172.51,2016-06-03
C100108,Riya Nayak,39,Male,Kolkata,West Bengal,Self-Employed,30129.26,616,Current,38541.53,2019-12-02
C100109,Riya Sharma,35,Female,Indore,Madhya Pradesh,Salaried,202301.32,794,Salary,319836.25,2017-01-09
C100110,Rohan Singh,18,Female,Chandigarh,Chandigarh,Business,41695.26,848,Current,36101.95,2018-03-03
C100111,Vivaan Mehta,36,Male,Hyderabad,Telangana,Business,69834.06,741,Savings,132441.48,2015-06-29
C100112,Vivaan Behera,37,Female,Bhubaneswar,Odisha,Salaried,38535.17,753,Current,69631.85,2018-07-10
C100113,Amit Dasgupta,61,Female,Delhi,Delhi,Salaried,15730.61,695,Salary,3931.92,2018-12-03
C100114,Neha Behera,34,Male,Chandigarh,Chandigarh,Salaried,33077.43,600,Salary,52003.43,2021-10-03
C100115,Sahil Bose,39,Male,Chandigarh,Chandigarh,Salaried,24807.59,650,Savings,61534.83,2022-05-07
C100116,Ankit Singh,36,Female,Chennai,Tamil Nadu,Salaried,100252.83,675,Savings,29994.33,2024-12-26
C100117,Ankit Behera,24,Female,Jaipur,Rajasthan,Salaried,39391.73,680,Current,65650.16,2017-09-27
C100118,Priya Behera,47,Male,Jaipur,Rajasthan,Self-Employed,41453.94,665,Savings,74671.4,2018-04-12
C100119,Isha Dasgupta,44,Other,Delhi,Delhi,Retired,30629.12,708,Savings,77388.37,2016-06-15
C100120,Aditya Reddy,44,Male,Kochi,Kerala,Business,57919.42,650,Savings,83602.34,2021-10-18
C100121,Ankit Verma,27,Male,Ahmedabad,Gujarat,Student,37087.54,846,Savings,81049.55,2019-06-18
C100122,Pooja Dasgupta,50,Male,Kochi,Kerala,Business,94928.91,616,Savings,157191.37,2020-05-14
C100123,Isha Mohanty,22,Male,Bhubaneswar,Odisha,Business,64939.42,763,Salary,96763.87,2022-05-17
C100124,Vivaan Mohanty,42,Female,Bengaluru,Karnataka,Salaried,40158.29,688,Current,17302.08,2016-05-16
C100125,Aditya Verma,58,Female,Chennai,Tamil Nadu,Salaried,87791.21,735,Savings,80211.82,2022-05-13
C100126,Rohan Mishra,26,Male,Bengaluru,Karnataka,Student,55240.73,738,Salary,54896.49,2015-11-11
C100127,Riya Jain,30,Female,Chandigarh,Chandigarh,Student,55654.14,715,Savings,52586.05,2015-11-09
C100128,Pooja Jain,37,Female,Chandigarh,Chandigarh,Salaried,24603.38,631,Savings,65381.36,2017-10-21
C100129,Kavya Roul,31,Male,Guwahati,Assam,Salaried,52891.14,683,Current,109453.26,2025-07-10
C100130,Riya Das,20,Female,Chennai,Tamil Nadu,Business,65639.83,716,Savings,44085.44,2021-02-04
C100131,Aarav Behera,37,Male,Bengaluru,Karnataka,Salaried,114525.21,712,Savings,97860.96,2017-04-23
C100132,Pooja Gupta,25,Female,Chandigarh,Chandigarh,Salaried,36371.73,638,Salary,63444.67,2020-07-20
C100133,Sneha Reddy,41,Male,Indore,Madhya Pradesh,Business,192537.88,789,Current,323339.12,2022-11-28
C100134,Aditi Reddy,27,Female,Mumbai,Maharashtra,Self-Employed,74709.76,543,Savings,52966.68,2023-03-31
C100135,Pooja Rao,51,Male,Bhubaneswar,Odisha,Business,23846.96,689,Savings,20148.0,2024-02-14
C100136,Aditi Dasgupta,28,Female,Mumbai,Maharashtra,Student,34552.3,645,Savings,45118.03,2019-01-02
C100137,Kavya Jain,33,Female,Kochi,Kerala,Self-Employed,120167.03,717,Premium Savings,103882.87,2025-01-24
C100138,Riya Singh,44,Male,Kochi,Kerala,Self-Employed,108973.99,771,Savings,155538.64,2025-04-06
C100139,Aditi Panda,24,Male,Mumbai,Maharashtra,Salaried,55550.06,614,Current,73131.17,2024-08-18
C100140,Neha Bose,38,Male,Bhubaneswar,Odisha,Salaried,59727.22,850,Savings,100958.22,2017-06-21
C100141,Kavya Singh,49,Female,Ahmedabad,Gujarat,Business,28985.55,718,Savings,57678.42,2019-12-22
C100142,Rahul Mehta,20,Male,Hyderabad,Telangana,Salaried,113764.06,730,Premium Savings,201351.67,2022-12-30
C100143,Isha Panda,38,Female,Chandigarh,Chandigarh,Salaried,31946.46,611,Savings,41401.49,2018-05-24
C100144,Karan Rao,39,Male,Kolkata,West Bengal,Salaried,87526.43,702,Current,74560.06,2025-07-23
C100145,Vivaan Dasgupta,44,Male,Hyderabad,Telangana,Salaried,115694.89,768,Salary,77102.98,2019-02-11
C100146,Priya Bose,24,Male,Ahmedabad,Gujarat,Salaried,56476.17,719,Salary,66138.95,2023-10-01
C100147,Aarav Jain,23,Male,Lucknow,Uttar Pradesh,Self-Employed,93645.79,714,Salary,165505.88,2021-03-08
C100148,Rohan Mishra,41,Female,Hyderabad,Telangana,Salaried,151947.49,702,Salary,156392.53,2018-04-13
C100149,Ananya Patel,39,Female,Chennai,Tamil Nadu,Salaried,63733.86,615,Savings,148571.57,2024-09-29
C100150,Sahil Sharma,39,Male,Indore,Madhya Pradesh,Self-Employed,49944.74,615,Salary,52620.83,2022-05-01
C100151,Ananya Jain,39,Female,Jaipur,Rajasthan,Student,53014.43,781,Salary,30159.56,2017-09-27
C100152,Sneha Behera,29,Male,Kolkata,West Bengal,Salaried,36550.32,762,Savings,85496.68,2020-11-27
C100153,Priya Mohanty,38,Female,Bhubaneswar,Odisha,Business,36098.89,772,Savings,65153.44,2025-01-05
C100154,Nisha Patel,39,Male,Mumbai,Maharashtra,Self-Employed,70151.48,652,Savings,75757.96,2017-12-31
C100155,Aarav Kumar,29,Female,Hyderabad,Telangana,Business,50257.55,695,Savings,19982.44,2018-07-30
C100156,Rohan Gupta,55,Female,Pune,Maharashtra,Salaried,65857.69,785,Savings,16676.95,2022-10-29
C100157,Riya Das,41,Male,Ahmedabad,Gujarat,Retired,24236.71,625,Savings,21571.66,2021-01-26
C100158,Priya Verma,24,Female,Hyderabad,Telangana,Self-Employed,52268.44,778,Salary,74602.71,2020-08-24
C100159,Sahil Gupta,43,Male,Hyderabad,Telangana,Student,96921.17,667,Current,56332.02,2016-03-03
C100160,Rohan Bose,26,Male,Mumbai,Maharashtra,Salaried,29723.11,649,Salary,35122.87,2015-08-10
C100161,Sneha Mohanty,44,Male,Jaipur,Rajasthan,Business,55502.2,703,Salary,62846.12,2018-11-20
C100162,Nisha Jain,48,Male,Hyderabad,Telangana,Business,19832.03,632,Savings,40612.85,2025-02-05
C100163,Karan Singh,28,Male,Chandigarh,Chandigarh,Salaried,26824.86,582,Savings,36010.15,2019-08-10
C100164,Ananya Behera,46,Male,Guwahati,Assam,Salaried,85759.48,710,Current,133047.97,2022-11-29
C100165,Ankit Das,40,Male,Mumbai,Maharashtra,Self-Employed,46396.63,740,Premium Savings,60804.77,2025-08-29
C100166,Amit Singh,44,Male,Hyderabad,Telangana,Salaried,149825.8,784,Salary,115795.87,2021-12-22
C100167,Riya Panda,55,Female,Lucknow,Uttar Pradesh,Business,69768.1,744,Salary,62885.55,2020-06-14
C100168,Sahil Jain,34,Female,Hyderabad,Telangana,Salaried,73637.97,833,Salary,37627.14,2018-02-19
C100169,Amit Roul,28,Male,Mumbai,Maharashtra,Salaried,30425.1,793,Current,26219.03,2015-11-18
C100170,Riya Panda,27,Male,Indore,Madhya Pradesh,Business,44501.6,753,Savings,21492.11,2017-04-13
C100171,Arjun Mehta,28,Male,Ahmedabad,Gujarat,Salaried,36759.01,735,Savings,57996.95,2025-03-24
C100172,Sneha Das,35,Female,Bhubaneswar,Odisha,Retired,30610.41,785,Current,24808.3,2016-07-15
C100173,Sahil Reddy,39,Female,Kochi,Kerala,Student,79239.46,561,Savings,154715.47,2024-06-08
C100174,Priya Das,39,Male,Guwahati,Assam,Self-Employed,88483.57,674,Salary,179253.75,2025-12-11
C100175,Riya Mehta,44,Male,Delhi,Delhi,Business,68494.17,584,Savings,102266.6,2020-11-03
C100176,Kavya Das,36,Male,Mumbai,Maharashtra,Student,34879.39,748,Savings,58970.24,2017-08-02
C100177,Priya Jain,51,Male,Kolkata,West Bengal,Salaried,65972.28,657,Salary,136661.38,2018-06-03
C100178,Rohan Panda,33,Female,Kolkata,West Bengal,Student,19208.64,850,Salary,500.0,2023-04-27
C100179,Rohan Jain,63,Female,Bhubaneswar,Odisha,Salaried,113862.12,671,Savings,120826.69,2021-03-14
C100180,Nisha Mishra,42,Male,Lucknow,Uttar Pradesh,Salaried,26932.95,712,Premium Savings,18253.4,2017-05-13
C100181,Amit Mehta,27,Female,Lucknow,Uttar Pradesh,Self-Employed,29698.03,679,Savings,45950.5,2016-05-17
C100182,Isha Behera,25,Male,Indore,Madhya Pradesh,Business,58600.54,673,Current,13064.17,2019-03-06
C100183,Ananya Kumar,41,Male,Mumbai,Maharashtra,Salaried,61535.91,624,Salary,85878.56,2023-02-17
C100184,Amit Bose,34,Female,Kolkata,West Bengal,Salaried,52842.8,622,Savings,42044.84,2024-02-26
C100185,Arjun Dasgupta,43,Female,Pune,Maharashtra,Self-Employed,29867.26,563,Salary,58149.53,2023-11-02
C100186,Sneha Verma,41,Male,Guwahati,Assam,Salaried,102583.24,740,Salary,159119.54,2016-08-04
C100187,Ananya Sharma,35,Male,Hyderabad,Telangana,Business,21759.73,677,Savings,44348.48,2015-05-27
C100188,Kavya Bose,28,Female,Delhi,Delhi,Self-Employed,24325.74,831,Current,29281.77,2025-12-19
C100189,Sahil Jain,21,Female,Kolkata,West Bengal,Salaried,51857.14,624,Salary,100305.42,2017-08-20
C100190,Riya Mehta,32,Male,Kolkata,West Bengal,Salaried,27440.07,801,Salary,75682.34,2022-10-31
C100191,Aarav Behera,45,Male,Chennai,Tamil Nadu,Self-Employed,107746.05,807,Salary,63497.8,2019-12-09
C100192,Priya Rao,38,Male,Hyderabad,Telangana,Salaried,28769.48,788,Savings,32495.95,2022-04-16
C100193,Ankit Gupta,24,Female,Chandigarh,Chandigarh,Salaried,129502.23,720,Savings,116413.01,2023-07-28
C100194,Amit Sharma,38,Female,Kolkata,West Bengal,Salaried,97188.3,683,Current,21964.9,2020-02-02
C100195,Karan Nayak,40,Male,Guwahati,Assam,Salaried,108485.21,788,Current,105624.54,2025-09-08
C100196,Aditi Kumar,27,Female,Ahmedabad,Gujarat,Salaried,155281.79,654,Premium Savings,179574.53,2016-04-12
C100197,Isha Panda,38,Female,Bengaluru,Karnataka,Self-Employed,57512.86,723,Savings,72113.28,2015-03-29
C100198,Aditya Kumar,37,Male,Indore,Madhya Pradesh,Business,31506.6,702,Savings,38462.0,2020-08-05
C100199,Kavya Behera,25,Male,Guwahati,Assam,Self-Employed,51970.64,647,Savings,80812.06,2024-05-18
C100200,Kavya Das,40,Female,Indore,Madhya Pradesh,Business,40272.43,723,Savings,37957.18,2015-05-19
C100201,Vivaan Roul,42,Female,Chandigarh,Chandigarh,Salaried,37236.07,753,Savings,49788.86,2018-01-12
C100202,Isha Mehta,47,Female,Guwahati,Assam,Salaried,59757.97,644,Current,80847.01,2018-02-12
C100203,Nisha Mishra,47,Female,Delhi,Delhi,Self-Employed,46334.92,735,Savings,65177.42,2021-08-06
C100204,Sahil Patel,22,Male,Bhubaneswar,Odisha,Business,36365.4,560,Salary,65568.89,2019-04-23
C100205,Aditya Verma,27,Male,Hyderabad,Telangana,Business,48055.75,637,Current,30050.61,2018-05-15
C100206,Karan Jain,41,Female,Kolkata,West Bengal,Business,74386.27,675,Salary,81523.98,2024-04-11
C100207,Ankit Reddy,41,Male,Bengaluru,Karnataka,Self-Employed,93071.0,728,Savings,133241.73,2025-10-28
C100208,Priya Nayak,41,Female,Pune,Maharashtra,Salaried,22776.4,762,Current,41488.94,2015-12-13
C100209,Pooja Kumar,70,Female,Indore,Madhya Pradesh,Business,46552.12,710,Current,14451.97,2015-09-02
C100210,Priya Mehta,42,Female,Hyderabad,Telangana,Business,50886.34,742,Premium Savings,87253.7,2018-02-17
C100211,Karan Kumar,47,Male,Kochi,Kerala,Retired,28701.44,695,Salary,50050.33,2024-08-01
C100212,Karan Das,46,Female,Kolkata,West Bengal,Business,51495.53,731,Current,69260.02,2021-11-02
C100213,Ananya Behera,43,Female,Kolkata,West Bengal,Business,59664.12,728,Current,97747.73,2019-04-22
C100214,Karan Sahu,33,Female,Indore,Madhya Pradesh,Self-Employed,73163.17,672,Savings,88243.11,2020-07-21
C100215,Kavya Bose,44,Male,Indore,Madhya Pradesh,Student,57384.26,682,Salary,34869.84,2015-03-19
C100216,Arjun Mishra,28,Male,Ahmedabad,Gujarat,Retired,33879.53,744,Premium Savings,61908.28,2024-09-03
C100217,Neha Mohanty,34,Male,Lucknow,Uttar Pradesh,Business,166326.0,823,Savings,252581.74,2019-04-17
C100218,Priya Patel,31,Male,Delhi,Delhi,Self-Employed,86777.98,783,Current,134962.44,2019-04-25
C100219,Aarav Behera,37,Male,Chennai,Tamil Nadu,Salaried,74539.49,632,Savings,122256.25,2019-12-24
C100220,Sahil Singh,59,Female,Indore,Madhya Pradesh,Business,95582.56,632,Salary,31811.27,2015-07-01
C100221,Arjun Nayak,18,Female,Ahmedabad,Gujarat,Business,62920.26,670,Savings,96494.93,2017-07-08
C100222,Aditya Patel,43,Female,Ahmedabad,Gujarat,Business,111586.34,711,Savings,229306.04,2017-04-22
C100223,Ananya Das,20,Female,Kochi,Kerala,Salaried,56747.57,708,Savings,53605.01,2019-04-03
C100224,Pooja Jain,31,Male,Bengaluru,Karnataka,Self-Employed,55052.89,786,Savings,96216.46,2017-01-25
C100225,Aditi Bose,47,Female,Ahmedabad,Gujarat,Salaried,78000.0,789,Salary,141865.92,2022-05-27
C100226,Arjun Panda,37,Male,Bhubaneswar,Odisha,Business,130886.41,705,Savings,239781.16,2019-11-01
C100227,Isha Rao,25,Male,Guwahati,Assam,Salaried,126337.88,690,Current,108916.6,2020-12-21
C100228,Riya Patel,29,Male,Delhi,Delhi,Business,76202.89,739,Salary,40355.27,2015-08-03
C100229,Aditi Singh,43,Female,Indore,Madhya Pradesh,Salaried,73073.79,774,Savings,113043.22,2022-05-29
C100230,Kavya Sharma,29,Female,Mumbai,Maharashtra,Salaried,80653.04,741,Savings,146200.95,2018-06-03
C100231,Sahil Verma,38,Male,Delhi,Delhi,Self-Employed,94577.98,677,Premium Savings,129966.94,2015-05-09
C100232,Rahul Mishra,36,Female,Ahmedabad,Gujarat,Salaried,112351.88,665,Current,113063.74,2021-01-27
C100233,Isha Bose,29,Male,Lucknow,Uttar Pradesh,Self-Employed,48289.39,633,Savings,95245.05,2023-07-23
C100234,Riya Verma,57,Male,Hyderabad,Telangana,Student,113552.68,718,Savings,102520.02,2018-11-25
C100235,Sneha Das,42,Female,Mumbai,Maharashtra,Retired,66418.82,746,Premium Savings,73107.77,2025-07-05
C100236,Rahul Mehta,18,Female,Chandigarh,Chandigarh,Salaried,78676.58,753,Savings,82432.88,2015-04-17
C100237,Riya Sahu,38,Female,Hyderabad,Telangana,Business,117613.67,780,Salary,81096.24,2025-03-16
C100238,Neha Patel,29,Female,Ahmedabad,Gujarat,Salaried,82948.29,801,Savings,87120.93,2021-10-29
C100239,Priya Panda,45,Female,Jaipur,Rajasthan,Student,91024.69,616,Savings,39923.23,2023-06-18
C100240,Isha Sahu,28,Female,Kolkata,West Bengal,Business,44396.16,731,Salary,80844.0,2025-01-06
C100241,Pooja Dasgupta,35,Female,Ahmedabad,Gujarat,Salaried,125386.95,734,Savings,71916.26,2018-10-09
C100242,Pooja Gupta,41,Female,Bhubaneswar,Odisha,Salaried,80637.26,700,Savings,40047.46,2025-05-07
C100243,Ankit Das,45,Female,Indore,Madhya Pradesh,Salaried,58948.8,651,Savings,83045.85,2024-04-15
C100244,Rahul Rao,24,Other,Hyderabad,Telangana,Business,100778.41,799,Current,107884.69,2025-03-05
C100245,Priya Bose,33,Male,Lucknow,Uttar Pradesh,Salaried,228295.3,667,Savings,229667.22,2017-12-11
C100246,Priya Gupta,31,Female,Hyderabad,Telangana,Business,28916.86,562,Savings,21698.55,2024-02-01
C100247,Riya Mehta,29,Male,Pune,Maharashtra,Self-Employed,35349.36,706,Savings,19335.49,2023-06-13
C100248,Nisha Sahu,54,Male,Lucknow,Uttar Pradesh,Retired,240868.49,690,Savings,82228.94,2021-08-17
C100249,Ananya Mehta,40,Female,Chennai,Tamil Nadu,Student,69547.87,826,Savings,35143.69,2017-06-05
C100250,Aditi Nayak,23,Male,Chennai,Tamil Nadu,Salaried,61087.76,737,Premium Savings,125873.18,2023-06-29
C100251,Rohan Bose,45,Male,Kochi,Kerala,Business,51618.03,685,Savings,40813.27,2015-04-23
C100252,Rahul Nayak,57,Female,Mumbai,Maharashtra,Business,106908.46,692,Current,89572.76,2018-10-28
C100253,Aditi Kumar,46,Male,Kolkata,West Bengal,Student,231254.59,691,Savings,208459.78,2023-02-20
C100254,Aditya Sahu,21,Male,Indore,Madhya Pradesh,Salaried,38148.23,849,Savings,80962.92,2024-04-19
C100255,Priya Sharma,31,Female,Indore,Madhya Pradesh,Salaried,52146.18,749,Savings,94288.6,2021-12-20
C100256,Rahul Sharma,49,Male,Mumbai,Maharashtra,Salaried,45351.05,614,Savings,57097.42,2019-11-13
C100257,Vivaan Patel,29,Male,Hyderabad,Telangana,Salaried,82303.11,689,Savings,80111.0,2024-09-16
C100258,Rahul Nayak,40,Male,Hyderabad,Telangana,Salaried,107732.31,703,Current,99563.26,2019-10-18
C100259,Ananya Mishra,44,Female,Chandigarh,Chandigarh,Self-Employed,134134.93,633,Premium Savings,246270.86,2023-10-11
C100260,Nisha Mishra,27,Female,Chandigarh,Chandigarh,Business,83849.9,589,Savings,44924.91,2023-03-06
C100261,Aditya Mishra,35,Female,Chandigarh,Chandigarh,Self-Employed,219854.56,744,Salary,310741.07,2025-05-31
C100262,Rahul Kumar,18,Male,Pune,Maharashtra,Business,40093.69,653,Savings,9363.11,2023-04-01
C100263,Priya Mehta,26,Female,Delhi,Delhi,Salaried,34755.43,786,Savings,24352.16,2023-06-09
C100264,Aditya Roul,33,Female,Guwahati,Assam,Student,123405.11,706,Savings,45448.04,2015-08-22
C100265,Aarav Mehta,24,Male,Lucknow,Uttar Pradesh,Student,58844.06,674,Savings,31065.56,2024-01-21
C100266,Priya Rao,52,Female,Jaipur,Rajasthan,Self-Employed,25804.94,548,Savings,20914.91,2016-03-23
C100267,Vivaan Bose,22,Female,Indore,Madhya Pradesh,Student,46223.97,784,Salary,71806.88,2021-03-16
C100268,Karan Sahu,32,Female,Jaipur,Rajasthan,Salaried,63303.81,724,Savings,114838.36,2019-05-09
C100269,Riya Das,37,Male,Bengaluru,Karnataka,Business,38547.71,676,Savings,20932.3,2025-09-06
C100270,Arjun Nayak,50,Male,Guwahati,Assam,Salaried,31477.4,647,Current,18268.52,2023-02-02
C100271,Ankit Nayak,22,Male,Chennai,Tamil Nadu,Salaried,49064.57,809,Savings,66487.37,2025-06-16
C100272,Isha Bose,48,Male,Jaipur,Rajasthan,Salaried,30625.71,636,Current,55024.15,2022-08-08
C100273,Aditi Jain,36,Female,Indore,Madhya Pradesh,Self-Employed,77995.82,681,Savings,96845.34,2018-03-23
C100274,Sneha Panda,26,Male,Delhi,Delhi,Salaried,18882.59,742,Savings,56500.93,2024-08-17
C100275,Aditi Rao,41,Female,Mumbai,Maharashtra,Self-Employed,57804.52,799,Salary,96617.29,2025-07-08
C100276,Rahul Rao,38,Male,Mumbai,Maharashtra,Salaried,73190.35,691,Savings,64125.99,2020-12-30
C100277,Amit Sahu,30,Male,Ahmedabad,Gujarat,Student,52328.2,657,Salary,21013.24,2020-03-13
C100278,Pooja Mohanty,37,Female,Chennai,Tamil Nadu,Self-Employed,100344.15,698,Savings,160386.38,2019-10-03
C100279,Ankit Sahu,32,Male,Jaipur,Rajasthan,Salaried,25881.4,764,Savings,36510.0,2021-06-03
C100280,Rahul Sharma,37,Female,Lucknow,Uttar Pradesh,Salaried,37402.37,778,Savings,114115.72,2023-01-24
C100281,Rahul Verma,43,Male,Hyderabad,Telangana,Student,45870.13,616,Savings,38869.36,2021-05-16
C100282,Isha Das,52,Male,Jaipur,Rajasthan,Salaried,81396.45,712,Savings,104856.33,2023-08-16
C100283,Ananya Nayak,24,Female,Hyderabad,Telangana,Self-Employed,62023.44,612,Savings,88058.61,2020-10-26
C100284,Karan Reddy,57,Female,Bhubaneswar,Odisha,Self-Employed,178785.09,762,Savings,107906.09,2017-12-01
C100285,Isha Roul,18,Male,Chandigarh,Chandigarh,Salaried,35309.46,732,Savings,14644.59,2016-10-27
C100286,Rohan Dasgupta,34,Male,Guwahati,Assam,Salaried,25536.0,645,Salary,59093.55,2025-10-08
C100287,Arjun Singh,42,Female,Mumbai,Maharashtra,Salaried,147132.29,805,Savings,99637.08,2019-04-11
C100288,Karan Reddy,39,Female,Kolkata,West Bengal,Salaried,25037.16,727,Salary,3046.9,2020-03-29
C100289,Rahul Roul,30,Female,Chennai,Tamil Nadu,Salaried,80079.32,720,Salary,95289.27,2023-05-13
C100290,Aditi Singh,34,Male,Bengaluru,Karnataka,Salaried,32106.7,693,Savings,46289.35,2025-05-15
C100291,Aarav Nayak,31,Other,Kochi,Kerala,Salaried,17623.06,704,Savings,9122.76,2017-09-02
C100292,Aditi Reddy,30,Male,Jaipur,Rajasthan,Salaried,44754.95,680,Savings,52191.24,2016-06-24
C100293,Vivaan Jain,44,Male,Hyderabad,Telangana,Retired,90202.59,657,Savings,104653.37,2025-03-06
C100294,Aarav Reddy,40,Female,Kochi,Kerala,Self-Employed,28088.47,785,Savings,61580.84,2015-03-04
C100295,Isha Mishra,29,Male,Ahmedabad,Gujarat,Business,75503.97,673,Savings,111495.85,2018-02-23
C100296,Neha Gupta,45,Male,Kolkata,West Bengal,Salaried,83672.31,671,Savings,155865.79,2023-12-20
C100297,Kavya Das,39,Male,Bengaluru,Karnataka,Salaried,27327.78,697,Savings,51834.94,2022-08-27
C100298,Karan Dasgupta,44,Male,Mumbai,Maharashtra,Business,48524.29,798,Savings,72058.03,2025-08-31
C100299,Pooja Verma,42,Female,Chandigarh,Chandigarh,Self-Employed,130938.05,779,Savings,198477.67,2018-01-28
C100300,Aarav Dasgupta,28,Female,Chandigarh,Chandigarh,Salaried,78661.92,679,Savings,63083.85,2015-12-17
C100301,Rohan Rao,30,Male,Ahmedabad,Gujarat,Salaried,47632.36,785,Current,38515.68,2017-10-20
C100302,Sneha Bose,43,Male,Guwahati,Assam,Self-Employed,69113.2,712,Salary,114132.32,2023-08-26
C100303,Aditya Mohanty,42,Female,Ahmedabad,Gujarat,Student,37729.35,650,Savings,57269.53,2021-02-01
C100304,Rohan Das,36,Female,Delhi,Delhi,Salaried,101480.41,674,Salary,170192.86,2018-04-26
C100305,Ananya Rao,37,Male,Mumbai,Maharashtra,Self-Employed,101456.1,794,Savings,107571.38,2018-10-14
C100306,Pooja Mehta,49,Other,Chennai,Tamil Nadu,Business,58781.75,840,Current,118899.81,2021-05-28
C100307,Sahil Verma,30,Female,Chandigarh,Chandigarh,Retired,62440.97,726,Savings,118645.21,2019-06-05
C100308,Riya Gupta,41,Male,Kochi,Kerala,Business,31753.24,668,Savings,46403.83,2015-06-08
C100309,Kavya Singh,34,Male,Guwahati,Assam,Salaried,26146.44,697,Salary,39154.24,2021-11-26
C100310,Sneha Singh,34,Male,Chandigarh,Chandigarh,Business,44710.15,655,Premium Savings,84767.69,2018-01-28
C100311,Nisha Patel,47,Female,Hyderabad,Telangana,Business,52418.64,665,Salary,27172.33,2019-01-21
C100312,Priya Singh,44,Male,Hyderabad,Telangana,Business,98669.74,659,Savings,52874.89,2018-01-05
C100313,Aditi Reddy,44,Female,Mumbai,Maharashtra,Business,91347.27,700,Savings,169435.48,2022-05-24
C100314,Isha Mohanty,49,Male,Kochi,Kerala,Student,60885.27,713,Savings,34129.44,2017-10-23
C100315,Sneha Dasgupta,36,Female,Chandigarh,Chandigarh,Salaried,105861.29,695,Salary,160300.31,2023-10-10
C100316,Amit Kumar,43,Male,Kolkata,West Bengal,Salaried,32734.05,691,Savings,55453.27,2022-04-28
C100317,Sneha Patel,33,Female,Jaipur,Rajasthan,Business,99471.23,754,Salary,196682.01,2024-02-01
C100318,Riya Das,39,Female,Delhi,Delhi,Salaried,35608.96,690,Current,53826.29,2023-08-27
C100319,Pooja Kumar,35,Male,Chandigarh,Chandigarh,Salaried,108762.34,694,Salary,163785.44,2021-10-26
C100320,Kavya Das,37,Male,Guwahati,Assam,Salaried,54597.75,694,Current,37028.96,2015-02-20
C100321,Aditya Mohanty,42,Male,Indore,Madhya Pradesh,Business,18325.17,805,Current,41725.58,2016-05-24
C100322,Karan Roul,28,Female,Guwahati,Assam,Salaried,82180.63,673,Savings,116071.06,2018-06-11
C100323,Pooja Roul,57,Female,Chandigarh,Chandigarh,Business,85848.43,744,Salary,28325.08,2021-05-17
C100324,Nisha Panda,26,Male,Bengaluru,Karnataka,Salaried,42786.14,656,Salary,61651.72,2022-05-30
C100325,Rohan Sharma,24,Male,Kochi,Kerala,Salaried,44841.79,728,Salary,48608.21,2018-08-07
C100326,Priya Das,48,Male,Chennai,Tamil Nadu,Salaried,50379.45,741,Savings,94390.3,2024-05-17
C100327,Rohan Singh,44,Female,Chandigarh,Chandigarh,Salaried,19077.31,775,Current,39637.9,2017-12-19
C100328,Nisha Panda,42,Female,Guwahati,Assam,Student,14980.25,680,Premium Savings,26551.67,2024-07-03
C100329,Aditi Roul,42,Female,Guwahati,Assam,Student,112530.84,633,Current,149927.7,2017-01-02
C100330,Neha Das,36,Male,Guwahati,Assam,Business,34956.2,654,Savings,2028.13,2019-12-23
C100331,Arjun Sahu,27,Male,Chennai,Tamil Nadu,Salaried,152586.01,768,Salary,224356.06,2020-03-10
C100332,Priya Panda,37,Female,Kochi,Kerala,Self-Employed,116869.06,840,Savings,136249.88,2015-03-12
C100333,Aditya Nayak,29,Male,Mumbai,Maharashtra,Salaried,130228.5,759,Savings,89769.36,2019-12-07
C100334,Amit Dasgupta,46,Female,Chandigarh,Chandigarh,Salaried,38461.92,623,Savings,26269.09,2015-02-06
C100335,Riya Singh,35,Male,Guwahati,Assam,Self-Employed,22707.89,757,Savings,12564.75,2020-03-25
C100336,Amit Das,28,Male,Hyderabad,Telangana,Business,30251.56,644,Savings,110298.95,2015-06-01
C100337,Priya Verma,33,Female,Guwahati,Assam,Salaried,43025.08,682,Savings,57488.58,2025-10-31
C100338,Amit Panda,40,Other,Kolkata,West Bengal,Salaried,14910.37,717,Current,39647.17,2019-01-09
C100339,Riya Roul,30,Female,Chennai,Tamil Nadu,Student,42344.95,728,Salary,61039.06,2020-05-20
C100340,Priya Dasgupta,28,Male,Kochi,Kerala,Salaried,49225.43,709,Salary,60860.61,2022-02-25
C100341,Ankit Gupta,38,Male,Hyderabad,Telangana,Student,26988.25,666,Salary,60488.71,2024-06-20
C100342,Neha Kumar,38,Female,Bengaluru,Karnataka,Retired,31033.47,774,Savings,22555.08,2021-03-29
C100343,Kavya Mohanty,31,Female,Delhi,Delhi,Self-Employed,48715.83,671,Savings,52825.51,2017-06-11
C100344,Kavya Mishra,31,Female,Chennai,Tamil Nadu,Salaried,66906.14,787,Current,151275.09,2019-08-01
C100345,Rohan Jain,38,Male,Guwahati,Assam,Business,33696.05,617,Salary,23234.25,2015-08-28
C100346,Ankit Mishra,22,Female,Indore,Madhya Pradesh,Salaried,64590.81,719,Current,97125.26,2021-07-01
C100347,Aarav Panda,22,Female,Chennai,Tamil Nadu,Salaried,59299.36,625,Savings,38671.02,2025-07-12
C100348,Priya Gupta,29,Female,Jaipur,Rajasthan,Business,56436.74,651,Savings,75228.93,2015-11-22
C100349,Sahil Panda,34,Female,Pune,Maharashtra,Salaried,38425.66,672,Savings,25746.44,2018-02-06
C100350,Kavya Behera,39,Male,Indore,Madhya Pradesh,Salaried,26416.12,804,Savings,53065.83,2025-01-22
C100351,Arjun Das,51,Female,Ahmedabad,Gujarat,Self-Employed,139823.62,790,Salary,17124.23,2021-11-04
C100352,Pooja Behera,45,Female,Indore,Madhya Pradesh,Business,77789.11,762,Savings,85634.31,2021-03-08
C100353,Nisha Mohanty,34,Female,Mumbai,Maharashtra,Salaried,95629.91,707,Salary,71809.95,2018-07-10
C100354,Aarav Das,36,Female,Indore,Madhya Pradesh,Salaried,52527.5,717,Savings,85720.51,2025-09-09
C100355,Nisha Das,26,Female,Delhi,Delhi,Salaried,50255.46,787,Current,66032.99,2015-09-20
C100356,Pooja Reddy,36,Female,Indore,Madhya Pradesh,Salaried,72038.16,751,Premium Savings,144602.36,2019-12-10
C100357,Rohan Patel,33,Male,Hyderabad,Telangana,Business,20050.51,706,Savings,52291.53,2017-01-06
C100358,Priya Mishra,39,Male,Mumbai,Maharashtra,Business,29793.17,802,Savings,31596.4,2017-11-22
C100359,Aditi Mohanty,28,Male,Kolkata,West Bengal,Business,35465.38,758,Savings,44398.04,2023-08-04
C100360,Isha Rao,41,Male,Lucknow,Uttar Pradesh,Salaried,42833.55,721,Savings,28675.13,2023-10-28
C100361,Arjun Roul,51,Male,Chennai,Tamil Nadu,Salaried,33902.9,675,Current,37802.99,2018-02-05
C100362,Kavya Mehta,35,Male,Jaipur,Rajasthan,Salaried,66047.69,669,Savings,89583.74,2017-11-29
C100363,Rahul Panda,40,Male,Bhubaneswar,Odisha,Salaried,57519.8,683,Current,69301.77,2024-09-29
C100364,Riya Bose,43,Male,Pune,Maharashtra,Salaried,118321.89,735,Savings,70686.46,2020-07-20
C100365,Amit Singh,32,Male,Ahmedabad,Gujarat,Salaried,214412.28,759,Savings,218705.22,2016-06-05
C100366,Rahul Sharma,38,Male,Hyderabad,Telangana,Salaried,27460.97,611,Premium Savings,39805.41,2017-07-20
C100367,Arjun Singh,36,Female,Lucknow,Uttar Pradesh,Business,59641.46,578,Savings,82044.09,2022-01-25
C100368,Ananya Jain,37,Female,Bengaluru,Karnataka,Business,59583.13,643,Current,92652.59,2016-12-15
C100369,Vivaan Dasgupta,28,Male,Chandigarh,Chandigarh,Self-Employed,54572.18,679,Savings,64806.6,2016-08-24
C100370,Karan Das,36,Female,Ahmedabad,Gujarat,Salaried,30285.82,783,Salary,18682.67,2024-10-08
C100371,Vivaan Patel,41,Female,Lucknow,Uttar Pradesh,Student,33210.78,687,Premium Savings,55000.32,2021-12-06
C100372,Sahil Dasgupta,51,Male,Kochi,Kerala,Retired,62774.96,722,Savings,44239.64,2022-05-10
C100373,Kavya Behera,46,Female,Lucknow,Uttar Pradesh,Salaried,32700.51,732,Savings,37799.35,2015-07-23
C100374,Pooja Bose,58,Female,Pune,Maharashtra,Business,60035.3,638,Salary,22082.06,2017-08-11
C100375,Isha Bose,28,Female,Mumbai,Maharashtra,Student,48041.29,800,Savings,70013.0,2016-04-13
C100376,Nisha Mohanty,45,Male,Jaipur,Rajasthan,Self-Employed,59456.5,662,Salary,61776.03,2022-05-05
C100377,Ananya Roul,38,Female,Chennai,Tamil Nadu,Salaried,32557.83,806,Salary,500.0,2015-06-07
C100378,Ananya Bose,58,Male,Chennai,Tamil Nadu,Salaried,59975.81,697,Current,74211.73,2017-01-24
C100379,Ananya Das,28,Female,Guwahati,Assam,Self-Employed,33879.47,683,Salary,62347.31,2022-09-04
C100380,Amit Dasgupta,28,Other,Lucknow,Uttar Pradesh,Salaried,60082.33,633,Savings,68912.99,2020-09-06
C100381,Sneha Patel,30,Female,Chennai,Tamil Nadu,Student,114892.98,718,Salary,147748.57,2024-08-25
C100382,Vivaan Roul,18,Female,Chennai,Tamil Nadu,Business,63489.49,850,Savings,123717.48,2019-12-09
C100383,Aarav Gupta,31,Male,Kolkata,West Bengal,Salaried,65651.59,732,Savings,141108.78,2021-07-03
C100384,Ankit Mishra,28,Other,Kolkata,West Bengal,Self-Employed,86210.91,723,Salary,55624.94,2018-07-23
C100385,Sneha Reddy,38,Female,Chennai,Tamil Nadu,Business,25415.93,662,Current,55106.77,2015-06-21
C100386,Nisha Panda,39,Male,Mumbai,Maharashtra,Salaried,141562.32,743,Salary,148257.09,2021-03-16
C100387,Priya Kumar,55,Female,Kolkata,West Bengal,Salaried,30776.72,715,Salary,22186.21,2023-01-17
C100388,Pooja Reddy,46,Male,Indore,Madhya Pradesh,Student,89223.7,701,Current,51392.28,2017-07-22
C100389,Ananya Das,30,Male,Lucknow,Uttar Pradesh,Self-Employed,82941.35,737,Savings,125652.57,2015-09-07
C100390,Karan Panda,27,Female,Chandigarh,Chandigarh,Salaried,33486.48,587,Salary,63452.76,2025-09-03
C100391,Aditya Sharma,41,Male,Jaipur,Rajasthan,Salaried,95795.96,698,Savings,132584.37,2023-01-05
C100392,Rahul Panda,23,Female,Chennai,Tamil Nadu,Self-Employed,72322.13,627,Savings,67933.4,2017-11-27
C100393,Rohan Panda,54,Male,Ahmedabad,Gujarat,Self-Employed,155527.32,707,Current,269089.37,2025-12-08
C100394,Ananya Sharma,48,Male,Bengaluru,Karnataka,Salaried,61172.12,658,Salary,46670.72,2017-11-20
C100395,Aditya Nayak,31,Female,Chennai,Tamil Nadu,Self-Employed,51812.65,662,Salary,87732.85,2015-03-08
C100396,Karan Rao,19,Male,Kolkata,West Bengal,Salaried,41438.64,618,Savings,43247.7,2022-08-10
C100397,Sahil Bose,50,Female,Ahmedabad,Gujarat,Salaried,21083.44,778,Salary,30245.74,2024-06-22
C100398,Karan Patel,35,Female,Jaipur,Rajasthan,Self-Employed,46168.97,661,Premium Savings,73943.15,2024-08-13
C100399,Aditi Roul,48,Female,Kolkata,West Bengal,Salaried,47256.45,664,Savings,24082.84,2024-07-11
C100400,Aarav Panda,20,Female,Kolkata,West Bengal,Student,63527.01,804,Savings,38574.35,2018-12-18
C100401,Neha Rao,30,Female,Hyderabad,Telangana,Salaried,25144.18,742,Savings,35875.79,2021-01-22
C100402,Aditya Roul,36,Male,Bhubaneswar,Odisha,Business,48224.95,573,Savings,77218.37,2023-01-21
C100403,Nisha Rao,36,Female,Chandigarh,Chandigarh,Salaried,75510.48,795,Savings,88545.8,2015-07-03
C100404,Aditya Behera,31,Male,Kochi,Kerala,Salaried,79747.35,812,Savings,74371.12,2021-09-25
C100405,Arjun Singh,42,Female,Delhi,Delhi,Business,19775.32,806,Salary,25138.08,2017-08-19
C100406,Sneha Patel,25,Female,Mumbai,Maharashtra,Self-Employed,81114.1,748,Current,136756.82,2018-12-03
C100407,Rahul Singh,35,Female,Bhubaneswar,Odisha,Business,48024.8,633,Premium Savings,77445.54,2016-03-23
C100408,Arjun Roul,37,Female,Jaipur,Rajasthan,Self-Employed,49678.75,702,Savings,86810.44,2015-11-14
C100409,Rohan Kumar,41,Female,Pune,Maharashtra,Self-Employed,14982.0,611,Savings,20976.77,2020-09-07
C100410,Pooja Sahu,43,Female,Guwahati,Assam,Business,125060.46,649,Savings,112286.76,2019-12-23
C100411,Pooja Singh,25,Female,Kochi,Kerala,Self-Employed,60616.83,633,Premium Savings,104466.53,2016-04-08
C100412,Vivaan Kumar,21,Male,Lucknow,Uttar Pradesh,Self-Employed,23689.45,664,Savings,49301.42,2020-09-24
C100413,Aditi Reddy,49,Male,Hyderabad,Telangana,Business,67605.82,716,Savings,56380.4,2015-11-14
C100414,Arjun Kumar,39,Male,Delhi,Delhi,Retired,66473.03,676,Salary,136827.69,2017-08-28
C100415,Sneha Jain,29,Female,Bengaluru,Karnataka,Salaried,107741.24,673,Savings,161299.34,2017-04-15
C100416,Arjun Singh,52,Male,Hyderabad,Telangana,Self-Employed,46386.31,686,Salary,83469.78,2018-08-27
C100417,Rohan Patel,37,Male,Bhubaneswar,Odisha,Salaried,55364.08,802,Savings,43719.56,2021-05-25
C100418,Arjun Behera,48,Male,Guwahati,Assam,Salaried,38620.72,846,Salary,34262.81,2019-03-02
C100419,Vivaan Mohanty,37,Female,Mumbai,Maharashtra,Salaried,76416.98,676,Current,67726.65,2024-04-19
C100420,Rahul Mehta,57,Female,Kolkata,West Bengal,Business,35745.11,727,Savings,21814.39,2024-03-23
C100421,Isha Mohanty,54,Male,Jaipur,Rajasthan,Self-Employed,33655.9,650,Savings,57014.57,2022-08-21
C100422,Amit Roul,34,Male,Delhi,Delhi,Business,52986.89,755,Savings,77413.17,2019-08-31
C100423,Aditi Roul,46,Male,Lucknow,Uttar Pradesh,Salaried,28025.31,674,Salary,47262.49,2015-10-20
C100424,Vivaan Nayak,42,Male,Bhubaneswar,Odisha,Salaried,132755.0,659,Current,182064.59,2022-03-14
C100425,Nisha Roul,50,Male,Hyderabad,Telangana,Student,158749.88,835,Salary,89599.52,2019-10-13
C100426,Neha Jain,26,Female,Jaipur,Rajasthan,Salaried,42856.56,617,Savings,42606.46,2024-10-27
C100427,Priya Roul,43,Other,Bengaluru,Karnataka,Salaried,25654.16,546,Salary,2391.23,2018-03-05
C100428,Riya Sharma,47,Male,Kochi,Kerala,Salaried,66185.33,753,Savings,48439.07,2016-08-09
C100429,Rohan Mohanty,18,Male,Kochi,Kerala,Business,42189.73,681,Savings,17117.97,2015-04-12
C100430,Ankit Bose,24,Male,Mumbai,Maharashtra,Salaried,104942.0,663,Savings,80689.23,2018-08-30
C100431,Arjun Singh,18,Male,Kolkata,West Bengal,Salaried,35673.3,850,Salary,62322.34,2021-10-22
C100432,Ankit Das,33,Male,Delhi,Delhi,Business,74203.81,752,Current,25928.38,2023-11-03
C100433,Arjun Reddy,43,Male,Indore,Madhya Pradesh,Salaried,58558.7,701,Savings,73542.57,2019-01-15
C100434,Ankit Sharma,51,Male,Bhubaneswar,Odisha,Business,37916.61,659,Salary,90819.07,2018-10-04
C100435,Riya Jain,37,Female,Bengaluru,Karnataka,Salaried,62762.68,734,Savings,13723.91,2025-12-08
C100436,Isha Singh,52,Female,Hyderabad,Telangana,Salaried,89168.34,592,Current,135200.24,2019-07-30
C100437,Priya Sharma,22,Female,Guwahati,Assam,Self-Employed,57690.92,671,Premium Savings,46727.5,2025-01-23
C100438,Nisha Mehta,19,Male,Kolkata,West Bengal,Business,58023.02,703,Current,77980.18,2022-04-24
C100439,Rahul Singh,35,Female,Guwahati,Assam,Business,34032.04,719,Salary,14554.46,2019-03-15
C100440,Aditi Nayak,40,Female,Lucknow,Uttar Pradesh,Business,103197.62,696,Savings,110393.92,2020-04-11
C100441,Sneha Singh,36,Male,Indore,Madhya Pradesh,Salaried,97693.38,660,Savings,142802.76,2025-07-27
C100442,Aarav Panda,18,Male,Ahmedabad,Gujarat,Salaried,43882.94,765,Salary,39734.53,2025-12-01
C100443,Karan Verma,35,Female,Indore,Madhya Pradesh,Salaried,51365.9,598,Premium Savings,52428.89,2018-04-19
C100444,Ananya Jain,23,Male,Chandigarh,Chandigarh,Student,119719.86,687,Savings,138622.15,2021-12-22
C100445,Aditya Sharma,43,Male,Jaipur,Rajasthan,Student,29484.63,671,Savings,46443.48,2015-05-08
C100446,Karan Panda,40,Female,Lucknow,Uttar Pradesh,Retired,76683.9,771,Savings,67470.62,2016-10-18
C100447,Aditi Verma,27,Female,Bhubaneswar,Odisha,Salaried,40451.17,675,Premium Savings,30895.35,2019-02-17
C100448,Rahul Panda,31,Male,Guwahati,Assam,Self-Employed,146243.94,733,Salary,72347.38,2015-07-02
C100449,Kavya Sharma,25,Female,Ahmedabad,Gujarat,Self-Employed,56953.14,727,Savings,58711.28,2018-04-06
C100450,Arjun Mishra,35,Female,Chandigarh,Chandigarh,Business,110006.71,586,Salary,137772.43,2025-06-07
C100451,Pooja Kumar,46,Male,Kochi,Kerala,Self-Employed,36183.5,701,Current,29152.58,2016-09-06
C100452,Rahul Gupta,26,Female,Bhubaneswar,Odisha,Business,27678.13,592,Savings,70347.12,2025-03-24
C100453,Karan Sahu,41,Male,Hyderabad,Telangana,Salaried,48351.17,728,Savings,109072.59,2021-08-18
C100454,Ananya Dasgupta,31,Male,Hyderabad,Telangana,Salaried,63548.86,658,Savings,137873.39,2015-04-15
C100455,Priya Dasgupta,28,Female,Jaipur,Rajasthan,Salaried,41530.61,782,Salary,33518.31,2016-03-11
C100456,Ananya Jain,35,Male,Kochi,Kerala,Salaried,83462.9,693,Savings,64409.02,2021-10-30
C100457,Ankit Singh,26,Male,Bhubaneswar,Odisha,Salaried,49001.88,655,Salary,84114.41,2017-05-16
C100458,Karan Sharma,30,Male,Jaipur,Rajasthan,Salaried,17505.98,783,Premium Savings,24092.11,2024-01-23
C100459,Sahil Reddy,24,Female,Chennai,Tamil Nadu,Salaried,74543.27,648,Savings,123761.41,2018-07-06
C100460,Rahul Sharma,56,Female,Mumbai,Maharashtra,Self-Employed,33849.96,763,Salary,71852.4,2020-09-23
C100461,Rahul Rao,36,Male,Chennai,Tamil Nadu,Student,45080.72,735,Current,93355.35,2023-01-10
C100462,Vivaan Sahu,29,Female,Chennai,Tamil Nadu,Business,129225.04,681,Premium Savings,105334.56,2023-10-04
C100463,Arjun Verma,38,Male,Chennai,Tamil Nadu,Salaried,145820.97,618,Salary,111571.64,2023-04-28
C100464,Aditi Das,35,Female,Ahmedabad,Gujarat,Salaried,40077.37,786,Salary,68547.5,2020-09-12
C100465,Kavya Mishra,34,Male,Delhi,Delhi,Salaried,75574.27,738,Premium Savings,28630.44,2023-10-15
C100466,Riya Rao,42,Female,Hyderabad,Telangana,Retired,40592.46,655,Savings,7383.94,2021-07-09
C100467,Sahil Patel,44,Other,Lucknow,Uttar Pradesh,Self-Employed,46972.06,721,Savings,104300.98,2022-12-29
C100468,Rohan Behera,31,Female,Lucknow,Uttar Pradesh,Salaried,39415.4,770,Salary,83117.49,2018-11-10
C100469,Aditi Patel,30,Male,Bengaluru,Karnataka,Student,21305.05,712,Savings,500.0,2025-07-16
C100470,Pooja Reddy,33,Female,Kolkata,West Bengal,Salaried,57951.91,720,Premium Savings,101240.84,2017-05-30
C100471,Neha Sahu,18,Male,Ahmedabad,Gujarat,Student,64445.77,772,Salary,129064.73,2019-04-01
C100472,Nisha Sharma,21,Female,Kolkata,West Bengal,Salaried,38026.46,805,Savings,64096.01,2024-04-25
C100473,Neha Mishra,50,Male,Hyderabad,Telangana,Salaried,100044.85,697,Savings,114044.56,2021-07-14
C100474,Rahul Singh,52,Male,Kolkata,West Bengal,Self-Employed,43271.28,618,Savings,76994.43,2015-05-14
C100475,Ankit Bose,34,Male,Chandigarh,Chandigarh,Student,38739.77,620,Savings,7412.3,2022-05-15
C100476,Arjun Mehta,42,Male,Ahmedabad,Gujarat,Student,73472.41,660,Savings,125841.32,2023-02-22
C100477,Priya Gupta,39,Female,Lucknow,Uttar Pradesh,Self-Employed,23543.7,644,Salary,38740.91,2016-09-06
C100478,Rohan Sharma,67,Female,Guwahati,Assam,Salaried,90559.46,596,Current,136216.71,2019-04-10
C100479,Amit Nayak,47,Female,Kochi,Kerala,Salaried,44085.91,825,Savings,66811.5,2023-07-21
C100480,Vivaan Mishra,35,Female,Pune,Maharashtra,Retired,94768.83,739,Savings,111033.51,2022-04-13
C100481,Vivaan Kumar,26,Female,Bengaluru,Karnataka,Self-Employed,111698.69,671,Savings,161216.8,2015-11-18
C100482,Aarav Behera,20,Male,Pune,Maharashtra,Business,78211.57,703,Premium Savings,67825.23,2025-09-17
C100483,Ananya Jain,38,Male,Kochi,Kerala,Salaried,35189.5,589,Savings,56254.57,2015-11-13
C100484,Kavya Panda,28,Male,Guwahati,Assam,Self-Employed,27643.09,780,Savings,36161.13,2025-10-01
C100485,Pooja Verma,22,Male,Indore,Madhya Pradesh,Salaried,24992.94,578,Salary,60509.9,2025-06-28
C100486,Neha Nayak,30,Male,Kolkata,West Bengal,Business,100880.24,738,Current,196206.83,2017-07-08
C100487,Aditi Reddy,25,Male,Kochi,Kerala,Student,51069.79,586,Savings,69553.47,2021-05-04
C100488,Ananya Mohanty,53,Male,Ahmedabad,Gujarat,Self-Employed,39557.73,678,Premium Savings,88321.76,2020-08-24
C100489,Nisha Verma,45,Male,Jaipur,Rajasthan,Self-Employed,51146.19,786,Current,50944.17,2021-06-10
C100490,Ananya Nayak,36,Female,Hyderabad,Telangana,Salaried,99651.08,599,Savings,95076.12,2022-01-25
C100491,Neha Das,51,Male,Hyderabad,Telangana,Salaried,84406.13,695,Salary,81055.9,2021-02-23
C100492,Amit Gupta,37,Female,Kolkata,West Bengal,Student,70001.14,746,Savings,53156.67,2023-03-26
C100493,Kavya Kumar,27,Female,Bengaluru,Karnataka,Salaried,78114.1,735,Savings,52186.23,2019-09-09
C100494,Rahul Gupta,51,Female,Pune,Maharashtra,Business,60729.4,710,Salary,77771.57,2021-01-16
C100495,Pooja Sahu,41,Male,Lucknow,Uttar Pradesh,Business,64942.05,737,Premium Savings,75596.07,2023-03-22
C100496,Aarav Kumar,26,Male,Kolkata,West Bengal,Business,62109.38,665,Savings,53064.88,2016-05-11
C100497,Vivaan Dasgupta,34,Male,Delhi,Delhi,Student,54998.15,831,Savings,20624.39,2024-07-03
C100498,Vivaan Kumar,27,Male,Bhubaneswar,Odisha,Self-Employed,83236.74,600,Current,45705.14,2024-11-07
C100499,Isha Kumar,22,Male,Mumbai,Maharashtra,Student,67090.22,781,Premium Savings,131989.6,2020-12-01
C100500,Vivaan Roul,45,Female,Jaipur,Rajasthan,Salaried,33883.9,717,Current,54069.67,2023-12-14
C100501,Aarav Sahu,55,Female,Bengaluru,Karnataka,Self-Employed,73568.29,745,Current,76630.48,2015-07-30
C100502,Riya Mishra,22,Female,Pune,Maharashtra,Business,63011.61,757,Savings,43037.67,2021-10-22
C100503,Arjun Mohanty,42,Male,Ahmedabad,Gujarat,Salaried,76985.0,741,Current,112136.98,2020-04-18
C100504,Sneha Gupta,29,Male,Bengaluru,Karnataka,Business,51936.37,652,Salary,66117.99,2022-05-24
C100505,Aditya Rao,31,Female,Jaipur,Rajasthan,Business,85952.12,686,Savings,22564.24,2020-11-18
C100506,Rohan Sahu,30,Male,Delhi,Delhi,Business,53173.41,611,Savings,118915.97,2020-11-01
C100507,Isha Patel,27,Female,Kolkata,West Bengal,Salaried,81897.38,686,Savings,165726.17,2019-12-12
C100508,Riya Sharma,36,Female,Bengaluru,Karnataka,Business,42788.69,726,Savings,75553.89,2018-07-22
C100509,Isha Kumar,28,Male,Pune,Maharashtra,Salaried,44449.04,744,Savings,57546.73,2018-01-07
C100510,Ananya Mohanty,39,Male,Hyderabad,Telangana,Business,76589.66,730,Savings,131740.07,2017-03-09
C100511,Arjun Singh,35,Male,Chennai,Tamil Nadu,Salaried,45826.28,591,Savings,43163.9,2024-05-17
C100512,Nisha Sharma,34,Male,Kochi,Kerala,Self-Employed,185029.2,668,Salary,279812.58,2021-06-14
C100513,Arjun Mehta,27,Male,Pune,Maharashtra,Salaried,75104.31,662,Savings,131583.63,2018-04-15
C100514,Vivaan Mohanty,30,Male,Kochi,Kerala,Salaried,55759.13,620,Premium Savings,20817.58,2025-03-20
C100515,Aditya Roul,44,Male,Guwahati,Assam,Salaried,86338.76,651,Salary,56450.61,2017-09-26
C100516,Isha Patel,41,Male,Hyderabad,Telangana,Salaried,42222.74,705,Savings,31410.33,2018-09-08
C100517,Neha Mohanty,26,Female,Mumbai,Maharashtra,Self-Employed,91376.77,797,Savings,107714.81,2017-09-22
C100518,Arjun Mishra,37,Male,Bengaluru,Karnataka,Student,89991.26,643,Current,107766.89,2023-12-17
C100519,Vivaan Mohanty,44,Female,Ahmedabad,Gujarat,Salaried,109593.37,632,Savings,116040.85,2023-08-11
C100520,Amit Mehta,19,Female,Indore,Madhya Pradesh,Salaried,43158.87,666,Premium Savings,80435.42,2025-12-17
C100521,Aditya Patel,41,Female,Pune,Maharashtra,Salaried,28073.61,727,Savings,31163.05,2019-01-22
C100522,Ankit Verma,29,Female,Jaipur,Rajasthan,Business,39320.58,785,Savings,72906.58,2017-08-03
C100523,Isha Gupta,42,Male,Kochi,Kerala,Salaried,47107.7,699,Savings,65536.68,2020-02-11
C100524,Kavya Nayak,28,Male,Jaipur,Rajasthan,Salaried,137592.93,611,Current,139596.11,2018-07-13
C100525,Karan Jain,18,Female,Kochi,Kerala,Salaried,183936.36,625,Salary,321072.8,2023-05-23
C100526,Rohan Kumar,20,Female,Indore,Madhya Pradesh,Salaried,66479.75,717,Savings,73241.3,2025-11-26
C100527,Karan Sharma,36,Female,Delhi,Delhi,Salaried,55284.8,770,Current,80339.87,2016-04-17
C100528,Aarav Panda,39,Other,Bengaluru,Karnataka,Salaried,45371.49,823,Savings,88247.12,2022-10-09
C100529,Neha Das,27,Male,Delhi,Delhi,Business,86566.5,628,Current,126920.58,2017-09-14
C100530,Ananya Dasgupta,42,Male,Mumbai,Maharashtra,Self-Employed,183286.95,714,Savings,214938.61,2019-12-28
C100531,Isha Verma,19,Male,Lucknow,Uttar Pradesh,Salaried,146870.49,638,Current,147939.84,2023-03-21
C100532,Pooja Sahu,35,Male,Ahmedabad,Gujarat,Self-Employed,102844.72,647,Current,187657.32,2025-09-27
C100533,Neha Behera,24,Male,Hyderabad,Telangana,Salaried,102018.03,641,Savings,37780.1,2024-11-14
C100534,Sahil Rao,29,Female,Lucknow,Uttar Pradesh,Student,86930.04,683,Current,92649.32,2019-08-07
C100535,Aarav Roul,36,Female,Kochi,Kerala,Salaried,53587.9,648,Current,94146.37,2019-01-22
C100536,Arjun Dasgupta,27,Male,Delhi,Delhi,Business,36680.0,850,Current,500.0,2015-11-23
C100537,Aarav Mehta,32,Female,Jaipur,Rajasthan,Business,54373.96,675,Current,82887.82,2018-12-12
C100538,Karan Roul,46,Female,Kochi,Kerala,Salaried,69381.48,769,Salary,91164.77,2021-04-14
C100539,Aditi Jain,30,Female,Mumbai,Maharashtra,Student,24725.49,662,Current,22076.66,2020-09-02
C100540,Rohan Mohanty,44,Male,Guwahati,Assam,Self-Employed,50562.5,850,Premium Savings,70745.68,2015-11-10
C100541,Sahil Sahu,25,Female,Indore,Madhya Pradesh,Business,34920.37,727,Premium Savings,79086.01,2025-04-04
C100542,Sneha Sahu,41,Female,Mumbai,Maharashtra,Salaried,96057.39,759,Salary,95082.45,2019-01-23
C100543,Rahul Reddy,50,Male,Bengaluru,Karnataka,Salaried,40649.79,667,Salary,79489.5,2022-04-30
C100544,Ananya Panda,18,Male,Chennai,Tamil Nadu,Self-Employed,65881.28,768,Premium Savings,38949.63,2020-06-06
C100545,Aditya Bose,28,Female,Lucknow,Uttar Pradesh,Salaried,37424.37,727,Savings,48816.03,2021-10-14
C100546,Amit Singh,42,Male,Indore,Madhya Pradesh,Self-Employed,132431.8,680,Premium Savings,207214.93,2017-08-01
C100547,Kavya Sharma,34,Male,Pune,Maharashtra,Salaried,21583.24,635,Savings,40496.43,2020-01-13
C100548,Vivaan Patel,40,Male,Lucknow,Uttar Pradesh,Self-Employed,71453.39,690,Savings,131735.27,2023-10-26
C100549,Sahil Jain,30,Female,Mumbai,Maharashtra,Self-Employed,27244.22,684,Premium Savings,25442.2,2019-09-12
C100550,Neha Sahu,37,Female,Lucknow,Uttar Pradesh,Salaried,41562.58,761,Savings,43490.91,2017-07-30
C100551,Arjun Nayak,34,Male,Jaipur,Rajasthan,Self-Employed,61604.56,690,Current,25739.09,2021-05-21
C100552,Priya Panda,48,Male,Mumbai,Maharashtra,Salaried,63293.3,580,Premium Savings,102297.64,2024-04-13
C100553,Aarav Reddy,39,Other,Kochi,Kerala,Salaried,62391.56,747,Savings,78170.85,2024-04-09
C100554,Arjun Patel,39,Female,Guwahati,Assam,Salaried,59787.42,789,Savings,34666.56,2016-05-28
C100555,Pooja Panda,32,Female,Jaipur,Rajasthan,Salaried,38641.19,597,Current,16358.5,2025-05-19
C100556,Kavya Mohanty,31,Male,Mumbai,Maharashtra,Salaried,50254.69,822,Salary,76393.76,2021-01-11
C100557,Arjun Gupta,32,Male,Indore,Madhya Pradesh,Student,55965.3,796,Salary,83477.9,2017-09-30
C100558,Vivaan Sharma,40,Male,Kochi,Kerala,Salaried,61238.83,664,Salary,54288.17,2023-09-16
C100559,Sahil Panda,32,Female,Pune,Maharashtra,Salaried,53048.62,632,Savings,72349.16,2025-03-13
C100560,Amit Dasgupta,39,Male,Kolkata,West Bengal,Salaried,82155.02,773,Savings,112115.22,2019-07-28
C100561,Riya Reddy,57,Male,Pune,Maharashtra,Salaried,57898.76,616,Salary,142652.47,2022-07-24
C100562,Nisha Gupta,45,Male,Bhubaneswar,Odisha,Self-Employed,61440.08,662,Salary,104128.38,2021-07-23
C100563,Nisha Sharma,33,Male,Pune,Maharashtra,Salaried,44561.68,620,Savings,54870.02,2022-06-20
C100564,Priya Mishra,48,Female,Guwahati,Assam,Self-Employed,30830.06,705,Savings,43100.22,2016-07-19
C100565,Aditya Mehta,32,Male,Guwahati,Assam,Salaried,59862.43,800,Savings,47946.41,2021-10-16
C100566,Rohan Patel,18,Female,Mumbai,Maharashtra,Business,106850.27,729,Salary,116015.44,2017-12-02
C100567,Sahil Behera,26,Female,Indore,Madhya Pradesh,Salaried,70207.62,771,Salary,112778.18,2023-12-04
C100568,Aditi Bose,18,Male,Jaipur,Rajasthan,Salaried,35082.82,682,Savings,34296.16,2018-03-21
C100569,Vivaan Panda,32,Female,Guwahati,Assam,Business,86094.04,711,Savings,154022.56,2018-10-31
C100570,Ankit Behera,36,Female,Lucknow,Uttar Pradesh,Salaried,45742.09,625,Savings,51104.43,2018-07-09
C100571,Kavya Jain,53,Female,Kolkata,West Bengal,Business,81482.87,699,Premium Savings,82126.63,2016-04-28
C100572,Aditi Bose,39,Male,Kochi,Kerala,Business,44902.59,657,Premium Savings,53754.13,2015-11-30
C100573,Kavya Mishra,34,Male,Indore,Madhya Pradesh,Salaried,66796.57,695,Current,137100.42,2019-08-01
C100574,Aditya Roul,44,Male,Chennai,Tamil Nadu,Self-Employed,41353.61,690,Savings,25007.84,2019-09-21
C100575,Pooja Panda,18,Female,Guwahati,Assam,Retired,41936.41,685,Savings,39444.69,2020-08-30
C100576,Pooja Kumar,38,Female,Ahmedabad,Gujarat,Business,23240.29,842,Savings,18903.12,2016-08-30
C100577,Neha Jain,44,Female,Bhubaneswar,Odisha,Student,72891.67,820,Premium Savings,69058.89,2021-06-17
C100578,Aditi Dasgupta,21,Male,Kolkata,West Bengal,Salaried,67418.97,797,Savings,87406.92,2020-07-17
C100579,Ankit Kumar,47,Male,Lucknow,Uttar Pradesh,Self-Employed,69538.23,822,Salary,8066.76,2022-02-04
C100580,Neha Jain,39,Female,Chennai,Tamil Nadu,Student,63992.44,797,Savings,27140.61,2024-11-19
C100581,Arjun Singh,32,Male,Guwahati,Assam,Salaried,36165.14,704,Savings,30771.48,2023-08-31
C100582,Karan Rao,42,Female,Guwahati,Assam,Retired,93557.65,697,Salary,125916.83,2017-03-22
C100583,Ankit Patel,59,Male,Mumbai,Maharashtra,Salaried,94951.08,720,Salary,94034.84,2025-02-02
C100584,Kavya Rao,38,Male,Chandigarh,Chandigarh,Student,35651.9,691,Salary,44029.98,2017-01-06
C100585,Nisha Gupta,38,Male,Hyderabad,Telangana,Salaried,73699.9,637,Salary,38665.73,2024-10-29
C100586,Amit Mishra,31,Male,Kolkata,West Bengal,Salaried,88994.84,724,Savings,153504.35,2020-02-03
C100587,Rohan Mehta,28,Male,Jaipur,Rajasthan,Student,42469.2,603,Savings,17738.18,2015-03-05
C100588,Neha Das,44,Male,Pune,Maharashtra,Salaried,46735.94,714,Salary,83943.1,2016-11-14
C100589,Karan Bose,27,Male,Bengaluru,Karnataka,Salaried,73780.58,640,Savings,127744.24,2016-05-09
C100590,Nisha Behera,37,Male,Guwahati,Assam,Salaried,23966.38,700,Savings,23699.57,2019-09-11
C100591,Ankit Panda,31,Male,Delhi,Delhi,Self-Employed,30224.37,717,Premium Savings,15225.62,2017-12-14
C100592,Nisha Kumar,41,Female,Hyderabad,Telangana,Retired,31911.2,682,Salary,33077.58,2023-08-02
C100593,Aditi Mohanty,39,Male,Kochi,Kerala,Salaried,20478.16,598,Salary,38423.06,2021-03-21
C100594,Aarav Reddy,46,Female,Pune,Maharashtra,Salaried,99888.05,628,Savings,83158.98,2022-12-23
C100595,Sahil Das,31,Female,Chandigarh,Chandigarh,Salaried,18427.81,735,Salary,12608.29,2025-06-06
C100596,Neha Singh,33,Female,Lucknow,Uttar Pradesh,Business,66423.04,669,Salary,96976.32,2020-04-08
C100597,Aarav Roul,26,Female,Chennai,Tamil Nadu,Salaried,85949.43,741,Current,148821.72,2023-05-01
C100598,Pooja Patel,32,Male,Bengaluru,Karnataka,Salaried,46798.7,706,Savings,48952.28,2016-02-18
C100599,Isha Mohanty,40,Female,Indore,Madhya Pradesh,Salaried,38081.59,692,Savings,99691.67,2016-06-01
C100600,Riya Das,44,Female,Mumbai,Maharashtra,Self-Employed,62514.38,728,Salary,105267.23,2024-10-01
C100601,Arjun Reddy,27,Female,Lucknow,Uttar Pradesh,Student,55055.48,661,Salary,27644.45,2015-05-20
C100602,Neha Patel,45,Male,Bhubaneswar,Odisha,Self-Employed,95512.86,731,Savings,118523.03,2024-05-08
C100603,Rohan Sharma,50,Male,Kochi,Kerala,Salaried,12957.13,678,Savings,20129.12,2019-11-03
C100604,Sahil Kumar,40,Male,Lucknow,Uttar Pradesh,Self-Employed,33183.21,850,Salary,58678.27,2015-04-09
C100605,Riya Reddy,55,Female,Jaipur,Rajasthan,Business,74903.49,631,Current,172430.91,2022-09-27
C100606,Amit Verma,28,Female,Bhubaneswar,Odisha,Salaried,56547.4,682,Savings,91473.6,2016-11-14
C100607,Aditi Panda,24,Male,Kochi,Kerala,Salaried,83175.43,684,Savings,33617.72,2015-10-27
C100608,Isha Behera,18,Female,Mumbai,Maharashtra,Salaried,63525.68,617,Current,23604.7,2016-06-26
C100609,Isha Panda,51,Female,Hyderabad,Telangana,Business,51071.56,752,Savings,124117.48,2020-10-10
C100610,Pooja Singh,43,Male,Lucknow,Uttar Pradesh,Self-Employed,46575.49,677,Savings,55639.95,2024-09-20
C100611,Arjun Reddy,35,Female,Chennai,Tamil Nadu,Self-Employed,197574.05,550,Current,132966.14,2020-12-08
C100612,Pooja Sharma,39,Female,Ahmedabad,Gujarat,Salaried,127939.01,750,Savings,154371.36,2025-04-20
C100613,Riya Bose,25,Male,Bhubaneswar,Odisha,Salaried,72230.4,664,Salary,36266.35,2019-05-09
C100614,Nisha Nayak,60,Female,Bhubaneswar,Odisha,Retired,57425.49,698,Salary,82009.01,2025-02-20
C100615,Isha Sharma,37,Male,Kolkata,West Bengal,Salaried,73943.85,749,Salary,113382.99,2019-09-26
C100616,Aditya Dasgupta,37,Female,Kochi,Kerala,Student,86668.65,681,Salary,128657.21,2018-12-22
C100617,Sneha Gupta,43,Female,Chennai,Tamil Nadu,Self-Employed,69247.56,681,Savings,22324.66,2016-06-06
C100618,Ankit Dasgupta,41,Female,Lucknow,Uttar Pradesh,Salaried,36382.0,850,Savings,50751.0,2019-07-06
C100619,Rahul Das,38,Male,Chennai,Tamil Nadu,Salaried,146762.28,565,Savings,123020.47,2022-10-25
C100620,Arjun Mohanty,28,Male,Hyderabad,Telangana,Retired,62975.62,621,Salary,49123.6,2021-03-31
C100621,Ananya Bose,41,Male,Mumbai,Maharashtra,Salaried,166499.9,634,Current,77385.74,2017-09-15
C100622,Isha Mishra,55,Female,Delhi,Delhi,Student,60962.83,821,Savings,36740.47,2022-12-26
C100623,Nisha Mohanty,49,Male,Mumbai,Maharashtra,Salaried,48049.12,663,Savings,65668.77,2018-04-16
C100624,Isha Verma,52,Female,Ahmedabad,Gujarat,Self-Employed,117755.48,721,Salary,180522.32,2016-05-02
C100625,Pooja Sharma,31,Male,Kochi,Kerala,Student,64908.98,674,Salary,99959.45,2018-10-11
C100626,Riya Das,26,Male,Delhi,Delhi,Student,59187.81,744,Current,60908.75,2025-01-23
C100627,Vivaan Sharma,35,Male,Hyderabad,Telangana,Self-Employed,28421.13,704,Premium Savings,48762.76,2024-04-01
C100628,Sahil Dasgupta,37,Female,Bhubaneswar,Odisha,Self-Employed,79079.44,721,Salary,138399.5,2025-01-27
C100629,Vivaan Sahu,47,Female,Lucknow,Uttar Pradesh,Salaried,41930.46,789,Savings,63261.7,2018-10-10
C100630,Kavya Mehta,19,Male,Indore,Madhya Pradesh,Salaried,42993.46,734,Savings,35455.87,2021-08-19
C100631,Kavya Reddy,51,Male,Bhubaneswar,Odisha,Salaried,41994.19,657,Savings,58655.33,2021-10-29
C100632,Rohan Roul,34,Female,Chennai,Tamil Nadu,Salaried,70021.46,725,Salary,101921.15,2021-11-30
C100633,Sneha Panda,32,Male,Mumbai,Maharashtra,Salaried,23638.49,850,Savings,5694.73,2016-03-17
C100634,Aditya Nayak,26,Female,Delhi,Delhi,Salaried,48977.85,742,Savings,93146.45,2023-02-06
C100635,Aditi Jain,19,Female,Hyderabad,Telangana,Retired,94300.51,715,Current,168123.34,2015-07-05
C100636,Aditya Reddy,44,Female,Delhi,Delhi,Business,27721.69,616,Premium Savings,45833.17,2015-10-30
C100637,Rohan Bose,37,Female,Bengaluru,Karnataka,Salaried,60486.28,752,Salary,92817.99,2023-04-14
C100638,Kavya Panda,23,Female,Ahmedabad,Gujarat,Retired,38863.81,762,Current,48269.55,2025-04-29
C100639,Sahil Das,23,Female,Chennai,Tamil Nadu,Salaried,44048.97,725,Current,69516.09,2018-12-24
C100640,Aditi Sahu,33,Female,Indore,Madhya Pradesh,Salaried,136683.35,712,Salary,74853.36,2025-08-26
C100641,Riya Bose,53,Female,Ahmedabad,Gujarat,Self-Employed,22188.28,850,Salary,42910.64,2020-01-13
C100642,Rahul Mohanty,33,Male,Lucknow,Uttar Pradesh,Salaried,83799.74,761,Salary,104477.25,2025-03-19
C100643,Sneha Panda,21,Male,Mumbai,Maharashtra,Business,42286.7,786,Salary,43605.64,2019-08-02
C100644,Kavya Patel,34,Male,Chandigarh,Chandigarh,Salaried,41145.64,709,Salary,79379.0,2022-01-27
C100645,Sahil Patel,33,Female,Bhubaneswar,Odisha,Salaried,29843.7,696,Savings,29075.19,2020-01-17
C100646,Nisha Verma,18,Male,Chandigarh,Chandigarh,Salaried,83260.81,746,Savings,90716.37,2023-04-22
C100647,Amit Kumar,35,Male,Ahmedabad,Gujarat,Student,49504.36,696,Savings,43948.5,2024-05-12
C100648,Sahil Reddy,34,Male,Bhubaneswar,Odisha,Business,46183.15,702,Current,13897.55,2019-11-20
C100649,Nisha Sahu,43,Male,Kolkata,West Bengal,Self-Employed,58424.98,735,Savings,59114.88,2018-03-30
C100650,Arjun Verma,54,Female,Delhi,Delhi,Self-Employed,50082.68,672,Savings,53760.67,2023-07-01
C100651,Neha Patel,47,Female,Bengaluru,Karnataka,Salaried,18300.98,719,Savings,12008.71,2020-05-08
C100652,Kavya Dasgupta,33,Female,Indore,Madhya Pradesh,Self-Employed,41987.83,710,Premium Savings,50274.62,2022-11-07
C100653,Amit Das,25,Male,Bhubaneswar,Odisha,Salaried,90001.44,768,Savings,77068.25,2016-07-05
C100654,Kavya Nayak,62,Female,Guwahati,Assam,Salaried,24015.37,665,Savings,36773.28,2023-03-24
C100655,Riya Dasgupta,37,Male,Kolkata,West Bengal,Business,30200.77,575,Savings,77310.82,2017-01-21
C100656,Amit Mehta,36,Female,Mumbai,Maharashtra,Salaried,43492.91,685,Savings,75814.46,2023-02-12
C100657,Sneha Verma,36,Male,Jaipur,Rajasthan,Salaried,36901.06,731,Premium Savings,18967.63,2023-08-04
C100658,Arjun Mohanty,38,Male,Bengaluru,Karnataka,Business,54162.9,768,Premium Savings,88962.05,2021-08-11
C100659,Nisha Jain,35,Male,Delhi,Delhi,Business,30148.67,660,Current,29930.38,2025-04-11
C100660,Rohan Nayak,30,Male,Ahmedabad,Gujarat,Self-Employed,44434.37,740,Current,104110.24,2024-03-13
C100661,Vivaan Behera,31,Female,Chennai,Tamil Nadu,Salaried,53567.16,779,Salary,84251.85,2025-07-03
C100662,Neha Nayak,36,Male,Indore,Madhya Pradesh,Salaried,78590.47,754,Savings,64419.04,2020-09-17
C100663,Aditi Jain,31,Male,Mumbai,Maharashtra,Business,109067.54,654,Savings,78710.87,2015-12-10
C100664,Sneha Dasgupta,29,Male,Kochi,Kerala,Business,47630.93,661,Current,84662.9,2016-09-15
C100665,Amit Gupta,37,Female,Jaipur,Rajasthan,Self-Employed,155363.31,733,Salary,116516.07,2025-01-16
C100666,Aditi Sahu,33,Male,Kochi,Kerala,Retired,49708.98,811,Salary,65197.06,2015-02-01
C100667,Aarav Gupta,51,Female,Hyderabad,Telangana,Retired,86765.97,706,Savings,139398.34,2021-08-28
C100668,Pooja Bose,18,Female,Bhubaneswar,Odisha,Salaried,159120.61,694,Salary,126964.96,2021-08-26
C100669,Ankit Singh,47,Male,Kolkata,West Bengal,Business,59379.72,616,Current,74615.44,2019-02-24
C100670,Aditya Mohanty,48,Male,Kolkata,West Bengal,Self-Employed,25839.22,681,Salary,60244.38,2022-07-23
C100671,Aarav Singh,18,Male,Guwahati,Assam,Self-Employed,57819.74,659,Savings,43578.1,2022-04-13
C100672,Riya Mehta,33,Female,Indore,Madhya Pradesh,Salaried,39288.41,707,Savings,56423.33,2020-02-01
C100673,Arjun Jain,32,Male,Chennai,Tamil Nadu,Self-Employed,47294.57,607,Savings,101408.6,2019-04-03
C100674,Rahul Das,22,Male,Jaipur,Rajasthan,Student,163869.51,684,Premium Savings,93838.77,2018-08-05
C100675,Ananya Panda,28,Female,Jaipur,Rajasthan,Business,28073.14,639,Savings,8485.08,2019-12-02
C100676,Amit Sahu,25,Female,Kochi,Kerala,Business,64883.28,766,Current,124982.54,2016-12-24
C100677,Sahil Dasgupta,54,Male,Indore,Madhya Pradesh,Salaried,33939.74,649,Savings,25236.37,2020-09-14
C100678,Riya Singh,45,Female,Hyderabad,Telangana,Salaried,46438.15,668,Savings,35292.74,2023-02-07
C100679,Aarav Bose,49,Male,Hyderabad,Telangana,Salaried,82847.08,723,Savings,46964.17,2021-08-05
C100680,Nisha Mishra,43,Male,Jaipur,Rajasthan,Salaried,65517.9,676,Savings,121567.64,2018-02-18
C100681,Sahil Dasgupta,25,Male,Delhi,Delhi,Self-Employed,48597.18,850,Savings,83771.7,2025-08-05
C100682,Sneha Dasgupta,31,Female,Delhi,Delhi,Salaried,38472.47,765,Savings,50313.9,2023-09-02
C100683,Isha Mishra,41,Male,Mumbai,Maharashtra,Self-Employed,65442.78,706,Savings,97762.56,2016-02-01
C100684,Aditi Patel,24,Female,Bengaluru,Karnataka,Salaried,140690.28,729,Savings,85038.51,2017-08-09
C100685,Neha Singh,43,Female,Kolkata,West Bengal,Salaried,33501.48,552,Salary,92833.24,2018-05-02
C100686,Sahil Jain,34,Male,Ahmedabad,Gujarat,Salaried,157393.39,785,Savings,234199.07,2020-07-13
C100687,Kavya Singh,32,Female,Chennai,Tamil Nadu,Student,106384.17,738,Savings,71590.32,2018-10-29
C100688,Isha Mohanty,43,Male,Hyderabad,Telangana,Salaried,116801.69,700,Current,195818.89,2015-07-17
C100689,Aditi Panda,40,Other,Lucknow,Uttar Pradesh,Salaried,65168.16,742,Savings,118910.84,2021-04-29
C100690,Aditya Sahu,32,Female,Lucknow,Uttar Pradesh,Business,104737.22,750,Salary,154551.29,2020-10-21
C100691,Aarav Behera,48,Male,Kolkata,West Bengal,Retired,31578.48,678,Savings,61650.17,2025-01-23
C100692,Aditya Reddy,25,Male,Lucknow,Uttar Pradesh,Business,38088.37,730,Premium Savings,43430.13,2020-11-21
C100693,Ankit Reddy,42,Male,Chandigarh,Chandigarh,Salaried,83808.19,773,Savings,147011.43,2021-07-02
C100694,Karan Kumar,42,Male,Kochi,Kerala,Salaried,64718.56,735,Savings,29344.75,2020-09-12
C100695,Nisha Mishra,33,Male,Jaipur,Rajasthan,Retired,50689.79,689,Current,60525.59,2024-06-19
C100696,Ananya Behera,39,Male,Jaipur,Rajasthan,Business,13886.24,724,Savings,47492.67,2025-05-29
C100697,Rohan Roul,23,Female,Indore,Madhya Pradesh,Self-Employed,43285.71,795,Current,60824.4,2019-10-14
C100698,Neha Kumar,45,Male,Kolkata,West Bengal,Salaried,28835.39,756,Savings,56195.96,2018-03-14
C100699,Amit Roul,34,Female,Ahmedabad,Gujarat,Salaried,72152.15,629,Savings,54504.62,2018-08-15
C100700,Kavya Sahu,31,Female,Jaipur,Rajasthan,Salaried,49510.78,743,Salary,48081.04,2019-04-23
C100701,Aarav Mehta,46,Male,Chandigarh,Chandigarh,Self-Employed,38930.11,735,Savings,30164.36,2018-07-28
C100702,Rohan Mishra,29,Female,Guwahati,Assam,Salaried,235317.1,781,Savings,84994.53,2023-06-29
C100703,Vivaan Gupta,22,Male,Mumbai,Maharashtra,Retired,97351.6,707,Savings,136943.2,2016-12-31
C100704,Priya Dasgupta,20,Male,Delhi,Delhi,Salaried,98303.82,681,Current,107533.61,2025-09-10
C100705,Isha Kumar,42,Female,Chennai,Tamil Nadu,Business,184666.5,616,Savings,151619.07,2016-08-09
C100706,Sneha Mehta,23,Male,Kochi,Kerala,Salaried,85501.91,660,Current,92098.45,2015-06-21
C100707,Aarav Das,54,Female,Ahmedabad,Gujarat,Self-Employed,35992.42,784,Savings,72831.98,2024-02-17
C100708,Ananya Gupta,18,Female,Chennai,Tamil Nadu,Salaried,33750.33,718,Premium Savings,50863.75,2025-08-06
C100709,Ankit Rao,53,Female,Mumbai,Maharashtra,Business,93506.38,699,Salary,35047.78,2023-03-29
C100710,Rahul Gupta,38,Female,Lucknow,Uttar Pradesh,Self-Employed,17719.9,789,Savings,18192.5,2024-11-23
C100711,Arjun Behera,35,Female,Lucknow,Uttar Pradesh,Salaried,52696.78,776,Savings,90137.6,2023-03-14
C100712,Arjun Sahu,31,Male,Indore,Madhya Pradesh,Student,16663.4,657,Salary,46178.77,2017-05-12
C100713,Priya Patel,40,Male,Bhubaneswar,Odisha,Self-Employed,58072.78,783,Current,129641.92,2019-10-30
C100714,Karan Nayak,36,Female,Bhubaneswar,Odisha,Student,87976.68,597,Savings,105804.63,2020-10-27
C100715,Sahil Sharma,47,Male,Mumbai,Maharashtra,Student,64136.38,735,Savings,104077.89,2018-02-13
C100716,Nisha Sahu,37,Male,Bengaluru,Karnataka,Student,92138.54,727,Savings,171105.21,2021-06-13
C100717,Sneha Reddy,38,Male,Kolkata,West Bengal,Salaried,162063.46,780,Savings,228911.53,2024-11-11
C100718,Kavya Rao,32,Female,Chennai,Tamil Nadu,Salaried,50824.93,730,Salary,41526.04,2021-11-25
C100719,Aditya Bose,35,Male,Hyderabad,Telangana,Retired,257634.29,689,Current,138668.85,2018-07-11
C100720,Rahul Gupta,39,Female,Mumbai,Maharashtra,Self-Employed,61824.62,694,Savings,120429.37,2016-02-12
C100721,Aditi Dasgupta,19,Male,Indore,Madhya Pradesh,Salaried,92700.51,850,Current,60441.96,2018-11-23
C100722,Nisha Dasgupta,23,Male,Guwahati,Assam,Business,39300.95,710,Savings,30427.72,2018-03-12
C100723,Vivaan Dasgupta,43,Male,Ahmedabad,Gujarat,Salaried,134015.55,744,Savings,246719.03,2016-11-09
C100724,Riya Sharma,38,Male,Indore,Madhya Pradesh,Business,97541.1,574,Salary,115619.57,2016-04-30
C100725,Sneha Mohanty,34,Female,Indore,Madhya Pradesh,Business,123548.2,651,Salary,118809.06,2018-03-25
C100726,Riya Singh,36,Male,Lucknow,Uttar Pradesh,Business,56673.72,739,Current,153747.52,2018-01-26
C100727,Arjun Gupta,39,Male,Chennai,Tamil Nadu,Salaried,27573.45,600,Salary,37679.52,2020-06-16
C100728,Aditya Mohanty,31,Female,Bengaluru,Karnataka,Salaried,70849.07,741,Savings,104585.38,2019-12-03
C100729,Sahil Sahu,28,Male,Kochi,Kerala,Salaried,21627.64,658,Savings,44614.06,2017-07-05
C100730,Isha Kumar,38,Male,Bhubaneswar,Odisha,Self-Employed,45715.21,638,Current,77280.14,2024-12-05
C100731,Amit Mehta,26,Male,Jaipur,Rajasthan,Salaried,61094.84,658,Savings,113783.32,2016-11-24
C100732,Aditi Das,40,Other,Chandigarh,Chandigarh,Salaried,203325.18,804,Salary,290577.81,2018-03-27
C100733,Sneha Jain,19,Female,Delhi,Delhi,Self-Employed,65531.76,727,Savings,55956.89,2025-07-13
C100734,Sahil Dasgupta,46,Male,Ahmedabad,Gujarat,Self-Employed,59387.2,646,Current,90257.58,2025-04-16
C100735,Neha Behera,41,Male,Jaipur,Rajasthan,Business,53125.94,755,Current,73266.48,2017-11-28
C100736,Riya Behera,39,Male,Bhubaneswar,Odisha,Self-Employed,26289.86,759,Salary,60754.06,2021-10-18
C100737,Amit Panda,46,Male,Mumbai,Maharashtra,Salaried,57658.48,680,Salary,86570.36,2023-06-14
C100738,Sneha Behera,53,Female,Pune,Maharashtra,Business,58201.94,767,Savings,22041.85,2016-03-10
C100739,Riya Mohanty,46,Female,Chennai,Tamil Nadu,Business,32284.86,770,Savings,41647.67,2025-05-14
C100740,Ankit Bose,18,Male,Lucknow,Uttar Pradesh,Salaried,28634.81,760,Salary,46489.08,2017-08-06
C100741,Sneha Panda,23,Female,Guwahati,Assam,Self-Employed,42202.07,661,Savings,60613.8,2022-06-22
C100742,Ankit Reddy,30,Male,Chennai,Tamil Nadu,Salaried,56999.72,628,Savings,58475.71,2018-02-15
C100743,Priya Mehta,36,Male,Lucknow,Uttar Pradesh,Salaried,42763.22,595,Savings,30186.25,2016-07-31
C100744,Nisha Gupta,41,Male,Chennai,Tamil Nadu,Student,30856.63,662,Current,14380.18,2016-01-29
C100745,Priya Patel,29,Male,Indore,Madhya Pradesh,Student,64485.02,681,Savings,43284.86,2017-04-27
C100746,Arjun Kumar,38,Female,Guwahati,Assam,Self-Employed,73973.72,686,Salary,25481.31,2021-03-11
C100747,Aditi Singh,28,Male,Ahmedabad,Gujarat,Business,58794.42,702,Savings,140137.2,2024-05-28
C100748,Aditi Das,30,Male,Kolkata,West Bengal,Student,40354.09,818,Savings,50314.03,2020-09-14
C100749,Vivaan Rao,22,Female,Chennai,Tamil Nadu,Retired,76286.48,683,Savings,141397.7,2023-06-19
C100750,Ananya Mishra,27,Female,Chennai,Tamil Nadu,Self-Employed,49527.98,702,Current,111733.96,2016-11-22
C100751,Sneha Patel,22,Female,Indore,Madhya Pradesh,Self-Employed,28598.01,587,Premium Savings,50477.36,2015-04-23
C100752,Ananya Kumar,26,Female,Kolkata,West Bengal,Salaried,97248.31,850,Savings,108042.49,2021-09-17
C100753,Aditya Rao,47,Male,Bhubaneswar,Odisha,Salaried,66803.98,619,Savings,107813.73,2025-02-13
C100754,Aditya Sahu,27,Female,Indore,Madhya Pradesh,Salaried,51507.3,659,Savings,56804.65,2015-06-12
C100755,Vivaan Mishra,62,Female,Jaipur,Rajasthan,Business,23179.18,750,Salary,18966.8,2025-10-06
C100756,Aditi Dasgupta,41,Female,Ahmedabad,Gujarat,Business,36512.7,721,Premium Savings,74953.48,2024-12-27
C100757,Riya Jain,38,Female,Kolkata,West Bengal,Student,166924.95,812,Savings,61256.41,2021-01-20
C100758,Karan Sahu,27,Male,Delhi,Delhi,Salaried,23992.59,752,Salary,52577.97,2021-01-12
C100759,Priya Mishra,43,Female,Pune,Maharashtra,Self-Employed,47898.83,700,Savings,41351.26,2023-12-17
C100760,Neha Singh,30,Male,Kochi,Kerala,Salaried,54508.06,773,Savings,41111.23,2017-03-10
C100761,Arjun Bose,37,Male,Jaipur,Rajasthan,Salaried,65601.29,780,Savings,80088.31,2015-01-28
C100762,Nisha Gupta,62,Male,Kochi,Kerala,Student,24140.46,662,Premium Savings,35641.65,2020-06-23
C100763,Priya Verma,35,Female,Hyderabad,Telangana,Self-Employed,60529.46,768,Salary,71584.69,2024-05-02
C100764,Aditi Patel,47,Male,Ahmedabad,Gujarat,Business,21757.86,691,Savings,33501.44,2024-03-22
C100765,Sneha Rao,29,Female,Chandigarh,Chandigarh,Salaried,58027.62,698,Premium Savings,67893.89,2015-04-16
C100766,Aarav Patel,36,Male,Kolkata,West Bengal,Salaried,38417.55,714,Savings,500.0,2019-02-22
C100767,Aarav Behera,54,Female,Lucknow,Uttar Pradesh,Business,34161.7,680,Savings,33633.94,2017-04-12
C100768,Nisha Nayak,30,Male,Mumbai,Maharashtra,Salaried,87050.0,677,Current,141239.81,2018-02-28
C100769,Rahul Nayak,54,Female,Indore,Madhya Pradesh,Salaried,48315.37,769,Premium Savings,38862.58,2025-07-24
C100770,Isha Panda,43,Female,Jaipur,Rajasthan,Salaried,71369.75,606,Savings,31799.97,2025-08-18
C100771,Sahil Das,30,Male,Hyderabad,Telangana,Self-Employed,72681.58,636,Salary,66362.47,2021-05-28
C100772,Vivaan Nayak,42,Male,Delhi,Delhi,Retired,110587.56,749,Salary,74902.7,2019-10-13
C100773,Sneha Jain,46,Female,Ahmedabad,Gujarat,Business,28298.01,700,Savings,42204.06,2023-03-18
C100774,Sahil Dasgupta,42,Female,Ahmedabad,Gujarat,Retired,91176.01,769,Savings,64161.84,2019-12-28
C100775,Aditi Sahu,20,Female,Mumbai,Maharashtra,Student,55500.23,728,Savings,76345.5,2020-11-03
C100776,Neha Rao,29,Male,Indore,Madhya Pradesh,Student,44672.79,618,Salary,68517.84,2016-05-31
C100777,Neha Patel,34,Female,Chandigarh,Chandigarh,Self-Employed,29231.46,709,Current,66536.21,2024-04-26
C100778,Priya Sahu,35,Male,Kolkata,West Bengal,Self-Employed,76781.07,740,Savings,108978.32,2020-02-02
C100779,Sahil Das,42,Female,Mumbai,Maharashtra,Salaried,33119.08,720,Savings,72078.95,2018-04-23
C100780,Aarav Nayak,38,Female,Guwahati,Assam,Business,73121.82,675,Savings,42350.57,2025-04-18
C100781,Priya Sahu,23,Male,Bhubaneswar,Odisha,Salaried,158799.14,687,Salary,69527.63,2016-03-24
C100782,Ananya Rao,40,Female,Lucknow,Uttar Pradesh,Salaried,94284.85,669,Salary,73602.3,2023-01-12
C100783,Pooja Mehta,42,Female,Bhubaneswar,Odisha,Retired,118228.84,619,Savings,160050.89,2022-12-03
C100784,Riya Sharma,42,Female,Chennai,Tamil Nadu,Salaried,37035.64,610,Savings,54929.14,2025-04-22
C100785,Nisha Mohanty,47,Male,Guwahati,Assam,Retired,83666.31,730,Savings,76366.12,2024-06-22
C100786,Ankit Mehta,44,Male,Indore,Madhya Pradesh,Business,29312.53,648,Salary,500.0,2016-05-06
C100787,Amit Roul,41,Female,Hyderabad,Telangana,Salaried,48371.83,742,Current,68232.91,2019-12-26
C100788,Isha Behera,35,Male,Ahmedabad,Gujarat,Business,143313.25,666,Salary,111540.41,2024-12-19
C100789,Aarav Sahu,19,Male,Pune,Maharashtra,Business,39370.62,620,Savings,79026.19,2019-11-06
C100790,Rahul Mishra,40,Other,Chandigarh,Chandigarh,Salaried,101349.92,678,Savings,124662.75,2020-07-13
C100791,Ananya Gupta,38,Male,Bhubaneswar,Odisha,Business,96152.83,841,Salary,52261.55,2017-12-13
C100792,Sneha Jain,39,Female,Chandigarh,Chandigarh,Business,99329.33,699,Salary,144137.91,2015-12-22
C100793,Rahul Das,23,Male,Guwahati,Assam,Salaried,27398.33,747,Salary,38682.65,2024-09-11
C100794,Neha Mehta,25,Male,Chennai,Tamil Nadu,Salaried,73419.8,716,Savings,42506.69,2016-07-14
C100795,Ankit Patel,47,Female,Kochi,Kerala,Salaried,50461.16,614,Savings,95408.95,2018-02-14
C100796,Arjun Jain,36,Female,Kolkata,West Bengal,Salaried,100083.66,799,Savings,56781.34,2023-03-16
C100797,Priya Behera,43,Female,Indore,Madhya Pradesh,Salaried,22133.29,689,Current,52897.32,2022-07-02
C100798,Aditi Verma,36,Female,Bhubaneswar,Odisha,Business,67330.72,620,Savings,70994.53,2016-04-22
C100799,Amit Patel,36,Female,Guwahati,Assam,Salaried,62292.41,672,Savings,34707.72,2025-11-10
C100800,Aarav Sahu,45,Male,Chennai,Tamil Nadu,Student,18407.7,692,Current,30764.79,2018-12-19
C100801,Rohan Das,31,Male,Chennai,Tamil Nadu,Salaried,33796.32,754,Current,38059.87,2024-01-05
C100802,Arjun Das,37,Male,Ahmedabad,Gujarat,Salaried,20100.6,661,Savings,13899.56,2015-11-20
C100803,Rahul Nayak,31,Female,Indore,Madhya Pradesh,Self-Employed,36886.21,850,Premium Savings,21676.44,2023-05-07
C100804,Rohan Mohanty,32,Male,Bhubaneswar,Odisha,Student,74396.03,644,Current,134735.58,2023-11-24
C100805,Neha Rao,33,Male,Delhi,Delhi,Self-Employed,61239.0,745,Savings,38060.76,2017-06-30
C100806,Kavya Nayak,38,Male,Ahmedabad,Gujarat,Salaried,60370.66,577,Premium Savings,77108.54,2023-02-27
C100807,Sneha Singh,31,Male,Pune,Maharashtra,Student,31046.05,697,Savings,47225.67,2015-11-01
C100808,Priya Behera,49,Male,Ahmedabad,Gujarat,Salaried,101858.13,729,Current,43123.65,2018-09-01
C100809,Aditya Jain,27,Female,Ahmedabad,Gujarat,Salaried,54433.64,632,Salary,44961.01,2016-10-03
C100810,Aarav Kumar,34,Male,Kolkata,West Bengal,Salaried,56029.05,802,Savings,78701.83,2020-09-07
C100811,Aditya Das,32,Female,Chennai,Tamil Nadu,Business,92254.67,733,Salary,38094.79,2018-10-05
C100812,Sahil Kumar,50,Female,Delhi,Delhi,Salaried,31883.64,684,Salary,29844.34,2018-02-04
C100813,Aditya Verma,38,Male,Lucknow,Uttar Pradesh,Self-Employed,62366.89,733,Savings,12789.91,2020-02-01
C100814,Isha Gupta,46,Female,Ahmedabad,Gujarat,Self-Employed,69424.34,666,Savings,76943.29,2022-01-27
C100815,Riya Bose,21,Male,Hyderabad,Telangana,Student,40742.46,786,Savings,105940.29,2023-04-01
C100816,Sneha Patel,39,Female,Kochi,Kerala,Salaried,78739.0,771,Savings,97735.92,2020-10-01
C100817,Aarav Dasgupta,45,Other,Bengaluru,Karnataka,Salaried,71503.82,729,Savings,90241.7,2022-07-15
C100818,Aarav Kumar,37,Female,Kochi,Kerala,Salaried,52023.0,745,Savings,39561.91,2023-09-18
C100819,Kavya Panda,47,Female,Lucknow,Uttar Pradesh,Salaried,51144.26,609,Salary,74064.7,2015-10-31
C100820,Isha Jain,31,Male,Guwahati,Assam,Business,73353.07,800,Current,105245.77,2022-12-05
C100821,Kavya Rao,50,Male,Pune,Maharashtra,Self-Employed,84859.1,699,Savings,3228.85,2022-09-18
C100822,Riya Singh,59,Female,Jaipur,Rajasthan,Business,56936.02,772,Premium Savings,27037.15,2018-07-13
C100823,Karan Reddy,32,Male,Guwahati,Assam,Business,101843.51,754,Salary,79408.57,2025-01-02
C100824,Rohan Panda,32,Male,Indore,Madhya Pradesh,Student,79005.89,771,Savings,105700.57,2025-05-15
C100825,Aditi Verma,51,Male,Bhubaneswar,Odisha,Salaried,20566.8,637,Salary,27345.29,2015-06-07
C100826,Pooja Sharma,52,Female,Bengaluru,Karnataka,Retired,25397.23,645,Current,40104.49,2019-11-11
C100827,Sahil Mohanty,31,Male,Bhubaneswar,Odisha,Salaried,105378.91,850,Current,163089.26,2016-02-16
C100828,Rahul Sahu,32,Female,Ahmedabad,Gujarat,Business,48019.54,606,Savings,51294.51,2025-06-15
C100829,Sahil Das,33,Male,Chandigarh,Chandigarh,Self-Employed,60197.44,634,Savings,105335.38,2022-11-28
C100830,Neha Reddy,23,Male,Chandigarh,Chandigarh,Business,102919.07,708,Savings,186372.0,2023-11-28
C100831,Rahul Kumar,27,Female,Kolkata,West Bengal,Salaried,54806.4,708,Savings,74553.02,2020-11-05
C100832,Rohan Patel,26,Male,Bhubaneswar,Odisha,Business,56138.98,670,Savings,66548.25,2018-07-24
C100833,Karan Bose,28,Female,Kolkata,West Bengal,Student,34108.0,745,Savings,2921.85,2017-02-18
C100834,Sahil Mishra,36,Male,Lucknow,Uttar Pradesh,Business,67412.48,764,Savings,31409.05,2024-06-08
C100835,Kavya Mehta,38,Male,Kolkata,West Bengal,Business,75937.82,704,Salary,164813.12,2021-04-05
C100836,Amit Sahu,52,Male,Jaipur,Rajasthan,Salaried,40024.76,688,Current,59706.3,2022-05-31
C100837,Ananya Panda,26,Female,Delhi,Delhi,Salaried,33122.79,704,Savings,40592.66,2024-05-23
C100838,Sneha Dasgupta,46,Female,Bhubaneswar,Odisha,Retired,233175.71,673,Premium Savings,198129.44,2024-11-03
C100839,Vivaan Mohanty,34,Female,Indore,Madhya Pradesh,Business,52260.12,595,Premium Savings,51585.6,2022-01-08
C100840,Riya Verma,36,Male,Pune,Maharashtra,Self-Employed,37761.97,725,Savings,30170.48,2015-05-26
C100841,Rohan Verma,43,Female,Lucknow,Uttar Pradesh,Salaried,81122.12,755,Current,95192.09,2025-08-23
C100842,Sahil Bose,25,Male,Jaipur,Rajasthan,Salaried,53484.74,695,Salary,101386.31,2022-02-11
C100843,Rohan Nayak,40,Female,Guwahati,Assam,Salaried,30270.14,558,Savings,44254.92,2022-01-13
C100844,Rahul Kumar,38,Female,Guwahati,Assam,Self-Employed,71737.43,668,Savings,100217.23,2015-02-02
C100845,Riya Mishra,41,Female,Guwahati,Assam,Salaried,34402.07,764,Savings,62931.92,2017-10-04
C100846,Isha Mehta,39,Male,Pune,Maharashtra,Salaried,130893.64,612,Savings,224681.24,2016-07-14
C100847,Sahil Verma,61,Female,Chennai,Tamil Nadu,Self-Employed,72190.66,750,Premium Savings,89031.15,2021-07-29
C100848,Sahil Patel,30,Male,Lucknow,Uttar Pradesh,Self-Employed,47230.93,676,Salary,48390.36,2019-03-21
C100849,Vivaan Sahu,31,Female,Kochi,Kerala,Salaried,58409.24,704,Savings,108515.54,2024-10-12
C100850,Sahil Nayak,30,Male,Chandigarh,Chandigarh,Self-Employed,90390.72,660,Salary,83137.31,2025-07-30
C100851,Ananya Nayak,30,Male,Bengaluru,Karnataka,Student,60923.07,631,Savings,35804.22,2017-06-20
C100852,Pooja Mehta,30,Male,Mumbai,Maharashtra,Salaried,176707.07,798,Savings,217729.53,2022-07-21
C100853,Rahul Roul,48,Male,Jaipur,Rajasthan,Student,102725.49,758,Savings,177281.39,2017-03-12
C100854,Aditya Kumar,50,Male,Chandigarh,Chandigarh,Student,71917.33,747,Savings,78395.54,2017-12-22
C100855,Rahul Roul,30,Female,Indore,Madhya Pradesh,Salaried,32851.29,764,Savings,25815.01,2020-04-09
C100856,Rahul Mohanty,28,Female,Kochi,Kerala,Salaried,50731.38,738,Salary,45637.52,2016-09-12
C100857,Ankit Dasgupta,41,Female,Kolkata,West Bengal,Salaried,71572.75,766,Savings,99625.98,2020-06-07
C100858,Aditi Rao,30,Female,Mumbai,Maharashtra,Self-Employed,34979.4,662,Salary,16435.07,2024-02-16
C100859,Aditi Reddy,42,Male,Jaipur,Rajasthan,Salaried,112024.54,795,Savings,113997.49,2017-02-05
C100860,Pooja Mohanty,38,Female,Chandigarh,Chandigarh,Salaried,32186.49,789,Current,33532.95,2023-03-24
C100861,Sneha Roul,21,Male,Kolkata,West Bengal,Self-Employed,38739.47,730,Salary,57694.61,2020-07-27
C100862,Amit Nayak,51,Female,Lucknow,Uttar Pradesh,Salaried,40369.26,686,Savings,62253.52,2018-03-03
C100863,Rohan Rao,54,Male,Chandigarh,Chandigarh,Retired,82800.71,625,Current,110810.05,2016-06-23
C100864,Rohan Sharma,30,Male,Bengaluru,Karnataka,Salaried,35325.96,720,Savings,63492.2,2017-03-24
C100865,Karan Dasgupta,32,Male,Kochi,Kerala,Student,20436.98,815,Savings,28208.88,2022-02-13
C100866,Riya Jain,39,Male,Chennai,Tamil Nadu,Salaried,100058.45,630,Savings,92553.15,2024-10-27
C100867,Rohan Reddy,39,Male,Pune,Maharashtra,Salaried,43074.05,771,Current,104758.5,2015-12-30
C100868,Kavya Verma,43,Male,Delhi,Delhi,Salaried,30558.84,674,Savings,7525.27,2025-08-30
C100869,Aarav Dasgupta,56,Female,Bhubaneswar,Odisha,Retired,36312.46,680,Savings,42359.73,2020-10-15
C100870,Vivaan Reddy,34,Female,Ahmedabad,Gujarat,Salaried,141394.34,629,Salary,53531.98,2024-08-11
C100871,Aditi Jain,28,Male,Kochi,Kerala,Self-Employed,38319.51,656,Premium Savings,80829.34,2023-02-10
C100872,Amit Patel,22,Male,Delhi,Delhi,Student,51391.91,747,Savings,83551.65,2023-05-28
C100873,Sahil Mehta,29,Female,Mumbai,Maharashtra,Business,43014.11,755,Salary,59827.29,2017-05-27
C100874,Karan Patel,36,Male,Chandigarh,Chandigarh,Salaried,27920.71,720,Premium Savings,18700.55,2015-01-14
C100875,Sneha Behera,54,Female,Jaipur,Rajasthan,Retired,36555.73,672,Savings,51397.34,2019-11-14
C100876,Amit Mehta,31,Male,Hyderabad,Telangana,Student,26889.17,633,Current,10839.08,2015-10-03
C100877,Riya Bose,38,Female,Chandigarh,Chandigarh,Salaried,93043.57,709,Savings,166114.56,2020-07-02
C100878,Rahul Gupta,36,Female,Delhi,Delhi,Self-Employed,58137.84,681,Salary,45661.66,2021-04-03
C100879,Aditi Mishra,48,Female,Kolkata,West Bengal,Retired,215466.61,719,Savings,114627.8,2021-11-08
C100880,Priya Mishra,61,Female,Hyderabad,Telangana,Retired,37241.82,684,Savings,68675.75,2017-05-04
C100881,Ankit Sharma,31,Male,Hyderabad,Telangana,Salaried,34293.64,686,Current,41923.17,2022-12-18
C100882,Vivaan Kumar,31,Male,Bengaluru,Karnataka,Student,127855.54,715,Salary,121645.62,2016-12-30
C100883,Isha Reddy,46,Female,Guwahati,Assam,Salaried,98417.69,728,Savings,86464.53,2015-06-08
C100884,Sneha Mohanty,43,Female,Chandigarh,Chandigarh,Salaried,67962.35,785,Current,112947.87,2019-09-09
C100885,Kavya Bose,54,Male,Lucknow,Uttar Pradesh,Salaried,29808.78,683,Premium Savings,47163.88,2022-09-18
C100886,Ankit Bose,42,Female,Delhi,Delhi,Salaried,143607.1,740,Salary,125108.92,2017-12-13
C100887,Aditya Sahu,32,Male,Kolkata,West Bengal,Self-Employed,52861.56,822,Salary,42225.33,2021-11-17
C100888,Ananya Das,42,Male,Pune,Maharashtra,Self-Employed,43400.11,742,Premium Savings,35016.25,2019-04-07
C100889,Sahil Gupta,47,Female,Ahmedabad,Gujarat,Salaried,103126.98,781,Salary,167517.11,2022-01-28
C100890,Sahil Verma,44,Male,Jaipur,Rajasthan,Salaried,54329.69,665,Salary,83611.01,2021-07-19
C100891,Sahil Gupta,41,Female,Kolkata,West Bengal,Salaried,28968.66,658,Salary,56006.23,2017-08-19
C100892,Neha Patel,47,Male,Hyderabad,Telangana,Retired,56232.77,695,Salary,66125.35,2022-02-25
C100893,Riya Roul,48,Male,Guwahati,Assam,Student,35787.24,702,Savings,86949.05,2018-11-29
C100894,Riya Verma,50,Female,Delhi,Delhi,Salaried,12000.0,775,Savings,10832.15,2020-06-06
C100895,Aditya Rao,42,Female,Pune,Maharashtra,Student,33865.36,658,Savings,59969.01,2020-12-12
C100896,Aditi Behera,34,Male,Bhubaneswar,Odisha,Salaried,41144.02,699,Savings,59218.19,2022-05-14
C100897,Karan Mohanty,37,Male,Hyderabad,Telangana,Business,29128.83,775,Salary,55356.8,2025-09-13
C100898,Riya Kumar,48,Male,Ahmedabad,Gujarat,Retired,75468.76,719,Current,28898.15,2017-01-07
C100899,Aarav Mehta,28,Male,Ahmedabad,Gujarat,Salaried,35864.1,704,Salary,57517.8,2024-11-04
C100900,Amit Behera,40,Female,Indore,Madhya Pradesh,Business,71555.09,721,Premium Savings,106482.31,2018-05-14
C100901,Arjun Singh,32,Female,Chennai,Tamil Nadu,Salaried,27910.62,632,Savings,72136.27,2024-06-05
C100902,Riya Mohanty,36,Male,Indore,Madhya Pradesh,Salaried,90686.05,631,Savings,144437.94,2017-08-07
C100903,Isha Bose,49,Male,Jaipur,Rajasthan,Self-Employed,27255.84,602,Current,54491.07,2024-10-24
C100904,Sahil Dasgupta,38,Female,Chennai,Tamil Nadu,Retired,15172.6,718,Savings,42158.54,2018-04-11
C100905,Sneha Behera,36,Female,Ahmedabad,Gujarat,Salaried,108616.96,765,Current,128774.61,2022-06-29
C100906,Nisha Panda,22,Female,Lucknow,Uttar Pradesh,Student,34349.64,755,Current,47443.25,2020-06-09
C100907,Neha Panda,43,Female,Kochi,Kerala,Student,144552.7,779,Salary,95360.87,2020-06-30
C100908,Isha Bose,42,Male,Bengaluru,Karnataka,Salaried,75027.8,800,Savings,134609.78,2023-12-08
C100909,Rahul Behera,58,Male,Jaipur,Rajasthan,Salaried,84942.79,714,Savings,141531.65,2022-01-24
C100910,Vivaan Nayak,33,Female,Bhubaneswar,Odisha,Self-Employed,97743.14,701,Savings,158971.35,2019-05-26
C100911,Priya Rao,38,Female,Chandigarh,Chandigarh,Self-Employed,58516.39,801,Current,25046.3,2021-09-14
C100912,Nisha Singh,38,Male,Chennai,Tamil Nadu,Salaried,58883.66,659,Savings,68816.26,2019-01-02
C100913,Kavya Kumar,52,Male,Kochi,Kerala,Retired,111282.3,628,Current,155573.61,2021-02-03
C100914,Sahil Mohanty,35,Male,Jaipur,Rajasthan,Business,58473.89,683,Savings,95819.88,2020-05-24
C100915,Rahul Gupta,39,Female,Pune,Maharashtra,Salaried,36849.27,675,Salary,39997.61,2018-04-25
C100916,Sneha Mishra,42,Male,Jaipur,Rajasthan,Self-Employed,75906.35,708,Premium Savings,101135.34,2016-01-31
C100917,Vivaan Reddy,38,Male,Jaipur,Rajasthan,Salaried,17198.62,650,Savings,30543.49,2017-06-15
C100918,Aditi Dasgupta,32,Female,Lucknow,Uttar Pradesh,Self-Employed,113646.25,729,Salary,67428.94,2016-04-05
C100919,Sneha Gupta,38,Male,Lucknow,Uttar Pradesh,Student,114958.9,668,Savings,167031.05,2025-10-19
C100920,Rohan Gupta,47,Male,Jaipur,Rajasthan,Student,106306.33,785,Salary,49825.73,2024-11-17
C100921,Rahul Roul,26,Male,Guwahati,Assam,Salaried,104084.99,627,Savings,68584.14,2025-01-21
C100922,Riya Mishra,37,Male,Jaipur,Rajasthan,Self-Employed,52511.74,696,Current,86580.23,2023-06-20
C100923,Nisha Mohanty,29,Male,Chandigarh,Chandigarh,Business,51865.71,683,Savings,59361.47,2023-07-27
C100924,Rohan Bose,48,Female,Jaipur,Rajasthan,Salaried,27967.16,720,Salary,43031.57,2018-03-22
C100925,Amit Mishra,21,Female,Chennai,Tamil Nadu,Salaried,143847.81,765,Savings,165909.3,2019-09-15
C100926,Nisha Kumar,30,Male,Kolkata,West Bengal,Self-Employed,42122.13,722,Premium Savings,14055.53,2025-11-14
C100927,Rahul Kumar,40,Male,Ahmedabad,Gujarat,Self-Employed,66305.32,697,Savings,77789.6,2020-01-06
C100928,Riya Rao,52,Female,Lucknow,Uttar Pradesh,Salaried,63247.66,750,Savings,63964.61,2018-08-25
C100929,Aarav Jain,35,Male,Mumbai,Maharashtra,Salaried,26314.04,760,Current,500.0,2017-10-10
C100930,Rohan Panda,30,Male,Chennai,Tamil Nadu,Salaried,21068.14,722,Salary,2987.21,2022-06-06
C100931,Karan Das,55,Female,Kochi,Kerala,Salaried,55169.26,730,Current,43431.71,2019-10-07
C100932,Isha Bose,22,Male,Delhi,Delhi,Self-Employed,42852.64,747,Savings,38726.54,2016-04-19
C100933,Vivaan Panda,18,Male,Mumbai,Maharashtra,Salaried,52360.0,598,Salary,77753.42,2016-12-22
C100934,Riya Roul,40,Male,Ahmedabad,Gujarat,Salaried,98821.16,682,Current,104855.17,2020-03-18
C100935,Rohan Singh,31,Male,Indore,Madhya Pradesh,Student,62243.4,729,Savings,119734.66,2025-09-22
C100936,Arjun Patel,26,Male,Bhubaneswar,Odisha,Salaried,83472.78,686,Current,121105.75,2018-07-30
C100937,Arjun Sharma,43,Male,Chandigarh,Chandigarh,Self-Employed,70264.29,686,Current,99247.19,2022-05-29
C100938,Rohan Mishra,38,Male,Guwahati,Assam,Retired,46217.08,729,Current,73994.69,2016-04-10
C100939,Rohan Sharma,30,Female,Hyderabad,Telangana,Self-Employed,31700.78,731,Salary,33770.23,2018-11-24
C100940,Aarav Reddy,23,Male,Guwahati,Assam,Business,63620.01,735,Salary,84998.24,2022-10-25
C100941,Isha Jain,45,Male,Bhubaneswar,Odisha,Salaried,57597.21,654,Salary,75286.09,2019-06-19
C100942,Pooja Sahu,43,Female,Guwahati,Assam,Salaried,90982.68,613,Current,91615.97,2022-11-26
C100943,Sneha Kumar,35,Female,Kochi,Kerala,Self-Employed,50619.56,757,Savings,52575.01,2016-06-08
C100944,Vivaan Sharma,54,Male,Pune,Maharashtra,Self-Employed,46702.39,657,Salary,83908.07,2023-09-05
C100945,Isha Behera,25,Male,Mumbai,Maharashtra,Salaried,48477.92,652,Premium Savings,108106.03,2024-11-22
C100946,Riya Rao,21,Male,Indore,Madhya Pradesh,Salaried,33182.86,646,Savings,74974.19,2020-06-04
C100947,Sneha Kumar,29,Female,Delhi,Delhi,Student,121891.79,780,Current,192014.26,2024-06-03
C100948,Aarav Dasgupta,36,Male,Indore,Madhya Pradesh,Salaried,102938.22,719,Salary,55672.47,2024-01-10
C100949,Aditya Nayak,38,Male,Guwahati,Assam,Salaried,28223.83,727,Current,69044.38,2024-09-08
C100950,Karan Verma,34,Male,Lucknow,Uttar Pradesh,Salaried,85584.54,750,Premium Savings,94358.47,2020-06-26
C100951,Sneha Reddy,40,Male,Indore,Madhya Pradesh,Business,19937.06,702,Savings,31155.67,2021-09-27
C100952,Ankit Patel,23,Male,Indore,Madhya Pradesh,Business,94560.73,771,Current,41218.48,2019-08-15
C100953,Amit Dasgupta,50,Male,Guwahati,Assam,Business,37499.98,627,Savings,63860.9,2022-09-15
C100954,Ankit Mehta,35,Female,Pune,Maharashtra,Salaried,67039.26,634,Salary,90582.95,2017-08-19
C100955,Amit Reddy,47,Female,Kochi,Kerala,Salaried,19031.64,631,Savings,25209.3,2015-04-29
C100956,Nisha Bose,39,Male,Bengaluru,Karnataka,Salaried,28447.09,732,Premium Savings,19771.57,2018-04-06
C100957,Vivaan Rao,41,Male,Ahmedabad,Gujarat,Business,71173.45,738,Savings,90511.33,2018-01-02
C100958,Sahil Sahu,42,Male,Kolkata,West Bengal,Business,37406.1,674,Savings,24695.59,2020-09-09
C100959,Riya Singh,40,Male,Lucknow,Uttar Pradesh,Retired,34651.94,690,Savings,11948.79,2017-05-31
C100960,Karan Mehta,42,Female,Lucknow,Uttar Pradesh,Salaried,118517.08,787,Current,101575.45,2024-12-23
C100961,Ankit Sahu,49,Other,Ahmedabad,Gujarat,Self-Employed,185556.75,660,Savings,80740.63,2024-07-17
C100962,Nisha Mehta,38,Male,Guwahati,Assam,Self-Employed,92083.05,724,Savings,101051.44,2023-10-12
C100963,Arjun Patel,43,Male,Indore,Madhya Pradesh,Salaried,30168.52,660,Current,18306.61,2019-08-03
C100964,Aarav Roul,35,Male,Mumbai,Maharashtra,Salaried,145077.61,776,Premium Savings,260726.56,2015-09-07
C100965,Aarav Mohanty,50,Female,Hyderabad,Telangana,Self-Employed,23302.15,746,Premium Savings,22940.6,2021-04-22
C100966,Sneha Das,29,Female,Bengaluru,Karnataka,Retired,46519.1,614,Savings,102848.01,2023-08-28
C100967,Aarav Verma,54,Female,Chandigarh,Chandigarh,Salaried,56682.24,688,Current,36293.58,2018-08-16
C100968,Sahil Mehta,36,Female,Ahmedabad,Gujarat,Retired,158468.21,570,Salary,138832.02,2017-12-07
C100969,Nisha Jain,22,Male,Chandigarh,Chandigarh,Self-Employed,90857.81,764,Current,55810.52,2022-07-27
C100970,Pooja Reddy,37,Female,Hyderabad,Telangana,Salaried,42617.56,838,Savings,91730.54,2018-07-24
C100971,Priya Sharma,29,Female,Bengaluru,Karnataka,Salaried,32707.59,563,Current,19391.92,2019-08-12
C100972,Vivaan Sahu,44,Female,Guwahati,Assam,Salaried,95443.95,612,Salary,107618.12,2019-05-23
C100973,Neha Jain,29,Male,Chandigarh,Chandigarh,Salaried,41016.96,716,Savings,55873.57,2024-01-27
C100974,Neha Gupta,32,Female,Chennai,Tamil Nadu,Salaried,61963.17,704,Savings,118358.72,2019-12-16
C100975,Aditya Reddy,18,Female,Kolkata,West Bengal,Salaried,25892.57,678,Savings,45933.23,2019-10-08
C100976,Aarav Jain,31,Female,Delhi,Delhi,Retired,75220.59,592,Salary,37823.65,2019-06-21
C100977,Ananya Nayak,18,Female,Indore,Madhya Pradesh,Business,71960.37,726,Salary,88330.92,2017-12-03
C100978,Aditya Reddy,20,Female,Chennai,Tamil Nadu,Business,27783.5,763,Savings,45553.72,2025-03-26
C100979,Amit Nayak,44,Female,Bhubaneswar,Odisha,Salaried,97001.45,850,Salary,175728.37,2015-08-12
C100980,Aarav Mohanty,44,Female,Mumbai,Maharashtra,Salaried,74622.6,790,Savings,69718.45,2018-01-04
C100981,Riya Mehta,40,Female,Chandigarh,Chandigarh,Salaried,82627.83,621,Current,104727.55,2020-06-11
C100982,Arjun Jain,26,Male,Delhi,Delhi,Student,44659.18,704,Savings,45013.66,2023-03-02
C100983,Aditi Panda,36,Male,Kolkata,West Bengal,Salaried,60688.8,743,Savings,80948.4,2017-06-15
C100984,Sahil Behera,36,Male,Lucknow,Uttar Pradesh,Salaried,56951.02,660,Salary,57142.41,2018-10-23
C100985,Kavya Patel,24,Female,Kochi,Kerala,Self-Employed,50695.62,756,Current,23647.45,2022-02-19
C100986,Isha Behera,51,Female,Indore,Madhya Pradesh,Self-Employed,60407.3,751,Savings,82239.96,2024-03-06
C100987,Aarav Verma,45,Female,Kolkata,West Bengal,Business,109768.85,785,Savings,26514.31,2015-07-06
C100988,Riya Roul,34,Male,Kochi,Kerala,Salaried,99340.77,757,Premium Savings,46392.6,2018-06-17
C100989,Neha Sahu,36,Male,Delhi,Delhi,Salaried,28711.85,724,Savings,22311.32,2020-01-08
C100990,Riya Roul,38,Male,Kolkata,West Bengal,Business,94566.58,664,Salary,193644.48,2019-08-06
C100991,Ankit Dasgupta,18,Male,Mumbai,Maharashtra,Self-Employed,105896.48,621,Savings,194756.62,2017-06-25
C100992,Rahul Jain,34,Female,Bhubaneswar,Odisha,Salaried,50611.84,719,Savings,58328.71,2021-06-02
C100993,Riya Panda,29,Male,Kolkata,West Bengal,Salaried,72746.38,679,Salary,52958.88,2024-10-26
C100994,Nisha Behera,26,Female,Indore,Madhya Pradesh,Business,72170.7,685,Salary,68373.93,2016-11-13
C100995,Sneha Das,33,Female,Bengaluru,Karnataka,Retired,34461.8,778,Savings,52035.35,2021-01-04
C100996,Sneha Behera,54,Male,Pune,Maharashtra,Self-Employed,44578.75,794,Savings,37982.51,2017-04-24
C100997,Pooja Sharma,42,Female,Kolkata,West Bengal,Student,83119.46,625,Salary,131118.76,2023-09-29
C100998,Isha Mishra,30,Male,Indore,Madhya Pradesh,Self-Employed,41872.57,691,Savings,61425.09,2022-01-05
C100999,Riya Sahu,42,Male,Guwahati,Assam,Salaried,94052.95,677,Current,188352.21,2016-03-27
C101000,Riya Dasgupta,50,Female,Mumbai,Maharashtra,Salaried,112738.17,725,Savings,121006.69,2025-08-18
C101001,Isha Panda,45,Female,Lucknow,Uttar Pradesh,Self-Employed,103167.38,558,Savings,132656.27,2025-11-09
C101002,Arjun Rao,37,Male,Ahmedabad,Gujarat,Self-Employed,163404.01,610,Savings,180875.4,2021-11-17
C101003,Isha Rao,30,Male,Indore,Madhya Pradesh,Business,52322.71,697,Current,11718.56,2021-11-06
C101004,Aditi Reddy,43,Male,Pune,Maharashtra,Business,60630.24,756,Savings,93336.2,2018-09-12
C101005,Ananya Sharma,40,Male,Pune,Maharashtra,Retired,65608.01,710,Salary,44368.58,2016-06-13
C101006,Ananya Panda,45,Female,Delhi,Delhi,Self-Employed,53202.98,749,Current,67016.48,2021-10-13
C101007,Neha Das,42,Female,Mumbai,Maharashtra,Salaried,74108.6,718,Salary,73192.92,2021-01-19
C101008,Ananya Mohanty,46,Male,Guwahati,Assam,Salaried,21459.58,788,Premium Savings,21154.1,2015-03-23
C101009,Aditya Panda,31,Female,Kolkata,West Bengal,Salaried,61561.16,802,Salary,81217.36,2025-08-28
C101010,Pooja Jain,49,Male,Jaipur,Rajasthan,Student,25783.71,656,Current,43734.93,2023-02-06
C101011,Aarav Behera,38,Male,Jaipur,Rajasthan,Salaried,32391.32,762,Savings,60125.72,2015-03-28
C101012,Amit Singh,57,Female,Ahmedabad,Gujarat,Retired,82304.24,738,Savings,136952.78,2023-12-31
C101013,Aarav Reddy,29,Female,Bengaluru,Karnataka,Retired,49294.83,850,Current,23021.64,2019-04-03
C101014,Rahul Sahu,53,Female,Kochi,Kerala,Self-Employed,80722.81,653,Salary,46710.73,2016-01-05
C101015,Ananya Mohanty,38,Female,Hyderabad,Telangana,Salaried,48711.06,697,Savings,37636.53,2023-10-02
C101016,Isha Panda,29,Female,Mumbai,Maharashtra,Salaried,101074.38,638,Premium Savings,41372.33,2022-11-26
C101017,Riya Das,31,Male,Ahmedabad,Gujarat,Salaried,48223.13,642,Savings,77455.22,2018-09-27
C101018,Sneha Sharma,33,Female,Mumbai,Maharashtra,Salaried,18767.53,730,Current,32870.32,2025-03-25
C101019,Ankit Reddy,40,Other,Kochi,Kerala,Salaried,62258.75,718,Current,43439.6,2018-12-15
C101020,Riya Sharma,41,Male,Hyderabad,Telangana,Salaried,16684.17,740,Current,41896.44,2023-08-07
C101021,Nisha Verma,30,Female,Hyderabad,Telangana,Business,24737.91,739,Current,45933.69,2023-08-04
C101022,Rahul Reddy,36,Male,Chandigarh,Chandigarh,Salaried,33842.34,690,Savings,25195.17,2021-03-14
C101023,Pooja Verma,57,Male,Chennai,Tamil Nadu,Salaried,31597.97,689,Premium Savings,28861.01,2015-09-17
C101024,Priya Bose,53,Female,Delhi,Delhi,Self-Employed,40754.05,642,Premium Savings,60632.11,2022-05-06
C101025,Priya Kumar,40,Male,Chandigarh,Chandigarh,Retired,31006.47,659,Current,16038.84,2015-07-21
C101026,Pooja Rao,36,Female,Bengaluru,Karnataka,Business,25382.48,701,Savings,46641.86,2020-10-25
C101027,Pooja Nayak,37,Male,Guwahati,Assam,Self-Employed,128424.71,718,Savings,164589.01,2017-05-12
C101028,Aditya Singh,42,Female,Delhi,Delhi,Business,37877.36,751,Savings,66839.19,2019-01-23
C101029,Kavya Nayak,26,Male,Mumbai,Maharashtra,Business,16125.65,745,Current,37233.97,2021-01-02
C101030,Sneha Behera,33,Male,Hyderabad,Telangana,Student,45097.56,806,Savings,33797.7,2017-03-23
C101031,Rohan Reddy,19,Male,Delhi,Delhi,Salaried,29628.33,642,Savings,70495.88,2016-10-05
C101032,Arjun Dasgupta,40,Female,Jaipur,Rajasthan,Student,33804.74,690,Current,74044.8,2024-05-26
C101033,Riya Singh,42,Female,Bengaluru,Karnataka,Salaried,81289.88,647,Salary,137945.81,2021-01-03
C101034,Sahil Reddy,31,Female,Bengaluru,Karnataka,Retired,42984.8,788,Savings,110271.13,2019-06-09
C101035,Aditi Panda,52,Male,Kochi,Kerala,Salaried,29177.71,672,Current,43335.99,2024-08-22
C101036,Sneha Singh,24,Male,Hyderabad,Telangana,Student,70300.06,780,Salary,58991.8,2023-01-19
C101037,Neha Gupta,21,Male,Chennai,Tamil Nadu,Retired,103523.71,799,Premium Savings,106158.65,2017-07-28
C101038,Rohan Das,38,Female,Delhi,Delhi,Salaried,73892.61,732,Salary,175728.37,2018-04-03
C101039,Rahul Behera,46,Male,Bengaluru,Karnataka,Retired,14265.98,724,Current,38681.76,2023-12-27
C101040,Kavya Mehta,53,Female,Kochi,Kerala,Salaried,29787.5,708,Salary,35892.07,2016-10-23
C101041,Isha Panda,31,Female,Bhubaneswar,Odisha,Salaried,56454.21,684,Premium Savings,41573.37,2025-03-19
C101042,Aditya Mohanty,47,Male,Kochi,Kerala,Salaried,48084.92,677,Salary,51565.16,2019-03-12
C101043,Vivaan Gupta,36,Male,Bhubaneswar,Odisha,Retired,45939.8,695,Savings,73878.68,2018-09-19
C101044,Ananya Gupta,34,Female,Kochi,Kerala,Self-Employed,32034.61,824,Current,73140.44,2019-08-21
C101045,Rahul Kumar,45,Male,Bhubaneswar,Odisha,Self-Employed,25387.63,637,Salary,37116.29,2017-06-02
C101046,Riya Verma,43,Male,Mumbai,Maharashtra,Business,165937.82,718,Current,166975.07,2021-03-14
C101047,Ankit Verma,20,Male,Bhubaneswar,Odisha,Retired,55826.25,751,Savings,40650.67,2023-03-23
C101048,Kavya Patel,51,Female,Indore,Madhya Pradesh,Business,78296.29,687,Savings,100364.32,2017-10-15
C101049,Priya Sahu,50,Female,Bengaluru,Karnataka,Salaried,55189.42,732,Current,9639.19,2025-07-17
C101050,Isha Singh,30,Male,Kochi,Kerala,Salaried,56420.07,607,Savings,66790.63,2015-02-25
C101051,Aarav Panda,40,Male,Chandigarh,Chandigarh,Salaried,53153.09,791,Savings,28744.89,2015-05-28
C101052,Rahul Singh,41,Male,Bhubaneswar,Odisha,Self-Employed,29698.25,779,Salary,22914.03,2024-06-25
C101053,Ananya Rao,39,Female,Kolkata,West Bengal,Salaried,23911.61,699,Savings,47818.22,2015-03-24
C101054,Aarav Panda,30,Male,Indore,Madhya Pradesh,Salaried,68016.96,648,Current,115677.39,2023-06-20
C101055,Aarav Patel,29,Male,Bengaluru,Karnataka,Student,60986.13,757,Salary,57567.97,2025-07-18
C101056,Aditya Jain,36,Female,Bhubaneswar,Odisha,Salaried,92147.24,630,Current,130310.59,2020-11-26
C101057,Amit Mehta,48,Female,Kolkata,West Bengal,Self-Employed,82416.17,640,Savings,104097.86,2016-02-24
C101058,Neha Gupta,41,Other,Lucknow,Uttar Pradesh,Salaried,35256.56,702,Savings,37105.2,2020-08-16
C101059,Vivaan Mohanty,32,Female,Bhubaneswar,Odisha,Salaried,102540.56,804,Current,106616.52,2019-06-18
C101060,Rohan Roul,44,Male,Chandigarh,Chandigarh,Salaried,83771.94,747,Premium Savings,114228.68,2023-11-16
C101061,Rahul Gupta,18,Male,Mumbai,Maharashtra,Salaried,80422.67,663,Salary,99293.68,2020-06-09
C101062,Kavya Das,47,Male,Mumbai,Maharashtra,Student,189514.0,596,Current,174886.69,2015-06-23
C101063,Isha Das,19,Male,Jaipur,Rajasthan,Salaried,169272.61,708,Savings,178278.33,2016-10-04
C101064,Riya Behera,32,Female,Bengaluru,Karnataka,Salaried,80381.64,721,Savings,80646.47,2018-03-05
C101065,Priya Gupta,25,Female,Chennai,Tamil Nadu,Business,75052.78,700,Salary,102940.24,2018-05-19
C101066,Aarav Patel,23,Female,Jaipur,Rajasthan,Business,99707.76,822,Savings,42603.3,2015-04-10
C101067,Aditya Rao,48,Male,Ahmedabad,Gujarat,Business,39891.31,696,Salary,6980.33,2017-07-31
C101068,Isha Bose,31,Female,Chennai,Tamil Nadu,Retired,40202.42,557,Savings,56135.38,2022-01-30
C101069,Rohan Das,39,Female,Indore,Madhya Pradesh,Business,79655.81,679,Savings,126278.81,2023-08-30
C101070,Sahil Mohanty,36,Male,Bhubaneswar,Odisha,Salaried,34338.64,735,Savings,44622.45,2022-09-19
C101071,Amit Reddy,41,Female,Kolkata,West Bengal,Business,76199.61,730,Savings,125932.23,2017-10-09
C101072,Rahul Sahu,37,Male,Jaipur,Rajasthan,Self-Employed,59954.8,694,Current,74704.22,2015-05-19
C101073,Aditya Jain,23,Male,Mumbai,Maharashtra,Salaried,34344.04,683,Savings,38580.43,2018-01-20
C101074,Riya Verma,46,Female,Lucknow,Uttar Pradesh,Salaried,55788.05,575,Salary,36048.23,2023-05-30
C101075,Aarav Rao,31,Female,Guwahati,Assam,Salaried,112744.94,711,Current,85678.78,2016-05-21
C101076,Aditya Patel,20,Male,Jaipur,Rajasthan,Salaried,57549.01,683,Savings,118162.37,2024-02-13
C101077,Ananya Dasgupta,32,Male,Kochi,Kerala,Salaried,57681.38,721,Savings,69871.26,2023-10-17
C101078,Vivaan Reddy,51,Other,Lucknow,Uttar Pradesh,Salaried,65909.01,737,Salary,143195.17,2019-03-28
C101079,Arjun Panda,45,Female,Hyderabad,Telangana,Student,70801.97,786,Savings,113508.12,2022-05-08
C101080,Ananya Sharma,33,Female,Kolkata,West Bengal,Student,45849.8,643,Salary,52290.64,2019-06-30
C101081,Aditi Das,33,Male,Hyderabad,Telangana,Self-Employed,66684.78,621,Savings,94362.92,2016-06-21
C101082,Pooja Kumar,33,Male,Pune,Maharashtra,Student,30887.28,668,Salary,46051.1,2024-03-05
C101083,Aditya Mehta,57,Male,Kolkata,West Bengal,Salaried,35440.11,657,Savings,29855.59,2023-04-22
C101084,Rohan Sahu,40,Male,Kolkata,West Bengal,Student,38023.38,651,Savings,21863.37,2024-10-30
C101085,Aditya Patel,40,Male,Mumbai,Maharashtra,Self-Employed,71214.94,799,Premium Savings,135015.23,2018-01-10
C101086,Ananya Mishra,46,Male,Kolkata,West Bengal,Salaried,60067.04,715,Savings,63560.9,2024-08-31
C101087,Pooja Patel,38,Female,Jaipur,Rajasthan,Salaried,51082.17,833,Savings,81779.01,2015-12-14
C101088,Nisha Singh,33,Male,Pune,Maharashtra,Salaried,80419.5,705,Savings,71888.41,2015-11-10
C101089,Karan Patel,34,Female,Delhi,Delhi,Salaried,67742.06,629,Premium Savings,122419.08,2015-10-30
C101090,Vivaan Mohanty,35,Male,Chandigarh,Chandigarh,Salaried,46891.95,652,Savings,71440.74,2020-08-28
C101091,Aditya Sahu,36,Male,Mumbai,Maharashtra,Salaried,31123.28,772,Current,34957.91,2023-02-05
C101092,Nisha Mehta,43,Male,Guwahati,Assam,Salaried,35040.11,631,Current,57376.33,2022-11-21
C101093,Aarav Sharma,37,Male,Mumbai,Maharashtra,Salaried,24546.96,741,Savings,67800.32,2023-07-20
C101094,Kavya Gupta,43,Male,Mumbai,Maharashtra,Retired,59420.93,682,Salary,55699.88,2023-03-20
C101095,Aditya Bose,35,Female,Kochi,Kerala,Salaried,34231.86,645,Savings,68569.52,2019-08-29
C101096,Nisha Nayak,37,Female,Guwahati,Assam,Salaried,41884.07,795,Current,103710.06,2015-03-24
C101097,Riya Mehta,18,Male,Ahmedabad,Gujarat,Business,51272.69,667,Savings,61243.65,2015-03-02
C101098,Ankit Mishra,45,Male,Ahmedabad,Gujarat,Student,97663.76,651,Premium Savings,82651.16,2023-04-30
C101099,Rahul Panda,39,Female,Ahmedabad,Gujarat,Salaried,91667.51,700,Savings,50288.8,2024-04-23
C101100,Isha Mohanty,46,Female,Chennai,Tamil Nadu,Student,53369.72,672,Salary,109773.61,2021-01-27
C101101,Neha Panda,18,Male,Mumbai,Maharashtra,Salaried,110317.23,849,Salary,154090.66,2021-10-13
C101102,Riya Panda,57,Female,Pune,Maharashtra,Salaried,18183.99,774,Savings,1485.74,2025-04-22
C101103,Karan Sahu,35,Female,Jaipur,Rajasthan,Salaried,154439.82,667,Savings,73544.9,2016-09-13
C101104,Ananya Singh,47,Female,Kochi,Kerala,Self-Employed,80496.04,674,Savings,132157.39,2016-01-27
C101105,Aditi Gupta,26,Female,Chandigarh,Chandigarh,Salaried,58199.4,574,Salary,55426.8,2023-04-03
C101106,Sahil Rao,42,Female,Lucknow,Uttar Pradesh,Business,33686.1,714,Salary,17734.09,2021-08-06
C101107,Arjun Sahu,25,Female,Indore,Madhya Pradesh,Salaried,43224.01,656,Salary,52240.33,2023-11-21
C101108,Aditya Behera,30,Male,Jaipur,Rajasthan,Business,76897.72,711,Savings,135589.79,2019-05-22
C101109,Isha Singh,55,Female,Pune,Maharashtra,Salaried,77865.02,577,Premium Savings,66654.96,2017-03-06
C101110,Kavya Roul,34,Female,Ahmedabad,Gujarat,Salaried,79435.83,703,Savings,116517.65,2024-04-28
C101111,Ankit Dasgupta,38,Female,Hyderabad,Telangana,Self-Employed,36842.79,815,Salary,58274.94,2021-10-16
C101112,Aditya Roul,45,Other,Jaipur,Rajasthan,Business,32980.52,709,Savings,12065.54,2024-08-20
C101113,Aditya Patel,41,Male,Hyderabad,Telangana,Salaried,61233.6,655,Savings,91464.64,2018-07-02
C101114,Sahil Mehta,38,Male,Mumbai,Maharashtra,Business,83994.63,704,Savings,143251.54,2023-10-20
C101115,Vivaan Singh,40,Male,Guwahati,Assam,Business,55096.43,701,Savings,39906.23,2018-08-18
C101116,Ananya Dasgupta,60,Male,Pune,Maharashtra,Salaried,124231.84,847,Savings,219865.63,2019-10-08
C101117,Aditi Jain,35,Male,Kochi,Kerala,Retired,56011.6,683,Savings,47194.21,2020-09-29
C101118,Amit Das,38,Female,Ahmedabad,Gujarat,Business,54978.57,627,Savings,35029.65,2023-05-04
C101119,Aditya Mohanty,47,Male,Guwahati,Assam,Salaried,79530.55,706,Savings,124353.34,2015-04-06
C101120,Ankit Roul,47,Female,Guwahati,Assam,Salaried,107545.04,718,Savings,108736.38,2018-05-22
C101121,Ananya Mohanty,48,Female,Indore,Madhya Pradesh,Self-Employed,26186.47,742,Savings,46730.34,2018-01-27
C101122,Sahil Bose,42,Male,Guwahati,Assam,Salaried,29738.03,754,Premium Savings,60851.59,2020-02-23
C101123,Amit Mehta,25,Male,Jaipur,Rajasthan,Salaried,46295.25,832,Savings,79165.48,2017-04-10
C101124,Rahul Sahu,52,Female,Jaipur,Rajasthan,Salaried,312545.85,666,Savings,100252.17,2016-02-13
C101125,Isha Patel,25,Female,Bengaluru,Karnataka,Business,47632.98,660,Savings,38273.79,2017-12-18
C101126,Sneha Gupta,39,Female,Chandigarh,Chandigarh,Salaried,51436.73,584,Salary,48579.53,2025-11-14
C101127,Riya Sahu,28,Female,Guwahati,Assam,Business,77279.35,748,Savings,61240.21,2022-05-11
C101128,Vivaan Sahu,35,Female,Chennai,Tamil Nadu,Salaried,94126.92,647,Savings,130235.75,2021-06-18
C101129,Pooja Roul,39,Female,Delhi,Delhi,Salaried,60383.45,763,Salary,115846.97,2020-04-14
C101130,Nisha Dasgupta,39,Female,Lucknow,Uttar Pradesh,Business,104347.25,673,Savings,67166.29,2019-03-23
C101131,Amit Gupta,40,Female,Chennai,Tamil Nadu,Self-Employed,28521.24,817,Savings,49014.32,2018-04-07
C101132,Ankit Dasgupta,52,Female,Pune,Maharashtra,Salaried,36088.87,612,Savings,6688.35,2019-10-26
C101133,Isha Roul,41,Male,Bengaluru,Karnataka,Salaried,104240.53,771,Savings,181336.95,2016-01-17
C101134,Riya Nayak,34,Female,Chandigarh,Chandigarh,Salaried,55332.03,764,Savings,98422.07,2017-06-29
C101135,Rohan Mehta,46,Male,Ahmedabad,Gujarat,Self-Employed,27467.0,739,Savings,60015.3,2025-11-04
C101136,Amit Jain,48,Female,Kolkata,West Bengal,Salaried,26574.11,632,Salary,8101.99,2019-07-23
C101137,Ankit Jain,24,Male,Delhi,Delhi,Business,35209.49,740,Savings,45322.73,2021-04-16
C101138,Rahul Dasgupta,42,Male,Jaipur,Rajasthan,Self-Employed,55064.34,713,Savings,113533.9,2018-02-14
C101139,Vivaan Mehta,43,Male,Bengaluru,Karnataka,Salaried,71121.66,586,Savings,29861.56,2020-06-02
C101140,Priya Patel,33,Male,Kochi,Kerala,Salaried,45894.72,806,Savings,57286.17,2018-03-10
C101141,Pooja Mohanty,50,Male,Hyderabad,Telangana,Salaried,67971.11,683,Savings,61002.1,2025-03-06
C101142,Sahil Patel,34,Female,Kolkata,West Bengal,Salaried,43247.81,801,Salary,92904.78,2022-11-18
C101143,Sneha Verma,37,Male,Pune,Maharashtra,Self-Employed,107822.82,701,Savings,59103.59,2020-12-24
C101144,Pooja Behera,34,Male,Pune,Maharashtra,Self-Employed,223820.69,769,Current,279707.95,2020-09-06
C101145,Priya Verma,36,Male,Lucknow,Uttar Pradesh,Business,44318.23,649,Salary,54168.93,2017-09-28
C101146,Aditya Verma,25,Female,Kochi,Kerala,Salaried,71614.4,719,Savings,126483.59,2019-04-16
C101147,Sneha Das,22,Male,Ahmedabad,Gujarat,Retired,68474.34,714,Current,44640.58,2015-03-12
C101148,Karan Panda,52,Male,Mumbai,Maharashtra,Salaried,59359.71,684,Current,107005.75,2020-07-28
C101149,Rohan Sharma,28,Male,Bengaluru,Karnataka,Salaried,78777.01,649,Savings,7195.76,2023-02-28
C101150,Aditi Patel,26,Female,Delhi,Delhi,Business,71570.63,506,Savings,41502.37,2019-06-01
C101151,Riya Mehta,18,Male,Jaipur,Rajasthan,Business,42446.89,650,Savings,18617.97,2025-09-02
C101152,Priya Kumar,30,Male,Lucknow,Uttar Pradesh,Salaried,113458.07,751,Savings,118514.99,2019-03-07
C101153,Vivaan Rao,23,Male,Chennai,Tamil Nadu,Business,61451.58,614,Salary,95204.79,2023-07-22
C101154,Ankit Sharma,52,Female,Jaipur,Rajasthan,Student,44509.07,628,Current,85318.3,2021-02-16
C101155,Aditi Kumar,46,Male,Bhubaneswar,Odisha,Business,210838.95,612,Salary,278126.96,2023-01-05
C101156,Amit Kumar,29,Female,Kolkata,West Bengal,Salaried,51594.54,719,Savings,108387.66,2016-03-19
C101157,Aditya Kumar,59,Male,Chennai,Tamil Nadu,Business,63278.92,647,Salary,82155.85,2020-01-27
C101158,Pooja Bose,46,Male,Kochi,Kerala,Business,60571.55,784,Savings,131172.96,2017-07-06
C101159,Sneha Kumar,33,Male,Mumbai,Maharashtra,Business,51207.76,753,Savings,31453.15,2021-06-24
C101160,Aditi Sharma,18,Male,Kolkata,West Bengal,Business,70393.35,718,Current,135130.61,2025-12-08
C101161,Rahul Mehta,59,Male,Chennai,Tamil Nadu,Retired,34556.07,725,Premium Savings,11583.21,2015-04-12
C101162,Ankit Mohanty,22,Male,Lucknow,Uttar Pradesh,Salaried,76357.94,655,Savings,97656.62,2019-06-16
C101163,Sneha Patel,20,Male,Bhubaneswar,Odisha,Salaried,20910.23,655,Savings,31653.76,2023-08-25
C101164,Rohan Das,46,Female,Lucknow,Uttar Pradesh,Salaried,26934.15,751,Savings,34855.0,2017-08-08
C101165,Aarav Jain,60,Other,Bengaluru,Karnataka,Salaried,150127.01,764,Savings,183142.74,2020-01-06
C101166,Aditi Verma,50,Male,Pune,Maharashtra,Salaried,27561.89,751,Savings,31248.08,2019-02-23
C101167,Amit Mehta,42,Female,Ahmedabad,Gujarat,Self-Employed,18715.57,674,Savings,36231.71,2020-05-06
C101168,Sahil Reddy,42,Female,Bengaluru,Karnataka,Salaried,27939.86,680,Savings,51304.6,2021-04-25
C101169,Rohan Sharma,45,Female,Chennai,Tamil Nadu,Business,143217.53,644,Salary,67044.3,2016-03-22
C101170,Aditya Singh,44,Male,Hyderabad,Telangana,Business,20528.4,755,Savings,63489.95,2022-03-17
C101171,Rohan Mohanty,39,Female,Delhi,Delhi,Salaried,32512.85,578,Current,54523.65,2018-06-26
C101172,Priya Panda,37,Male,Hyderabad,Telangana,Student,24663.57,562,Current,57046.81,2018-09-23
C101173,Ananya Patel,35,Female,Chennai,Tamil Nadu,Salaried,47302.45,575,Savings,33921.24,2016-08-11
C101174,Aarav Das,28,Male,Bengaluru,Karnataka,Student,43272.69,566,Current,33601.3,2024-01-30
C101175,Neha Patel,33,Male,Kochi,Kerala,Business,42220.97,793,Salary,74261.64,2022-01-24
C101176,Aditya Mehta,19,Male,Delhi,Delhi,Salaried,152659.02,756,Savings,115421.21,2025-12-10
C101177,Arjun Mehta,35,Male,Pune,Maharashtra,Salaried,28441.28,627,Savings,50634.47,2015-12-09
C101178,Karan Das,26,Female,Lucknow,Uttar Pradesh,Salaried,51994.08,698,Salary,79197.7,2016-01-26
C101179,Ananya Panda,25,Male,Bhubaneswar,Odisha,Business,66258.51,800,Premium Savings,81825.53,2021-04-16
C101180,Sahil Mohanty,38,Female,Guwahati,Assam,Business,32079.53,738,Savings,56696.86,2016-11-24
C101181,Aditi Mehta,50,Male,Guwahati,Assam,Salaried,71877.1,842,Salary,93542.92,2017-04-30
C101182,Vivaan Mohanty,45,Male,Mumbai,Maharashtra,Self-Employed,44143.13,698,Current,68761.11,2024-09-12
C101183,Ankit Patel,20,Female,Guwahati,Assam,Salaried,67572.64,662,Savings,29960.48,2025-07-25
C101184,Kavya Kumar,26,Other,Bengaluru,Karnataka,Salaried,51828.16,635,Salary,134565.68,2020-06-29
C101185,Pooja Roul,45,Male,Bengaluru,Karnataka,Retired,17806.1,707,Salary,62396.05,2021-08-27
C101186,Rahul Mohanty,26,Male,Chandigarh,Chandigarh,Salaried,112808.02,766,Savings,22205.93,2017-10-20
C101187,Aditi Dasgupta,34,Female,Guwahati,Assam,Retired,171757.79,711,Savings,295573.42,2015-12-10
C101188,Vivaan Verma,42,Male,Ahmedabad,Gujarat,Business,49904.86,682,Salary,32273.34,2016-08-01
C101189,Nisha Verma,26,Female,Ahmedabad,Gujarat,Retired,33564.18,787,Savings,44191.23,2019-07-10
C101190,Aarav Mishra,37,Female,Lucknow,Uttar Pradesh,Salaried,125919.17,739,Savings,145805.25,2021-11-30
C101191,Aditya Patel,23,Male,Kolkata,West Bengal,Salaried,155561.91,698,Premium Savings,201138.53,2024-05-25
C101192,Aarav Jain,30,Male,Mumbai,Maharashtra,Salaried,50123.79,655,Savings,22759.98,2020-04-23
C101193,Ankit Behera,39,Male,Bengaluru,Karnataka,Business,48767.24,688,Current,95978.68,2020-11-13
C101194,Karan Nayak,20,Male,Chennai,Tamil Nadu,Self-Employed,52635.04,736,Savings,94570.65,2023-02-09
C101195,Aarav Roul,40,Female,Guwahati,Assam,Salaried,21896.6,654,Savings,14435.67,2024-06-01
C101196,Nisha Kumar,36,Female,Jaipur,Rajasthan,Business,46862.32,625,Savings,42841.86,2021-05-09
C101197,Aarav Gupta,42,Female,Guwahati,Assam,Salaried,141252.8,674,Savings,252145.1,2023-07-13
C101198,Ananya Singh,38,Female,Chandigarh,Chandigarh,Salaried,50126.73,702,Savings,66299.94,2017-08-10
C101199,Vivaan Roul,50,Male,Mumbai,Maharashtra,Salaried,31041.16,794,Salary,54612.67,2015-08-30
C101200,Neha Patel,37,Female,Guwahati,Assam,Salaried,72277.31,630,Salary,165898.61,2023-08-10
C101201,Isha Behera,32,Male,Hyderabad,Telangana,Salaried,38106.08,720,Salary,73757.79,2020-07-14
C101202,Ankit Reddy,37,Female,Ahmedabad,Gujarat,Salaried,53026.11,687,Salary,47881.69,2017-10-29
C101203,Aditya Dasgupta,41,Male,Bhubaneswar,Odisha,Student,27370.52,690,Savings,40966.16,2019-08-14
C101204,Ankit Behera,36,Female,Pune,Maharashtra,Business,31099.44,805,Premium Savings,68560.25,2018-06-29
C101205,Arjun Mishra,36,Female,Chennai,Tamil Nadu,Salaried,82520.42,710,Savings,168936.7,2023-04-22
C101206,Priya Behera,29,Male,Pune,Maharashtra,Business,58619.06,646,Savings,82965.62,2018-10-15
C101207,Aditi Das,29,Male,Chennai,Tamil Nadu,Self-Employed,35891.54,763,Salary,43557.02,2024-05-10
C101208,Riya Verma,22,Female,Delhi,Delhi,Salaried,58737.45,758,Savings,26886.18,2016-09-08
C101209,Ananya Mishra,53,Male,Bhubaneswar,Odisha,Business,39385.69,640,Savings,50608.45,2015-05-30
C101210,Ananya Panda,24,Female,Mumbai,Maharashtra,Business,35739.81,627,Salary,25371.27,2018-08-09
C101211,Priya Singh,29,Female,Bhubaneswar,Odisha,Self-Employed,104329.29,732,Savings,106164.87,2022-09-23
C101212,Vivaan Verma,29,Male,Chandigarh,Chandigarh,Self-Employed,84598.44,703,Current,148498.19,2021-05-04
C101213,Sneha Reddy,45,Male,Pune,Maharashtra,Business,54360.25,674,Salary,90326.89,2021-09-18
C101214,Vivaan Patel,33,Female,Lucknow,Uttar Pradesh,Salaried,59544.19,774,Premium Savings,35432.19,2019-07-24
C101215,Neha Rao,48,Male,Guwahati,Assam,Student,54746.55,667,Savings,83651.68,2024-10-09
C101216,Nisha Panda,29,Male,Guwahati,Assam,Salaried,71893.67,732,Savings,116581.67,2015-01-23
C101217,Aarav Sharma,39,Female,Hyderabad,Telangana,Student,35431.71,781,Salary,55866.47,2018-01-03
C101218,Sneha Panda,28,Female,Delhi,Delhi,Salaried,88385.75,683,Savings,127235.0,2022-09-28
C101219,Neha Dasgupta,57,Male,Delhi,Delhi,Salaried,66806.1,586,Current,67845.68,2017-05-06
C101220,Vivaan Reddy,24,Male,Jaipur,Rajasthan,Self-Employed,47591.41,679,Current,73483.94,2023-06-20
C101221,Riya Jain,39,Female,Kochi,Kerala,Salaried,42058.24,717,Current,19095.02,2021-04-22
C101222,Pooja Rao,42,Female,Jaipur,Rajasthan,Business,87352.81,770,Current,13823.28,2023-11-30
C101223,Sahil Patel,40,Female,Delhi,Delhi,Salaried,50631.08,671,Salary,37739.5,2020-06-24
C101224,Amit Rao,34,Male,Kochi,Kerala,Business,37447.58,817,Savings,55973.88,2021-02-12
C101225,Isha Gupta,35,Female,Bhubaneswar,Odisha,Salaried,44514.72,621,Current,43343.68,2020-08-09
C101226,Rahul Roul,36,Female,Kochi,Kerala,Salaried,83964.64,716,Savings,118654.5,2018-07-06
C101227,Karan Panda,35,Female,Kochi,Kerala,Salaried,22681.03,689,Savings,36754.88,2025-10-05
C101228,Ankit Nayak,46,Female,Kolkata,West Bengal,Self-Employed,45234.42,793,Savings,81773.65,2022-04-24
C101229,Nisha Verma,58,Male,Chandigarh,Chandigarh,Self-Employed,99102.4,609,Current,45350.36,2017-08-23
C101230,Amit Sharma,30,Female,Ahmedabad,Gujarat,Self-Employed,50139.74,733,Premium Savings,85570.3,2018-08-11
C101231,Aarav Jain,22,Male,Jaipur,Rajasthan,Retired,63904.03,689,Salary,92133.17,2020-03-04
C101232,Kavya Mohanty,35,Male,Jaipur,Rajasthan,Business,99988.59,804,Savings,78526.03,2022-12-13
C101233,Sneha Das,62,Female,Guwahati,Assam,Student,89847.56,651,Salary,118603.75,2020-06-01
C101234,Priya Mehta,28,Female,Jaipur,Rajasthan,Salaried,43176.69,732,Savings,62588.99,2020-10-08
C101235,Aarav Roul,52,Female,Delhi,Delhi,Salaried,51193.71,651,Salary,58710.48,2021-03-22
C101236,Rohan Verma,53,Female,Mumbai,Maharashtra,Salaried,90464.12,717,Salary,147677.07,2024-08-18
C101237,Aarav Reddy,30,Male,Kolkata,West Bengal,Salaried,92207.49,681,Savings,27342.4,2023-04-18
C101238,Kavya Roul,42,Female,Chennai,Tamil Nadu,Self-Employed,52399.95,680,Savings,59805.11,2023-03-22
C101239,Sneha Mehta,52,Male,Chennai,Tamil Nadu,Self-Employed,53403.86,576,Savings,34738.56,2015-11-30
C101240,Sahil Singh,32,Female,Bengaluru,Karnataka,Self-Employed,63723.87,732,Savings,91926.93,2025-05-01
C101241,Sneha Das,34,Male,Bhubaneswar,Odisha,Business,116644.23,635,Current,81477.96,2016-03-06
C101242,Ankit Kumar,30,Female,Chennai,Tamil Nadu,Retired,98938.11,632,Savings,77681.28,2019-10-10
C101243,Pooja Dasgupta,26,Male,Kolkata,West Bengal,Student,80535.32,604,Savings,40341.99,2022-11-04
C101244,Sahil Das,30,Female,Bengaluru,Karnataka,Salaried,30388.53,636,Current,65487.35,2015-11-14
C101245,Nisha Patel,24,Female,Guwahati,Assam,Salaried,47284.13,738,Salary,38174.46,2019-03-19
C101246,Rohan Panda,36,Male,Mumbai,Maharashtra,Salaried,48670.62,734,Savings,66415.51,2016-06-05
C101247,Rahul Mishra,28,Female,Guwahati,Assam,Salaried,120000.99,748,Savings,186036.58,2023-06-28
C101248,Amit Nayak,38,Female,Guwahati,Assam,Self-Employed,48228.87,638,Savings,46341.18,2015-02-25
C101249,Priya Kumar,20,Female,Jaipur,Rajasthan,Self-Employed,109587.87,719,Savings,146134.6,2016-10-25
C101250,Aditya Sharma,39,Female,Bhubaneswar,Odisha,Salaried,40183.2,665,Savings,55531.86,2020-10-30
C101251,Vivaan Panda,44,Male,Kolkata,West Bengal,Business,41986.45,767,Premium Savings,56581.51,2023-05-23
C101252,Vivaan Sahu,18,Male,Ahmedabad,Gujarat,Business,71674.35,733,Savings,115927.41,2016-05-12
C101253,Vivaan Verma,40,Male,Kochi,Kerala,Salaried,130296.66,662,Savings,38085.41,2016-11-11
C101254,Amit Sharma,48,Male,Chandigarh,Chandigarh,Salaried,48952.76,773,Savings,83223.49,2017-03-19
C101255,Riya Dasgupta,24,Male,Kolkata,West Bengal,Student,13434.3,738,Salary,31523.41,2019-11-28
C101256,Neha Bose,53,Female,Guwahati,Assam,Self-Employed,23266.91,615,Savings,16452.75,2024-10-02
C101257,Sahil Mishra,40,Male,Jaipur,Rajasthan,Salaried,64793.94,596,Salary,90426.61,2025-11-24
C101258,Aarav Singh,29,Male,Chennai,Tamil Nadu,Salaried,24439.37,617,Salary,63161.19,2016-04-10
C101259,Arjun Reddy,35,Male,Bhubaneswar,Odisha,Salaried,34167.46,812,Premium Savings,72009.47,2015-06-09
C101260,Sneha Jain,42,Female,Delhi,Delhi,Salaried,55374.61,639,Savings,50421.26,2024-12-06
C101261,Pooja Mishra,37,Female,Bengaluru,Karnataka,Business,14298.88,827,Savings,24946.33,2019-10-04
C101262,Rahul Behera,41,Male,Mumbai,Maharashtra,Salaried,44633.47,636,Salary,69609.86,2020-07-21
C101263,Aarav Nayak,27,Female,Chandigarh,Chandigarh,Salaried,28982.39,629,Current,40197.6,2016-11-30
C101264,Priya Mohanty,38,Male,Pune,Maharashtra,Salaried,24113.8,762,Salary,59225.61,2022-01-08
C101265,Priya Panda,22,Other,Lucknow,Uttar Pradesh,Business,35379.47,765,Current,98681.43,2024-01-03
C101266,Riya Dasgupta,35,Female,Bhubaneswar,Odisha,Salaried,30547.05,741,Current,32670.6,2020-11-18
C101267,Pooja Mehta,27,Male,Delhi,Delhi,Salaried,71203.88,749,Premium Savings,86716.15,2020-06-18
C101268,Nisha Das,29,Female,Hyderabad,Telangana,Self-Employed,106210.49,653,Premium Savings,111134.72,2016-07-26
C101269,Aditya Das,48,Female,Kolkata,West Bengal,Salaried,45010.62,759,Savings,84959.65,2023-05-26
C101270,Nisha Panda,47,Male,Kolkata,West Bengal,Salaried,39625.15,721,Savings,45094.72,2024-10-20
C101271,Neha Nayak,42,Female,Bhubaneswar,Odisha,Salaried,43795.03,681,Savings,34350.16,2021-02-18
C101272,Rohan Jain,25,Male,Delhi,Delhi,Business,29899.16,711,Savings,36334.61,2019-09-09
C101273,Vivaan Mishra,33,Male,Pune,Maharashtra,Retired,27072.68,774,Savings,17069.58,2019-06-24
C101274,Amit Sahu,48,Male,Chennai,Tamil Nadu,Salaried,22248.58,730,Savings,59093.15,2015-02-07
C101275,Rohan Sharma,37,Male,Kolkata,West Bengal,Salaried,26472.24,565,Premium Savings,500.0,2018-04-30
C101276,Rahul Mohanty,59,Male,Pune,Maharashtra,Salaried,134953.23,763,Savings,54931.36,2016-04-26
C101277,Ananya Verma,40,Female,Ahmedabad,Gujarat,Business,37622.48,758,Salary,67648.87,2019-11-19
C101278,Isha Das,38,Male,Kochi,Kerala,Self-Employed,12000.0,680,Savings,10159.91,2018-04-20
C101279,Aditya Gupta,33,Male,Jaipur,Rajasthan,Business,39823.29,713,Current,45313.08,2023-01-27
C101280,Pooja Mohanty,37,Female,Bengaluru,Karnataka,Business,22933.65,712,Savings,45159.52,2025-05-04
C101281,Aarav Behera,34,Female,Mumbai,Maharashtra,Student,56829.18,576,Savings,42356.58,2024-11-14
C101282,Rahul Sharma,43,Other,Lucknow,Uttar Pradesh,Student,53556.58,679,Salary,57809.12,2022-08-03
C101283,Pooja Kumar,46,Female,Chennai,Tamil Nadu,Business,56716.79,681,Premium Savings,96492.76,2018-01-15
C101284,Aditya Verma,28,Female,Lucknow,Uttar Pradesh,Salaried,53781.73,695,Savings,49218.82,2020-11-10
C101285,Rohan Mishra,23,Female,Jaipur,Rajasthan,Salaried,44806.02,671,Current,66135.53,2018-08-13
C101286,Riya Sharma,18,Female,Chandigarh,Chandigarh,Self-Employed,24694.74,748,Current,56521.55,2021-11-24
C101287,Rohan Roul,41,Female,Chandigarh,Chandigarh,Self-Employed,52787.45,652,Savings,48374.09,2024-12-22
C101288,Neha Das,25,Male,Pune,Maharashtra,Self-Employed,96326.33,764,Savings,60938.33,2019-03-03
C101289,Arjun Behera,18,Male,Ahmedabad,Gujarat,Salaried,149135.22,745,Salary,107267.24,2021-04-28
C101290,Rohan Reddy,40,Female,Delhi,Delhi,Self-Employed,48252.03,793,Savings,36562.67,2022-04-17
C101291,Ananya Bose,61,Male,Pune,Maharashtra,Salaried,51215.78,818,Savings,81026.46,2016-11-10
C101292,Arjun Bose,36,Male,Indore,Madhya Pradesh,Self-Employed,72426.2,818,Premium Savings,65858.9,2016-08-02
C101293,Nisha Rao,44,Female,Lucknow,Uttar Pradesh,Salaried,125037.79,628,Savings,153216.45,2018-04-03
C101294,Aarav Verma,37,Female,Pune,Maharashtra,Salaried,42092.52,727,Savings,75785.62,2020-11-13
C101295,Nisha Kumar,35,Male,Ahmedabad,Gujarat,Salaried,80502.76,658,Salary,118672.93,2022-09-06
C101296,Neha Kumar,45,Female,Indore,Madhya Pradesh,Student,34980.21,850,Savings,47994.82,2017-04-17
C101297,Arjun Bose,33,Female,Chennai,Tamil Nadu,Self-Employed,65940.32,745,Current,99280.2,2024-01-02
C101298,Neha Roul,39,Female,Pune,Maharashtra,Salaried,93800.06,797,Savings,145316.45,2021-11-19
C101299,Riya Verma,39,Female,Kochi,Kerala,Salaried,27041.15,733,Premium Savings,55983.97,2025-09-04
C101300,Priya Dasgupta,29,Female,Guwahati,Assam,Business,41202.69,534,Savings,16045.32,2023-01-05
C101301,Riya Reddy,46,Female,Lucknow,Uttar Pradesh,Salaried,92987.39,654,Savings,147085.31,2019-03-01
C101302,Nisha Mehta,34,Male,Guwahati,Assam,Retired,77186.29,660,Savings,146410.6,2020-10-28
C101303,Nisha Mohanty,28,Female,Kochi,Kerala,Self-Employed,97232.36,680,Savings,90458.65,2021-10-12
C101304,Kavya Das,41,Female,Lucknow,Uttar Pradesh,Salaried,87704.66,728,Salary,157531.65,2017-10-26
C101305,Arjun Jain,27,Female,Bhubaneswar,Odisha,Self-Employed,45591.73,738,Savings,71582.09,2020-04-17
C101306,Riya Bose,36,Female,Jaipur,Rajasthan,Salaried,184359.52,534,Savings,165215.32,2020-03-10
C101307,Vivaan Patel,36,Male,Kolkata,West Bengal,Business,59301.45,690,Savings,110640.69,2017-05-12
C101308,Priya Mishra,47,Female,Pune,Maharashtra,Salaried,12000.0,673,Premium Savings,20718.49,2025-07-01
C101309,Kavya Dasgupta,41,Male,Pune,Maharashtra,Retired,47089.15,795,Savings,75151.89,2018-09-14
C101310,Aditi Roul,36,Male,Delhi,Delhi,Self-Employed,42490.86,743,Savings,69482.23,2025-05-25
C101311,Aditya Dasgupta,44,Male,Hyderabad,Telangana,Student,85176.04,693,Current,148609.08,2023-05-17
C101312,Sneha Behera,50,Male,Indore,Madhya Pradesh,Salaried,42913.28,720,Salary,10620.83,2023-01-28
C101313,Rahul Bose,42,Female,Bhubaneswar,Odisha,Salaried,100661.83,595,Salary,153101.4,2024-07-23
C101314,Nisha Rao,36,Male,Hyderabad,Telangana,Business,74760.36,748,Savings,95149.58,2025-05-28
C101315,Rohan Bose,23,Male,Delhi,Delhi,Self-Employed,31730.66,679,Savings,19171.89,2016-07-08
C101316,Sahil Mehta,25,Female,Mumbai,Maharashtra,Salaried,50913.49,653,Savings,72640.37,2016-11-03
C101317,Ankit Patel,33,Male,Guwahati,Assam,Salaried,35901.88,790,Current,40937.48,2020-11-17
C101318,Arjun Bose,30,Male,Mumbai,Maharashtra,Salaried,60882.78,723,Savings,106004.41,2023-01-07
C101319,Rahul Das,34,Male,Kochi,Kerala,Self-Employed,35784.44,662,Savings,17487.22,2024-04-20
C101320,Kavya Das,37,Male,Guwahati,Assam,Salaried,57298.39,666,Savings,98812.09,2020-04-24
C101321,Aarav Patel,41,Male,Chandigarh,Chandigarh,Salaried,47349.91,729,Premium Savings,48965.98,2015-02-10
C101322,Rohan Dasgupta,35,Male,Bengaluru,Karnataka,Salaried,50582.74,724,Salary,78889.89,2018-07-25
C101323,Karan Behera,41,Female,Pune,Maharashtra,Salaried,169923.85,707,Savings,238703.8,2019-09-02
C101324,Ankit Dasgupta,37,Male,Kochi,Kerala,Salaried,45108.3,627,Savings,98813.81,2017-01-04
C101325,Rahul Mishra,18,Male,Mumbai,Maharashtra,Retired,18980.17,636,Savings,23395.57,2016-09-07
C101326,Rahul Singh,27,Female,Pune,Maharashtra,Salaried,96162.32,656,Savings,97335.18,2020-04-11
C101327,Vivaan Gupta,35,Male,Delhi,Delhi,Student,95746.97,692,Current,145114.63,2015-10-02
C101328,Aditya Gupta,24,Female,Guwahati,Assam,Salaried,18521.2,702,Salary,16798.46,2025-12-15
C101329,Sahil Rao,42,Male,Kochi,Kerala,Salaried,37406.27,695,Salary,52605.0,2015-01-23
C101330,Sahil Roul,51,Male,Guwahati,Assam,Salaried,69897.44,698,Salary,148668.33,2018-07-01
C101331,Rahul Bose,48,Female,Delhi,Delhi,Self-Employed,73379.53,827,Savings,139186.15,2022-11-13
C101332,Arjun Reddy,34,Male,Kolkata,West Bengal,Business,54857.29,760,Salary,72463.01,2017-02-07
C101333,Neha Verma,51,Male,Kolkata,West Bengal,Salaried,55541.87,782,Salary,70136.83,2017-03-27
C101334,Nisha Behera,37,Female,Lucknow,Uttar Pradesh,Salaried,32822.36,735,Current,63524.26,2022-10-13
C101335,Karan Sharma,33,Male,Hyderabad,Telangana,Student,14693.66,710,Premium Savings,37700.66,2016-01-20
C101336,Rahul Sharma,30,Female,Kolkata,West Bengal,Retired,169789.97,732,Premium Savings,144373.83,2021-01-11
C101337,Rahul Patel,33,Female,Chennai,Tamil Nadu,Salaried,32283.82,720,Salary,92192.89,2020-02-22
C101338,Karan Patel,32,Male,Kochi,Kerala,Self-Employed,60607.06,758,Savings,124022.62,2018-09-17
C101339,Sahil Singh,38,Female,Kolkata,West Bengal,Salaried,50398.77,642,Savings,28191.69,2016-01-23
C101340,Amit Singh,38,Male,Ahmedabad,Gujarat,Salaried,90088.44,752,Salary,55122.25,2015-09-08
C101341,Rahul Mohanty,36,Other,Chennai,Tamil Nadu,Salaried,58587.81,716,Savings,32094.0,2022-01-03
C101342,Kavya Verma,40,Female,Guwahati,Assam,Salaried,59843.07,588,Salary,34912.11,2020-04-03
C101343,Rahul Kumar,48,Female,Bhubaneswar,Odisha,Business,12915.89,711,Current,45158.41,2021-08-31
C101344,Amit Verma,45,Male,Guwahati,Assam,Salaried,34778.41,620,Salary,47663.61,2016-10-02
C101345,Karan Patel,21,Female,Pune,Maharashtra,Self-Employed,82837.54,670,Savings,129938.0,2015-10-01
C101346,Rahul Bose,18,Male,Indore,Madhya Pradesh,Student,78838.44,695,Savings,121003.02,2018-12-06
C101347,Aditya Sahu,45,Male,Indore,Madhya Pradesh,Salaried,32587.35,607,Salary,64167.51,2022-02-19
C101348,Priya Patel,22,Female,Kolkata,West Bengal,Salaried,23090.41,702,Savings,16345.45,2021-04-09
C101349,Neha Gupta,34,Male,Chennai,Tamil Nadu,Business,58965.46,709,Salary,73404.09,2024-11-27
C101350,Sneha Roul,24,Female,Pune,Maharashtra,Salaried,12000.0,754,Salary,30329.63,2017-07-14
C101351,Aarav Patel,18,Male,Bhubaneswar,Odisha,Salaried,29240.72,676,Savings,500.0,2018-11-13
C101352,Ananya Behera,41,Female,Indore,Madhya Pradesh,Salaried,144809.89,723,Savings,104558.23,2022-01-19
C101353,Amit Mohanty,44,Male,Guwahati,Assam,Salaried,121768.32,699,Salary,60275.13,2015-02-27
C101354,Pooja Mohanty,30,Male,Guwahati,Assam,Student,71903.17,678,Savings,64959.94,2025-05-28
C101355,Ananya Jain,18,Male,Delhi,Delhi,Self-Employed,65128.89,596,Savings,23568.57,2017-02-28
C101356,Nisha Kumar,31,Female,Hyderabad,Telangana,Salaried,18816.6,698,Salary,10367.1,2018-01-29
C101357,Aditi Dasgupta,40,Male,Jaipur,Rajasthan,Self-Employed,36597.0,753,Current,93902.98,2018-03-10
C101358,Amit Singh,21,Female,Chandigarh,Chandigarh,Retired,46758.24,644,Salary,81865.95,2024-03-15
C101359,Aditya Sharma,38,Male,Ahmedabad,Gujarat,Salaried,37027.31,691,Savings,76714.11,2025-03-22
C101360,Rohan Behera,36,Male,Mumbai,Maharashtra,Salaried,45363.12,700,Current,65565.42,2024-09-25
C101361,Aditya Sahu,42,Male,Guwahati,Assam,Retired,112382.32,777,Savings,72251.05,2019-10-12
C101362,Aditya Rao,37,Male,Guwahati,Assam,Retired,40826.46,707,Savings,69485.05,2021-07-21
C101363,Ankit Jain,26,Female,Chennai,Tamil Nadu,Salaried,45595.85,724,Premium Savings,23443.24,2023-03-07
C101364,Aditi Patel,48,Female,Kochi,Kerala,Salaried,82605.43,704,Savings,58772.61,2018-06-06
C101365,Rohan Panda,34,Male,Chennai,Tamil Nadu,Salaried,25194.39,673,Savings,12602.76,2019-02-13
C101366,Isha Roul,36,Female,Chandigarh,Chandigarh,Salaried,34647.33,631,Salary,13136.25,2022-01-01
C101367,Arjun Sharma,27,Female,Delhi,Delhi,Self-Employed,36656.32,686,Salary,15625.67,2023-08-08
C101368,Sahil Mishra,32,Male,Kolkata,West Bengal,Salaried,56707.64,731,Premium Savings,121801.1,2019-07-10
C101369,Riya Gupta,27,Male,Indore,Madhya Pradesh,Salaried,45495.07,713,Savings,102720.81,2025-06-23
C101370,Aditya Behera,34,Female,Hyderabad,Telangana,Self-Employed,46293.23,801,Savings,51877.59,2017-11-09
C101371,Sneha Jain,53,Male,Kolkata,West Bengal,Retired,38155.25,766,Savings,60939.9,2021-04-17
C101372,Rohan Singh,22,Male,Pune,Maharashtra,Salaried,30519.83,786,Current,28256.78,2021-01-25
C101373,Nisha Reddy,20,Male,Bengaluru,Karnataka,Salaried,76888.92,573,Savings,28484.19,2022-03-12
C101374,Karan Kumar,51,Female,Bengaluru,Karnataka,Retired,45674.53,808,Savings,49558.5,2022-05-24
C101375,Neha Rao,34,Male,Bhubaneswar,Odisha,Self-Employed,77307.7,722,Salary,153254.85,2017-04-09
C101376,Aarav Bose,29,Male,Hyderabad,Telangana,Salaried,29842.64,732,Current,73541.94,2015-11-14
C101377,Vivaan Verma,46,Male,Indore,Madhya Pradesh,Salaried,38147.11,763,Savings,39635.07,2021-08-24
C101378,Sneha Dasgupta,30,Male,Pune,Maharashtra,Salaried,48700.17,706,Premium Savings,84832.14,2016-09-16
C101379,Ananya Sahu,54,Male,Bengaluru,Karnataka,Self-Employed,51264.9,635,Savings,73081.32,2016-02-26
C101380,Sneha Mohanty,43,Female,Chandigarh,Chandigarh,Salaried,83282.3,799,Salary,169548.12,2023-03-12
C101381,Vivaan Jain,31,Male,Guwahati,Assam,Salaried,43404.06,655,Premium Savings,41449.25,2017-06-05
C101382,Amit Jain,58,Female,Jaipur,Rajasthan,Salaried,82933.69,641,Savings,171134.4,2018-02-20
C101383,Rahul Reddy,30,Male,Kochi,Kerala,Salaried,67596.24,690,Savings,79826.27,2016-12-31
C101384,Nisha Bose,43,Female,Delhi,Delhi,Self-Employed,51860.85,680,Savings,65857.94,2017-12-12
C101385,Sneha Verma,39,Female,Chennai,Tamil Nadu,Salaried,32593.69,705,Salary,53832.39,2021-04-27
C101386,Ananya Patel,49,Male,Guwahati,Assam,Salaried,83397.19,699,Savings,135601.64,2016-02-24
C101387,Ankit Panda,52,Female,Lucknow,Uttar Pradesh,Retired,33044.25,793,Current,42623.35,2016-06-02
C101388,Ankit Gupta,36,Male,Delhi,Delhi,Self-Employed,54360.02,735,Current,129674.28,2023-12-09
C101389,Ankit Patel,28,Female,Lucknow,Uttar Pradesh,Salaried,53392.27,649,Savings,46306.96,2020-11-09
C101390,Pooja Sahu,41,Male,Kolkata,West Bengal,Business,49078.98,658,Premium Savings,28427.3,2021-08-02
C101391,Sneha Roul,29,Other,Bengaluru,Karnataka,Salaried,44398.57,680,Salary,6895.44,2022-03-26
C101392,Ankit Behera,56,Female,Mumbai,Maharashtra,Business,34994.5,680,Savings,77178.52,2023-08-04
C101393,Karan Mishra,37,Female,Hyderabad,Telangana,Business,22601.54,672,Savings,10352.07,2019-04-18
C101394,Nisha Sahu,32,Female,Guwahati,Assam,Self-Employed,119035.98,633,Savings,62696.71,2018-09-14
C101395,Ananya Sharma,38,Male,Ahmedabad,Gujarat,Business,41967.07,724,Salary,55434.31,2021-06-15
C101396,Ankit Behera,23,Female,Lucknow,Uttar Pradesh,Salaried,51257.99,675,Savings,25768.33,2023-08-29
C101397,Sneha Das,26,Female,Bhubaneswar,Odisha,Business,51085.88,643,Premium Savings,66173.63,2024-07-27
C101398,Pooja Roul,48,Female,Mumbai,Maharashtra,Salaried,100475.67,737,Savings,77265.47,2021-08-22
C101399,Rahul Das,29,Male,Chennai,Tamil Nadu,Salaried,159268.27,760,Savings,61726.83,2021-10-13
C101400,Sneha Singh,26,Female,Chennai,Tamil Nadu,Retired,60054.31,689,Current,105150.97,2018-02-09
C101401,Neha Kumar,41,Male,Bengaluru,Karnataka,Self-Employed,50449.95,821,Savings,65997.81,2025-11-03
C101402,Aditya Nayak,48,Female,Kolkata,West Bengal,Retired,29649.1,849,Salary,69351.42,2024-01-20
C101403,Rahul Gupta,43,Male,Kochi,Kerala,Salaried,24862.47,737,Savings,43108.41,2023-04-08
C101404,Karan Sahu,46,Male,Kolkata,West Bengal,Salaried,20731.35,675,Premium Savings,39875.21,2024-10-08
C101405,Rahul Mehta,28,Female,Mumbai,Maharashtra,Salaried,35503.04,722,Salary,35292.78,2021-11-27
C101406,Riya Mehta,22,Male,Chandigarh,Chandigarh,Self-Employed,17415.54,625,Salary,8123.7,2022-07-01
C101407,Sahil Singh,51,Female,Ahmedabad,Gujarat,Salaried,99552.95,648,Savings,109564.8,2025-03-13
C101408,Arjun Bose,33,Female,Bengaluru,Karnataka,Salaried,69410.36,596,Savings,125614.25,2020-04-23
C101409,Isha Patel,33,Male,Bhubaneswar,Odisha,Salaried,47891.16,664,Savings,83620.43,2017-05-07
C101410,Riya Rao,49,Male,Hyderabad,Telangana,Business,101240.04,625,Premium Savings,168885.3,2016-11-19
C101411,Aditi Behera,42,Female,Delhi,Delhi,Salaried,30514.36,746,Savings,32485.98,2015-01-11
C101412,Arjun Behera,41,Male,Kolkata,West Bengal,Student,35034.86,656,Savings,61979.36,2023-10-14
C101413,Neha Singh,58,Female,Jaipur,Rajasthan,Salaried,18986.85,723,Premium Savings,40722.21,2017-08-07
C101414,Amit Nayak,30,Female,Hyderabad,Telangana,Salaried,84202.76,754,Savings,66624.86,2017-06-05
C101415,Aditya Behera,45,Male,Kolkata,West Bengal,Salaried,35221.11,781,Savings,56497.4,2016-01-10
C101416,Nisha Jain,37,Male,Jaipur,Rajasthan,Retired,55476.85,682,Current,109423.17,2025-06-04
C101417,Sahil Mishra,39,Male,Mumbai,Maharashtra,Salaried,95464.09,725,Salary,154507.97,2024-01-04
C101418,Karan Dasgupta,51,Female,Indore,Madhya Pradesh,Salaried,116897.92,727,Savings,131929.47,2021-11-23
C101419,Priya Mishra,41,Male,Mumbai,Maharashtra,Business,54125.35,788,Premium Savings,32458.66,2016-08-23
C101420,Rahul Nayak,41,Male,Bhubaneswar,Odisha,Salaried,67942.64,756,Savings,45890.39,2016-08-10
C101421,Pooja Das,47,Female,Bhubaneswar,Odisha,Business,33455.48,790,Salary,18808.6,2016-11-06
C101422,Ananya Patel,32,Female,Indore,Madhya Pradesh,Salaried,138821.44,597,Savings,157290.91,2020-05-01
C101423,Ananya Dasgupta,28,Male,Ahmedabad,Gujarat,Salaried,50196.75,662,Savings,32840.99,2024-10-22
C101424,Amit Mishra,26,Male,Pune,Maharashtra,Salaried,57483.04,772,Salary,93935.76,2015-01-02
C101425,Amit Gupta,18,Female,Bhubaneswar,Odisha,Salaried,43972.48,743,Savings,78308.04,2018-08-17
C101426,Karan Patel,57,Female,Jaipur,Rajasthan,Business,106369.63,697,Savings,167002.08,2015-11-15
C101427,Amit Reddy,25,Female,Indore,Madhya Pradesh,Business,61381.58,674,Savings,95408.32,2025-01-17
C101428,Aditya Verma,34,Female,Hyderabad,Telangana,Self-Employed,83583.59,756,Current,100370.7,2025-11-16
C101429,Isha Rao,33,Female,Bengaluru,Karnataka,Student,66820.52,576,Savings,117092.02,2015-08-02
C101430,Sneha Sharma,39,Female,Kochi,Kerala,Salaried,48720.9,756,Savings,72908.7,2016-07-15
C101431,Ananya Gupta,44,Female,Pune,Maharashtra,Salaried,91701.7,711,Savings,57849.21,2020-09-26
C101432,Ananya Mohanty,45,Female,Lucknow,Uttar Pradesh,Self-Employed,66503.67,673,Savings,59757.01,2024-01-20
C101433,Sneha Panda,30,Female,Jaipur,Rajasthan,Self-Employed,32420.62,738,Current,63641.58,2019-12-06
C101434,Sahil Rao,34,Male,Kochi,Kerala,Salaried,31921.09,680,Salary,23919.37,2019-10-09
C101435,Priya Mohanty,39,Male,Kochi,Kerala,Self-Employed,59691.4,707,Salary,17116.88,2022-06-16
C101436,Sneha Panda,34,Female,Chennai,Tamil Nadu,Salaried,90598.26,702,Savings,137763.18,2020-04-16
C101437,Sahil Mehta,52,Male,Bengaluru,Karnataka,Business,135505.81,753,Current,202008.36,2018-09-01
C101438,Karan Verma,41,Female,Ahmedabad,Gujarat,Business,20694.45,715,Savings,19177.12,2018-05-24
C101439,Amit Sahu,43,Male,Guwahati,Assam,Self-Employed,55781.71,581,Salary,78189.36,2020-08-11
C101440,Ananya Panda,43,Female,Delhi,Delhi,Salaried,71998.08,615,Current,110547.99,2023-07-10
C101441,Kavya Gupta,48,Male,Kochi,Kerala,Self-Employed,64712.29,635,Savings,500.0,2016-04-25
C101442,Sneha Jain,38,Female,Kolkata,West Bengal,Business,95819.2,735,Savings,71961.14,2017-09-13
C101443,Aditi Bose,23,Female,Lucknow,Uttar Pradesh,Salaried,78875.99,741,Current,64620.41,2021-04-13
C101444,Sneha Reddy,40,Male,Jaipur,Rajasthan,Salaried,31986.31,814,Current,59939.4,2019-05-30
C101445,Neha Roul,29,Female,Guwahati,Assam,Retired,31475.13,639,Savings,38054.36,2019-03-26
C101446,Sahil Singh,31,Male,Bengaluru,Karnataka,Salaried,65312.49,790,Savings,49373.55,2023-09-05
C101447,Aditya Das,42,Male,Kochi,Kerala,Salaried,94832.4,579,Current,122046.77,2019-04-29
C101448,Priya Nayak,48,Male,Kolkata,West Bengal,Salaried,59514.08,706,Savings,27044.81,2022-12-02
C101449,Ananya Sharma,36,Male,Chennai,Tamil Nadu,Self-Employed,23091.62,721,Savings,500.0,2020-04-27
C101450,Riya Sharma,39,Other,Bengaluru,Karnataka,Retired,30919.56,721,Savings,39133.69,2018-12-25
C101451,Nisha Mehta,53,Male,Delhi,Delhi,Self-Employed,80452.5,685,Savings,109322.0,2018-06-30
C101452,Aditi Nayak,38,Female,Bengaluru,Karnataka,Salaried,45403.01,713,Savings,33653.93,2024-05-28
C101453,Isha Reddy,62,Male,Indore,Madhya Pradesh,Self-Employed,58686.5,625,Salary,29340.77,2020-11-08
C101454,Priya Das,42,Female,Bhubaneswar,Odisha,Self-Employed,98821.29,761,Savings,38522.35,2018-07-22
C101455,Sneha Behera,18,Male,Indore,Madhya Pradesh,Self-Employed,28392.31,721,Salary,64973.82,2020-12-13
C101456,Rahul Mehta,44,Female,Ahmedabad,Gujarat,Salaried,43794.13,729,Current,45362.34,2015-11-17
C101457,Ananya Panda,40,Female,Hyderabad,Telangana,Self-Employed,41254.21,687,Savings,5215.48,2024-11-26
C101458,Sneha Jain,49,Female,Kochi,Kerala,Salaried,66873.62,684,Premium Savings,130207.55,2021-10-15
C101459,Ankit Mohanty,43,Male,Delhi,Delhi,Salaried,84134.92,739,Salary,77817.02,2024-06-11
C101460,Rohan Kumar,35,Female,Pune,Maharashtra,Self-Employed,24365.94,808,Current,8378.85,2017-05-26
C101461,Amit Sharma,24,Male,Kochi,Kerala,Retired,54832.78,614,Current,53766.42,2025-09-18
C101462,Pooja Gupta,34,Male,Guwahati,Assam,Salaried,88718.12,611,Savings,52452.56,2016-11-11
C101463,Rahul Mishra,27,Male,Chennai,Tamil Nadu,Retired,19830.09,722,Premium Savings,26219.78,2025-08-08
C101464,Ananya Panda,30,Male,Mumbai,Maharashtra,Salaried,53086.22,683,Salary,67587.25,2022-02-08
C101465,Arjun Gupta,42,Male,Pune,Maharashtra,Business,28181.11,713,Salary,53196.43,2024-05-07
C101466,Rohan Jain,53,Female,Chandigarh,Chandigarh,Salaried,38647.09,703,Savings,53912.52,2018-02-11
C101467,Arjun Nayak,40,Male,Kochi,Kerala,Salaried,13867.72,745,Salary,6783.23,2022-12-23
C101468,Vivaan Gupta,24,Male,Chandigarh,Chandigarh,Self-Employed,118313.39,686,Savings,175822.48,2016-08-08
C101469,Riya Panda,40,Male,Pune,Maharashtra,Self-Employed,45223.97,626,Savings,91583.55,2024-06-02
C101470,Karan Mishra,48,Female,Indore,Madhya Pradesh,Business,35282.17,654,Salary,75814.2,2019-11-26
C101471,Rohan Sahu,30,Female,Bhubaneswar,Odisha,Self-Employed,65882.97,695,Premium Savings,78800.55,2021-04-14
C101472,Arjun Nayak,35,Male,Bhubaneswar,Odisha,Self-Employed,31002.34,623,Savings,66100.37,2019-12-14
C101473,Priya Nayak,36,Female,Chandigarh,Chandigarh,Student,29425.12,703,Savings,57620.7,2020-06-30
C101474,Karan Patel,28,Female,Bhubaneswar,Odisha,Salaried,126218.46,709,Savings,150784.32,2022-10-18
C101475,Pooja Panda,42,Male,Guwahati,Assam,Salaried,148724.83,682,Premium Savings,203578.2,2023-11-06
C101476,Neha Mishra,35,Female,Lucknow,Uttar Pradesh,Salaried,39713.78,719,Salary,40668.67,2017-10-23
C101477,Pooja Mishra,40,Female,Mumbai,Maharashtra,Salaried,98926.61,600,Current,93698.08,2022-09-08
C101478,Arjun Sharma,27,Female,Jaipur,Rajasthan,Business,66897.09,643,Savings,94547.05,2016-05-07
C101479,Aarav Dasgupta,32,Male,Guwahati,Assam,Salaried,25272.73,631,Current,33585.6,2021-04-04
C101480,Arjun Rao,43,Male,Ahmedabad,Gujarat,Salaried,33011.65,762,Savings,29599.03,2025-02-02
C101481,Isha Verma,32,Male,Chennai,Tamil Nadu,Salaried,129080.74,850,Savings,89457.23,2019-11-19
C101482,Rohan Singh,53,Female,Mumbai,Maharashtra,Self-Employed,25093.18,648,Salary,47575.26,2022-04-24
C101483,Arjun Reddy,32,Female,Jaipur,Rajasthan,Salaried,192844.24,690,Savings,126644.35,2018-11-27
C101484,Ananya Dasgupta,38,Male,Chennai,Tamil Nadu,Salaried,40168.54,660,Savings,29276.34,2016-12-30
C101485,Pooja Reddy,45,Male,Jaipur,Rajasthan,Self-Employed,131207.68,719,Current,197406.77,2015-04-14
C101486,Riya Gupta,22,Female,Kolkata,West Bengal,Business,46491.67,665,Savings,39433.99,2024-09-17
C101487,Priya Das,18,Female,Lucknow,Uttar Pradesh,Salaried,85394.37,723,Savings,156460.67,2019-02-06
C101488,Karan Verma,21,Female,Pune,Maharashtra,Self-Employed,118463.09,748,Savings,165625.69,2024-08-04
C101489,Sahil Das,49,Female,Bengaluru,Karnataka,Salaried,118132.61,625,Salary,74872.42,2020-03-24
C101490,Neha Bose,30,Female,Chandigarh,Chandigarh,Student,39882.28,723,Savings,11709.74,2023-08-23
C101491,Pooja Gupta,62,Male,Pune,Maharashtra,Salaried,34321.42,588,Savings,27640.61,2022-07-07
C101492,Sahil Rao,30,Male,Indore,Madhya Pradesh,Retired,52597.39,688,Salary,62092.6,2018-11-18
C101493,Vivaan Kumar,38,Male,Chennai,Tamil Nadu,Retired,26898.47,684,Current,74015.35,2023-03-03
C101494,Kavya Roul,51,Female,Indore,Madhya Pradesh,Business,62735.56,690,Savings,69165.08,2019-10-04
C101495,Rohan Sharma,56,Male,Indore,Madhya Pradesh,Salaried,35019.15,685,Savings,36449.42,2017-05-25
C101496,Isha Sahu,57,Male,Mumbai,Maharashtra,Self-Employed,99765.61,673,Premium Savings,78146.34,2021-12-02
C101497,Priya Singh,48,Male,Jaipur,Rajasthan,Salaried,40196.16,688,Savings,28335.13,2021-04-11
C101498,Amit Mohanty,46,Male,Pune,Maharashtra,Student,21096.15,720,Salary,60148.47,2024-10-29
C101499,Pooja Mohanty,42,Female,Guwahati,Assam,Business,118846.92,722,Premium Savings,79812.44,2025-04-28
C101500,Rahul Panda,44,Male,Lucknow,Uttar Pradesh,Retired,60836.24,712,Savings,56425.33,2025-07-14
C101501,Neha Jain,30,Male,Indore,Madhya Pradesh,Self-Employed,55888.43,668,Savings,102384.02,2017-02-21
C101502,Priya Sahu,28,Female,Delhi,Delhi,Self-Employed,100408.85,775,Savings,123243.4,2019-04-16
C101503,Karan Roul,36,Male,Jaipur,Rajasthan,Self-Employed,88827.85,804,Savings,112202.92,2019-03-13
C101504,Pooja Sharma,34,Female,Kochi,Kerala,Salaried,36173.03,621,Savings,34451.53,2017-01-03
C101505,Arjun Gupta,31,Female,Bengaluru,Karnataka,Salaried,42946.42,716,Current,60449.33,2025-06-19
C101506,Vivaan Patel,43,Female,Mumbai,Maharashtra,Self-Employed,29820.85,675,Salary,49530.63,2023-05-21
C101507,Ananya Singh,46,Female,Kochi,Kerala,Student,24578.81,765,Salary,29527.5,2015-02-13
C101508,Pooja Dasgupta,37,Male,Pune,Maharashtra,Self-Employed,75607.77,704,Savings,42943.19,2017-03-13
C101509,Aditya Sharma,51,Female,Pune,Maharashtra,Student,68240.25,708,Salary,82000.81,2019-12-16
C101510,Ananya Mehta,25,Male,Ahmedabad,Gujarat,Student,83578.75,737,Savings,56667.75,2019-01-18
C101511,Isha Patel,34,Male,Jaipur,Rajasthan,Self-Employed,111298.54,686,Savings,135461.99,2020-11-24
C101512,Vivaan Sharma,29,Male,Lucknow,Uttar Pradesh,Salaried,84208.37,814,Savings,126917.6,2017-03-09
C101513,Rahul Rao,18,Male,Indore,Madhya Pradesh,Self-Employed,88432.18,738,Salary,148268.14,2015-01-23
C101514,Rohan Singh,35,Female,Pune,Maharashtra,Salaried,17539.48,766,Salary,8165.19,2021-07-29
C101515,Aditya Nayak,35,Male,Kochi,Kerala,Salaried,46455.33,691,Salary,92615.57,2018-06-25
C101516,Rohan Mehta,51,Female,Ahmedabad,Gujarat,Salaried,93489.61,697,Savings,197642.82,2018-09-07
C101517,Pooja Roul,42,Male,Bhubaneswar,Odisha,Retired,28928.24,758,Savings,60072.53,2016-01-21
C101518,Arjun Sahu,26,Male,Pune,Maharashtra,Salaried,57844.16,751,Savings,75475.87,2025-03-20
C101519,Aarav Behera,55,Female,Jaipur,Rajasthan,Business,73188.52,624,Savings,114157.82,2019-02-19
C101520,Ankit Mishra,48,Male,Hyderabad,Telangana,Student,70168.72,713,Savings,80178.7,2025-04-09
C101521,Nisha Kumar,42,Female,Mumbai,Maharashtra,Self-Employed,67368.07,736,Savings,110993.8,2017-11-05
C101522,Karan Jain,34,Male,Kochi,Kerala,Self-Employed,76457.51,697,Savings,132561.31,2020-08-21
C101523,Isha Reddy,26,Male,Bhubaneswar,Odisha,Business,60748.5,730,Savings,75637.63,2025-05-02
C101524,Kavya Das,32,Male,Pune,Maharashtra,Salaried,24599.42,699,Savings,59790.73,2015-02-23
C101525,Vivaan Roul,47,Female,Ahmedabad,Gujarat,Salaried,72686.72,559,Salary,66483.59,2021-10-21
C101526,Arjun Roul,55,Male,Hyderabad,Telangana,Retired,64324.71,620,Current,56840.76,2018-01-23
C101527,Sneha Behera,51,Male,Hyderabad,Telangana,Salaried,24778.38,768,Premium Savings,54379.02,2015-05-18
C101528,Ananya Verma,31,Male,Kolkata,West Bengal,Business,117470.54,689,Savings,104465.16,2022-04-05
C101529,Rahul Bose,25,Female,Indore,Madhya Pradesh,Self-Employed,73769.39,717,Savings,106583.5,2018-01-31
C101530,Sneha Das,37,Female,Chennai,Tamil Nadu,Salaried,25742.46,705,Savings,46396.93,2022-03-13
C101531,Aarav Behera,18,Female,Chandigarh,Chandigarh,Retired,35088.01,651,Savings,74925.07,2020-05-14
C101532,Rohan Panda,39,Male,Bhubaneswar,Odisha,Business,40330.36,675,Salary,54499.09,2019-06-20
C101533,Kavya Mishra,35,Female,Mumbai,Maharashtra,Salaried,40314.58,726,Savings,13105.08,2015-06-29
C101534,Ananya Singh,31,Female,Guwahati,Assam,Retired,64619.15,733,Salary,57803.88,2022-10-19
C101535,Ananya Behera,20,Female,Kolkata,West Bengal,Business,32147.66,847,Salary,30324.42,2022-11-24
C101536,Ananya Roul,41,Female,Chandigarh,Chandigarh,Salaried,102289.64,674,Salary,161130.29,2017-11-02
C101537,Amit Singh,31,Female,Kolkata,West Bengal,Self-Employed,97760.94,814,Salary,35898.35,2018-01-28
C101538,Rohan Singh,24,Male,Mumbai,Maharashtra,Salaried,77320.39,649,Salary,106872.11,2022-01-05
C101539,Pooja Mishra,18,Female,Lucknow,Uttar Pradesh,Self-Employed,56354.73,737,Current,58927.14,2015-08-23
C101540,Aditi Roul,36,Female,Guwahati,Assam,Salaried,92105.01,717,Current,156492.85,2025-11-21
C101541,Isha Behera,54,Male,Chennai,Tamil Nadu,Self-Employed,47255.16,697,Current,50278.06,2021-06-01
C101542,Aditi Das,53,Male,Pune,Maharashtra,Self-Employed,36924.09,705,Savings,63494.58,2024-03-26
C101543,Aarav Nayak,31,Female,Bengaluru,Karnataka,Student,105836.29,665,Savings,114940.78,2015-05-05
C101544,Ananya Rao,30,Male,Ahmedabad,Gujarat,Business,65495.52,764,Savings,61088.67,2024-09-05
C101545,Amit Verma,41,Female,Chandigarh,Chandigarh,Salaried,37754.38,650,Savings,29889.33,2023-01-20
C101546,Amit Singh,26,Male,Guwahati,Assam,Student,43709.91,726,Salary,48800.92,2025-05-27
C101547,Amit Sahu,39,Male,Lucknow,Uttar Pradesh,Self-Employed,36682.43,754,Savings,72710.6,2020-04-12
C101548,Neha Reddy,44,Male,Chandigarh,Chandigarh,Self-Employed,167256.63,795,Savings,87800.83,2021-10-24
C101549,Isha Verma,48,Male,Jaipur,Rajasthan,Salaried,55124.12,768,Savings,83919.03,2022-02-02
C101550,Vivaan Rao,35,Male,Kochi,Kerala,Student,59985.77,742,Salary,56471.23,2020-02-05
C101551,Sneha Reddy,34,Male,Bhubaneswar,Odisha,Student,81777.62,664,Savings,117938.79,2020-07-01
C101552,Vivaan Dasgupta,27,Female,Mumbai,Maharashtra,Business,28187.67,654,Savings,37568.16,2016-12-12
C101553,Pooja Patel,28,Other,Hyderabad,Telangana,Retired,100527.79,631,Current,120742.32,2020-04-23
C101554,Isha Das,34,Male,Delhi,Delhi,Salaried,39370.54,625,Current,74445.38,2023-05-30
C101555,Sneha Behera,40,Female,Kochi,Kerala,Student,150481.8,705,Salary,254037.39,2024-10-23
C101556,Kavya Kumar,45,Female,Bengaluru,Karnataka,Self-Employed,46310.6,658,Salary,61465.63,2022-04-06
C101557,Isha Das,28,Female,Ahmedabad,Gujarat,Salaried,97322.99,783,Salary,181133.39,2023-06-02
C101558,Karan Jain,51,Female,Pune,Maharashtra,Business,13930.69,667,Savings,16274.18,2021-02-12
C101559,Vivaan Kumar,33,Male,Guwahati,Assam,Business,28818.28,711,Savings,76271.96,2024-01-21
C101560,Aarav Rao,36,Male,Ahmedabad,Gujarat,Salaried,46798.41,688,Premium Savings,33533.75,2016-03-01
C101561,Arjun Singh,29,Male,Jaipur,Rajasthan,Salaried,18000.55,614,Savings,58227.48,2015-06-06
C101562,Sneha Kumar,18,Male,Mumbai,Maharashtra,Salaried,76540.47,776,Savings,108801.41,2019-02-22
C101563,Ananya Dasgupta,45,Female,Chennai,Tamil Nadu,Salaried,65330.58,750,Salary,104640.67,2015-04-29
C101564,Amit Dasgupta,43,Male,Indore,Madhya Pradesh,Salaried,31892.73,758,Current,53175.55,2021-11-15
C101565,Riya Das,33,Female,Lucknow,Uttar Pradesh,Salaried,54519.36,744,Savings,59099.59,2025-01-10
C101566,Aditya Rao,37,Female,Bhubaneswar,Odisha,Salaried,85703.67,656,Savings,151648.68,2022-12-31
C101567,Neha Gupta,41,Female,Kochi,Kerala,Retired,17299.13,657,Savings,39404.54,2016-09-19
C101568,Riya Gupta,20,Female,Guwahati,Assam,Business,27300.75,734,Salary,30974.95,2022-11-30
C101569,Sneha Rao,31,Male,Mumbai,Maharashtra,Salaried,45742.81,805,Savings,90570.6,2023-04-04
C101570,Karan Mehta,44,Male,Indore,Madhya Pradesh,Retired,55722.34,730,Savings,74009.5,2016-12-25
C101571,Pooja Gupta,23,Male,Jaipur,Rajasthan,Self-Employed,53255.28,769,Salary,74937.51,2024-10-07
C101572,Rahul Singh,39,Female,Kolkata,West Bengal,Salaried,89697.72,671,Premium Savings,115461.28,2024-07-17
C101573,Karan Roul,22,Female,Lucknow,Uttar Pradesh,Salaried,71507.29,776,Salary,143812.32,2016-06-23
C101574,Rahul Singh,41,Female,Pune,Maharashtra,Salaried,80679.33,678,Salary,123877.2,2015-12-06
C101575,Rohan Bose,36,Male,Chandigarh,Chandigarh,Salaried,25607.92,721,Savings,38388.44,2019-09-15
C101576,Aarav Kumar,20,Female,Kochi,Kerala,Salaried,59560.12,681,Premium Savings,48564.56,2024-05-09
C101577,Aditi Nayak,48,Male,Jaipur,Rajasthan,Self-Employed,46451.32,763,Current,96895.88,2024-06-26
C101578,Sahil Singh,29,Male,Delhi,Delhi,Self-Employed,122912.5,764,Salary,123925.3,2016-05-04
C101579,Ananya Dasgupta,28,Female,Indore,Madhya Pradesh,Business,60536.76,609,Savings,112035.33,2015-08-18
C101580,Nisha Singh,38,Male,Kolkata,West Bengal,Salaried,38067.22,791,Savings,80669.16,2019-12-22
C101581,Rohan Das,47,Other,Chandigarh,Chandigarh,Business,87900.8,850,Savings,74295.16,2022-02-24
C101582,Ananya Jain,26,Male,Bengaluru,Karnataka,Self-Employed,74974.42,682,Salary,65767.34,2022-12-20
C101583,Vivaan Jain,37,Female,Mumbai,Maharashtra,Retired,35003.65,697,Savings,79599.93,2015-09-13
C101584,Rohan Behera,40,Male,Delhi,Delhi,Salaried,45406.89,786,Salary,26582.83,2018-07-11
C101585,Priya Roul,43,Female,Delhi,Delhi,Student,45834.53,709,Savings,74154.34,2016-02-04
C101586,Ananya Patel,38,Female,Chennai,Tamil Nadu,Business,108033.01,705,Savings,133301.56,2024-08-14
C101587,Sneha Mishra,32,Female,Lucknow,Uttar Pradesh,Self-Employed,61504.86,828,Salary,15524.92,2021-02-06
C101588,Kavya Mishra,28,Male,Pune,Maharashtra,Self-Employed,82028.24,617,Current,57573.98,2018-02-10
C101589,Aditya Kumar,37,Female,Indore,Madhya Pradesh,Salaried,41931.35,654,Savings,28223.05,2024-07-24
C101590,Riya Patel,25,Male,Chandigarh,Chandigarh,Retired,66120.14,732,Salary,53454.89,2017-03-06
C101591,Sahil Jain,18,Male,Guwahati,Assam,Salaried,112638.29,600,Salary,199955.74,2022-05-07
C101592,Kavya Gupta,40,Male,Hyderabad,Telangana,Self-Employed,45093.63,681,Savings,76168.96,2021-11-19
C101593,Arjun Mishra,45,Female,Jaipur,Rajasthan,Salaried,58596.11,680,Salary,41586.42,2023-04-09
C101594,Aarav Rao,18,Male,Ahmedabad,Gujarat,Salaried,25984.88,768,Savings,7121.12,2015-03-10
C101595,Priya Mishra,26,Female,Mumbai,Maharashtra,Self-Employed,36099.4,750,Current,22397.62,2018-09-24
C101596,Riya Nayak,42,Female,Chennai,Tamil Nadu,Student,45759.05,596,Savings,71055.83,2024-05-22
C101597,Arjun Dasgupta,57,Male,Ahmedabad,Gujarat,Salaried,30688.0,660,Savings,64273.92,2022-07-15
C101598,Priya Singh,36,Female,Bhubaneswar,Odisha,Retired,113797.29,660,Savings,58106.42,2024-07-06
C101599,Aarav Reddy,29,Male,Delhi,Delhi,Self-Employed,34689.23,691,Savings,42661.57,2025-02-02
C101600,Amit Jain,34,Female,Indore,Madhya Pradesh,Salaried,84781.08,634,Savings,196220.33,2018-07-20
C101601,Rohan Jain,50,Male,Delhi,Delhi,Salaried,60952.39,734,Savings,119170.84,2025-01-25
C101602,Vivaan Bose,30,Male,Jaipur,Rajasthan,Business,55941.23,660,Savings,44777.95,2022-12-15
C101603,Ankit Jain,28,Male,Lucknow,Uttar Pradesh,Salaried,124551.99,743,Savings,185085.95,2016-11-24
C101604,Amit Panda,31,Male,Jaipur,Rajasthan,Self-Employed,15863.22,705,Savings,29343.4,2025-02-26
C101605,Kavya Verma,26,Male,Guwahati,Assam,Salaried,49373.83,642,Savings,26714.59,2021-07-31
C101606,Sneha Reddy,37,Male,Ahmedabad,Gujarat,Salaried,30359.94,795,Savings,54269.51,2023-02-05
C101607,Priya Gupta,52,Male,Guwahati,Assam,Business,18700.53,797,Savings,60352.68,2025-08-03
C101608,Kavya Patel,39,Male,Bengaluru,Karnataka,Salaried,28509.31,724,Savings,46381.52,2019-02-09
C101609,Ananya Mehta,33,Male,Bengaluru,Karnataka,Salaried,55523.92,689,Salary,67059.57,2020-10-15
C101610,Sahil Panda,33,Female,Jaipur,Rajasthan,Salaried,36906.67,636,Savings,23133.68,2015-02-28
C101611,Aditya Das,20,Female,Ahmedabad,Gujarat,Salaried,90059.51,775,Savings,133224.49,2025-07-19
C101612,Aditya Verma,45,Female,Jaipur,Rajasthan,Salaried,48897.09,758,Savings,45589.21,2022-06-14
C101613,Aditya Sahu,35,Female,Kochi,Kerala,Self-Employed,46003.94,652,Savings,49671.9,2019-07-10
C101614,Sahil Reddy,34,Female,Kolkata,West Bengal,Self-Employed,46116.86,660,Savings,14797.12,2019-09-02
C101615,Aditya Panda,68,Female,Jaipur,Rajasthan,Salaried,52099.81,735,Salary,56462.8,2024-05-24
C101616,Priya Mehta,39,Male,Bhubaneswar,Odisha,Salaried,43692.22,629,Current,101595.93,2022-06-27
C101617,Neha Gupta,28,Female,Jaipur,Rajasthan,Salaried,34437.42,664,Savings,39358.7,2022-07-05
C101618,Aarav Panda,32,Male,Chennai,Tamil Nadu,Salaried,94763.55,637,Savings,173275.73,2015-09-09
C101619,Aditya Panda,47,Female,Indore,Madhya Pradesh,Self-Employed,39020.26,639,Savings,78792.45,2015-09-24
C101620,Sneha Panda,37,Female,Bhubaneswar,Odisha,Salaried,44540.26,658,Savings,72689.04,2017-03-01
C101621,Karan Panda,22,Male,Guwahati,Assam,Salaried,69651.62,764,Savings,111658.33,2024-04-02
C101622,Priya Mohanty,45,Female,Lucknow,Uttar Pradesh,Business,65538.7,591,Salary,77394.68,2023-07-16
C101623,Riya Rao,29,Male,Chennai,Tamil Nadu,Salaried,33647.62,733,Salary,75114.97,2020-08-16
C101624,Ananya Das,55,Male,Mumbai,Maharashtra,Self-Employed,83310.39,722,Salary,58627.99,2016-08-27
C101625,Vivaan Rao,47,Male,Bengaluru,Karnataka,Self-Employed,73925.06,768,Savings,90222.18,2023-03-05
C101626,Aarav Singh,32,Female,Kolkata,West Bengal,Salaried,60656.05,722,Current,115215.98,2017-12-28
C101627,Aarav Gupta,49,Female,Bhubaneswar,Odisha,Business,43384.79,680,Savings,105858.33,2015-12-10
C101628,Rohan Sahu,37,Female,Hyderabad,Telangana,Self-Employed,43975.44,652,Salary,57965.9,2016-12-07
C101629,Rohan Sharma,45,Male,Jaipur,Rajasthan,Salaried,49222.2,769,Savings,55029.77,2019-12-22
C101630,Aditya Behera,41,Male,Chennai,Tamil Nadu,Business,27933.47,737,Savings,41759.72,2015-07-02
C101631,Kavya Kumar,28,Female,Lucknow,Uttar Pradesh,Business,53824.87,673,Savings,83802.02,2018-02-02
C101632,Rahul Reddy,30,Male,Kochi,Kerala,Retired,89836.32,764,Savings,134343.16,2021-10-28
C101633,Rahul Nayak,46,Female,Guwahati,Assam,Self-Employed,89062.41,676,Salary,130669.13,2017-03-24
C101634,Aditya Roul,33,Male,Indore,Madhya Pradesh,Student,44605.84,705,Savings,91037.93,2022-09-21
C101635,Nisha Mishra,32,Male,Mumbai,Maharashtra,Salaried,98748.77,666,Current,63098.65,2020-09-01
C101636,Neha Behera,26,Male,Pune,Maharashtra,Self-Employed,156895.61,740,Salary,173918.99,2019-08-04
C101637,Sneha Mohanty,40,Female,Ahmedabad,Gujarat,Salaried,46220.3,640,Salary,16640.47,2016-12-09
C101638,Riya Panda,57,Male,Chennai,Tamil Nadu,Salaried,80452.45,686,Premium Savings,116686.51,2022-02-15
C101639,Pooja Jain,25,Male,Kolkata,West Bengal,Self-Employed,15843.95,662,Savings,3461.99,2023-05-18
C101640,Vivaan Panda,36,Male,Chennai,Tamil Nadu,Business,27532.1,722,Savings,33094.94,2024-06-11
C101641,Isha Rao,50,Male,Hyderabad,Telangana,Salaried,57826.65,730,Savings,50439.53,2024-05-24
C101642,Karan Reddy,35,Male,Mumbai,Maharashtra,Business,31614.95,633,Savings,18105.03,2025-07-21
C101643,Rohan Sahu,41,Male,Chennai,Tamil Nadu,Self-Employed,168830.34,731,Salary,240191.82,2015-01-14
C101644,Kavya Rao,25,Female,Pune,Maharashtra,Salaried,76414.08,609,Current,60928.05,2018-06-28
C101645,Amit Reddy,40,Male,Jaipur,Rajasthan,Salaried,93554.17,847,Current,64086.41,2018-01-26
C101646,Aditi Das,34,Female,Hyderabad,Telangana,Salaried,54128.92,672,Savings,65375.76,2021-04-15
C101647,Rahul Mohanty,46,Female,Guwahati,Assam,Salaried,31676.3,773,Salary,45514.06,2018-12-07
C101648,Sneha Sharma,48,Male,Delhi,Delhi,Self-Employed,41346.49,718,Savings,48792.42,2016-04-27
C101649,Pooja Mehta,62,Male,Chennai,Tamil Nadu,Salaried,63259.32,721,Savings,57011.85,2018-10-30
C101650,Nisha Bose,42,Female,Ahmedabad,Gujarat,Salaried,38724.78,629,Premium Savings,43539.41,2020-03-24
C101651,Riya Behera,39,Male,Chennai,Tamil Nadu,Business,79558.2,760,Savings,113060.39,2021-05-16
C101652,Kavya Dasgupta,38,Male,Kochi,Kerala,Self-Employed,81337.85,708,Salary,85782.95,2024-05-17
C101653,Neha Verma,32,Male,Bhubaneswar,Odisha,Salaried,55150.89,736,Salary,43126.53,2022-10-23
C101654,Amit Roul,39,Female,Bhubaneswar,Odisha,Salaried,20150.6,699,Salary,17435.47,2015-12-19
C101655,Nisha Nayak,33,Female,Bhubaneswar,Odisha,Salaried,141240.61,713,Savings,254622.55,2021-05-08
C101656,Karan Kumar,38,Other,Chennai,Tamil Nadu,Business,48928.65,647,Premium Savings,9246.88,2025-06-07
C101657,Aditi Reddy,49,Female,Bengaluru,Karnataka,Student,244065.19,695,Savings,412387.82,2020-03-11
C101658,Sneha Mehta,26,Male,Indore,Madhya Pradesh,Business,78746.03,678,Savings,61895.39,2015-12-28
C101659,Ankit Roul,47,Male,Bhubaneswar,Odisha,Salaried,49001.84,659,Savings,88989.19,2016-04-21
C101660,Aarav Bose,49,Male,Indore,Madhya Pradesh,Business,70360.72,714,Savings,36933.54,2025-04-18
C101661,Nisha Mehta,35,Male,Hyderabad,Telangana,Salaried,18114.74,729,Premium Savings,41919.25,2016-01-06
C101662,Rohan Mishra,18,Male,Pune,Maharashtra,Salaried,96709.49,721,Salary,118322.7,2017-01-17
C101663,Arjun Singh,30,Male,Bengaluru,Karnataka,Salaried,225687.4,698,Savings,90672.08,2023-03-08
C101664,Vivaan Das,49,Male,Bhubaneswar,Odisha,Business,17431.08,732,Savings,10602.63,2015-12-20
C101665,Arjun Panda,36,Male,Chandigarh,Chandigarh,Self-Employed,46958.22,721,Current,56119.97,2017-01-30
C101666,Aditya Verma,26,Male,Jaipur,Rajasthan,Self-Employed,51904.07,711,Savings,41245.46,2018-07-24
C101667,Aarav Verma,31,Female,Bhubaneswar,Odisha,Business,89006.46,716,Savings,129163.41,2021-08-18
C101668,Kavya Jain,44,Female,Ahmedabad,Gujarat,Salaried,175145.98,782,Current,187894.79,2022-01-10
C101669,Sahil Nayak,41,Other,Guwahati,Assam,Salaried,67892.01,627,Salary,86758.51,2025-10-30
C101670,Nisha Mohanty,34,Male,Kolkata,West Bengal,Self-Employed,178630.37,684,Savings,153836.34,2015-03-24
C101671,Ankit Rao,32,Male,Chandigarh,Chandigarh,Self-Employed,60404.95,727,Savings,66312.44,2023-08-07
C101672,Aarav Patel,32,Male,Lucknow,Uttar Pradesh,Business,70500.25,602,Current,33417.95,2016-11-24
C101673,Aarav Singh,27,Male,Kochi,Kerala,Salaried,65881.83,795,Savings,29420.79,2023-11-05
C101674,Neha Dasgupta,52,Male,Pune,Maharashtra,Business,107608.33,722,Salary,99545.31,2015-02-12
C101675,Pooja Jain,33,Female,Kolkata,West Bengal,Salaried,43599.98,767,Salary,67344.4,2017-06-09
C101676,Ankit Nayak,48,Other,Ahmedabad,Gujarat,Business,86262.15,778,Current,171135.62,2022-02-26
C101677,Riya Sahu,51,Male,Delhi,Delhi,Salaried,27949.38,732,Savings,9249.95,2019-03-15
C101678,Kavya Jain,46,Male,Ahmedabad,Gujarat,Retired,47033.3,560,Savings,55502.65,2020-02-29
C101679,Ankit Panda,32,Male,Mumbai,Maharashtra,Salaried,38749.75,715,Savings,17714.91,2015-11-29
C101680,Pooja Panda,40,Male,Bhubaneswar,Odisha,Business,57726.25,719,Salary,122726.22,2024-11-02
C101681,Pooja Nayak,36,Male,Kochi,Kerala,Self-Employed,46223.55,634,Savings,62455.64,2023-02-14
C101682,Aditya Sahu,27,Male,Chennai,Tamil Nadu,Salaried,102514.75,589,Savings,102372.54,2025-07-30
C101683,Karan Jain,39,Male,Indore,Madhya Pradesh,Salaried,33922.07,735,Premium Savings,40512.98,2017-10-07
C101684,Ananya Sahu,24,Male,Lucknow,Uttar Pradesh,Business,21223.51,624,Savings,22895.63,2018-06-14
C101685,Vivaan Gupta,48,Male,Mumbai,Maharashtra,Salaried,26071.09,839,Salary,30436.66,2024-05-22
C101686,Priya Patel,31,Male,Indore,Madhya Pradesh,Salaried,95023.63,722,Current,133196.21,2022-08-20
C101687,Aarav Sahu,38,Male,Pune,Maharashtra,Retired,32268.02,793,Savings,74025.02,2022-03-15
C101688,Amit Verma,39,Other,Kochi,Kerala,Business,68453.02,707,Savings,47849.06,2025-07-28
C101689,Priya Mishra,33,Male,Pune,Maharashtra,Salaried,46768.04,754,Salary,64408.97,2025-02-09
C101690,Kavya Roul,42,Female,Indore,Madhya Pradesh,Self-Employed,86545.25,708,Salary,102825.81,2024-09-11
C101691,Vivaan Panda,31,Female,Kochi,Kerala,Self-Employed,48444.17,770,Savings,64064.7,2017-02-21
C101692,Sneha Gupta,45,Female,Delhi,Delhi,Student,251570.9,573,Savings,310615.04,2023-05-20
C101693,Nisha Sahu,23,Female,Bhubaneswar,Odisha,Business,156225.04,763,Salary,127813.7,2023-06-23
C101694,Aditi Das,37,Female,Bhubaneswar,Odisha,Business,46245.66,748,Premium Savings,70468.74,2023-04-12
C101695,Pooja Mohanty,55,Female,Bengaluru,Karnataka,Salaried,42890.88,695,Salary,31474.26,2016-06-27
C101696,Aditya Kumar,26,Male,Delhi,Delhi,Self-Employed,308003.94,678,Current,382506.38,2018-06-25
C101697,Nisha Verma,29,Male,Chennai,Tamil Nadu,Salaried,30385.49,686,Salary,37046.64,2015-08-07
C101698,Rahul Panda,41,Other,Bhubaneswar,Odisha,Salaried,53360.47,723,Savings,15104.42,2019-04-03
C101699,Sneha Mishra,38,Female,Kolkata,West Bengal,Business,55683.29,784,Savings,37293.0,2022-12-01
C101700,Priya Roul,40,Female,Jaipur,Rajasthan,Salaried,54929.32,670,Savings,96714.55,2018-03-21
C101701,Vivaan Verma,41,Female,Bhubaneswar,Odisha,Self-Employed,21137.35,594,Premium Savings,35266.05,2016-12-30
C101702,Nisha Mohanty,42,Female,Chennai,Tamil Nadu,Student,72274.0,850,Salary,85902.08,2018-02-16
C101703,Aarav Das,47,Female,Jaipur,Rajasthan,Salaried,32253.95,749,Savings,500.0,2016-07-29
C101704,Ananya Verma,40,Female,Delhi,Delhi,Salaried,121161.84,680,Savings,48134.01,2021-05-03
C101705,Arjun Das,34,Female,Indore,Madhya Pradesh,Business,24693.81,782,Savings,7606.44,2018-07-16
C101706,Isha Das,43,Female,Kochi,Kerala,Student,56828.58,766,Salary,111991.11,2019-08-23
C101707,Pooja Sahu,55,Female,Chennai,Tamil Nadu,Business,16256.08,737,Savings,38719.86,2017-07-14
C101708,Karan Sahu,35,Female,Pune,Maharashtra,Self-Employed,16817.54,674,Salary,55879.09,2024-05-14
C101709,Ankit Mishra,26,Female,Guwahati,Assam,Salaried,34663.58,748,Savings,25188.52,2017-02-10
C101710,Aditya Mehta,47,Male,Bhubaneswar,Odisha,Salaried,37461.65,776,Salary,14063.31,2018-01-22
C101711,Aditi Nayak,35,Male,Lucknow,Uttar Pradesh,Business,123159.8,593,Savings,104947.55,2024-11-28
C101712,Isha Behera,18,Female,Chennai,Tamil Nadu,Salaried,53785.7,720,Savings,94380.2,2017-03-27
C101713,Riya Panda,44,Female,Guwahati,Assam,Student,111961.71,724,Savings,109022.88,2016-12-26
C101714,Priya Behera,31,Male,Pune,Maharashtra,Salaried,44631.98,722,Savings,61463.64,2025-12-25
C101715,Sneha Verma,35,Male,Lucknow,Uttar Pradesh,Self-Employed,76759.72,708,Savings,110329.28,2018-04-23
C101716,Ankit Sahu,39,Female,Indore,Madhya Pradesh,Business,36904.07,782,Current,30908.0,2017-11-28
C101717,Neha Mishra,38,Female,Ahmedabad,Gujarat,Business,35549.39,691,Current,67902.73,2022-10-28
C101718,Ankit Mehta,43,Female,Kochi,Kerala,Self-Employed,20203.7,705,Savings,18835.46,2019-12-06
C101719,Sahil Nayak,32,Female,Lucknow,Uttar Pradesh,Student,66154.83,726,Current,76503.04,2017-12-19
C101720,Amit Nayak,41,Male,Lucknow,Uttar Pradesh,Retired,63527.89,693,Salary,67587.18,2016-01-14
C101721,Sahil Reddy,33,Male,Bengaluru,Karnataka,Retired,84339.92,615,Savings,71366.63,2020-06-29
C101722,Ankit Behera,43,Male,Bhubaneswar,Odisha,Business,61901.12,719,Current,42759.52,2018-12-25
C101723,Arjun Jain,42,Female,Indore,Madhya Pradesh,Business,167626.95,720,Salary,271591.62,2021-06-28
C101724,Nisha Behera,27,Male,Kochi,Kerala,Business,60591.12,681,Salary,119619.33,2019-01-29
C101725,Nisha Mishra,47,Female,Kochi,Kerala,Salaried,94901.34,696,Savings,177578.44,2018-11-29
C101726,Aditi Mishra,31,Male,Ahmedabad,Gujarat,Salaried,46019.87,498,Salary,46830.98,2023-08-30
C101727,Sahil Gupta,44,Female,Lucknow,Uttar Pradesh,Salaried,33370.58,784,Salary,33596.79,2022-03-13
C101728,Nisha Mohanty,40,Female,Ahmedabad,Gujarat,Salaried,81619.28,764,Savings,33757.54,2020-11-12
C101729,Ankit Mishra,54,Male,Delhi,Delhi,Salaried,52368.32,618,Current,89471.14,2020-01-16
C101730,Nisha Gupta,34,Female,Jaipur,Rajasthan,Salaried,86917.28,661,Savings,62037.72,2024-04-20
C101731,Neha Gupta,33,Male,Jaipur,Rajasthan,Student,66782.98,799,Savings,58666.54,2022-01-28
C101732,Aarav Bose,36,Male,Guwahati,Assam,Business,35558.38,630,Savings,52546.3,2022-09-15
C101733,Riya Das,33,Male,Delhi,Delhi,Salaried,99307.29,736,Savings,122099.02,2024-04-29
C101734,Rahul Mishra,44,Male,Lucknow,Uttar Pradesh,Salaried,34061.87,673,Savings,31564.5,2016-11-29
C101735,Vivaan Panda,20,Female,Bengaluru,Karnataka,Business,77576.35,732,Savings,140896.83,2015-05-31
C101736,Priya Bose,25,Female,Indore,Madhya Pradesh,Business,111298.89,708,Savings,136401.68,2025-08-25
C101737,Neha Singh,25,Male,Mumbai,Maharashtra,Retired,44514.1,687,Savings,14252.53,2024-05-12
C101738,Aditi Rao,46,Male,Bengaluru,Karnataka,Retired,103868.96,730,Salary,86024.46,2021-07-25
C101739,Karan Panda,53,Female,Chennai,Tamil Nadu,Retired,68444.45,673,Savings,22108.6,2019-04-29
C101740,Riya Bose,35,Female,Delhi,Delhi,Salaried,87873.85,589,Current,70504.08,2016-09-29
C101741,Nisha Gupta,34,Male,Lucknow,Uttar Pradesh,Salaried,34713.11,645,Savings,12138.04,2021-01-12
C101742,Arjun Mishra,37,Female,Kolkata,West Bengal,Business,61880.08,637,Savings,65272.03,2021-05-18
C101743,Rohan Kumar,48,Female,Kochi,Kerala,Salaried,25352.78,601,Premium Savings,55007.98,2017-05-12
C101744,Aarav Panda,27,Female,Chandigarh,Chandigarh,Business,140970.19,729,Current,50471.68,2022-11-16
C101745,Pooja Singh,38,Male,Chandigarh,Chandigarh,Self-Employed,18167.5,694,Savings,36299.02,2019-11-13
C101746,Vivaan Das,46,Female,Kochi,Kerala,Business,45250.77,728,Current,80894.2,2018-11-21
C101747,Arjun Rao,41,Female,Bengaluru,Karnataka,Salaried,32946.78,739,Savings,58796.84,2022-03-31
C101748,Vivaan Rao,38,Female,Delhi,Delhi,Self-Employed,79711.86,754,Salary,168968.11,2024-02-04
C101749,Priya Nayak,46,Female,Hyderabad,Telangana,Self-Employed,158460.2,731,Savings,164510.89,2022-08-25
C101750,Isha Verma,18,Female,Chennai,Tamil Nadu,Retired,78849.15,641,Salary,76185.22,2023-12-06
C101751,Karan Nayak,43,Male,Jaipur,Rajasthan,Salaried,280350.11,743,Savings,289068.75,2018-03-28
C101752,Neha Verma,29,Female,Bhubaneswar,Odisha,Student,25776.57,719,Current,55911.35,2017-04-29
C101753,Priya Rao,18,Female,Chennai,Tamil Nadu,Business,26888.05,847,Salary,60634.54,2018-11-02
C101754,Nisha Singh,41,Female,Delhi,Delhi,Business,33653.61,706,Savings,52419.15,2022-11-05
C101755,Rahul Patel,50,Male,Chandigarh,Chandigarh,Business,58792.7,730,Savings,57006.0,2025-11-10
C101756,Amit Sharma,35,Male,Pune,Maharashtra,Self-Employed,31265.83,699,Current,41421.22,2020-08-25
C101757,Vivaan Nayak,46,Female,Pune,Maharashtra,Salaried,36376.34,708,Savings,14953.86,2021-03-09
C101758,Sahil Panda,52,Female,Kochi,Kerala,Salaried,77370.0,704,Salary,59961.36,2024-04-22
C101759,Neha Nayak,49,Male,Lucknow,Uttar Pradesh,Student,27820.93,677,Current,9874.0,2023-05-02
C101760,Sneha Reddy,52,Female,Jaipur,Rajasthan,Business,29490.71,717,Savings,54302.83,2023-11-28
C101761,Rahul Behera,43,Male,Lucknow,Uttar Pradesh,Salaried,44174.02,745,Salary,48786.11,2018-01-06
C101762,Amit Panda,37,Other,Jaipur,Rajasthan,Self-Employed,46520.33,678,Savings,59768.91,2016-01-07
C101763,Vivaan Sharma,20,Female,Delhi,Delhi,Salaried,95855.5,759,Salary,152383.87,2020-10-03
C101764,Rahul Verma,34,Male,Hyderabad,Telangana,Salaried,33514.61,751,Savings,48572.78,2023-09-03
C101765,Arjun Singh,28,Female,Ahmedabad,Gujarat,Self-Employed,37009.67,648,Salary,32808.57,2017-05-13
C101766,Arjun Roul,58,Female,Hyderabad,Telangana,Salaried,75735.86,642,Savings,47266.58,2017-11-23
C101767,Pooja Mehta,34,Male,Indore,Madhya Pradesh,Salaried,85464.41,734,Salary,83580.62,2017-06-12
C101768,Sneha Verma,37,Female,Chennai,Tamil Nadu,Salaried,120678.7,667,Savings,68896.49,2020-03-30
C101769,Isha Behera,42,Male,Chennai,Tamil Nadu,Self-Employed,71189.79,637,Savings,42211.87,2017-12-04
C101770,Sneha Roul,36,Female,Hyderabad,Telangana,Salaried,59088.33,817,Savings,50517.11,2015-05-09
C101771,Priya Panda,53,Male,Lucknow,Uttar Pradesh,Salaried,75460.12,642,Savings,112866.0,2025-05-04
C101772,Priya Rao,30,Male,Chennai,Tamil Nadu,Salaried,47477.51,606,Savings,84083.78,2016-04-17
C101773,Aarav Dasgupta,38,Male,Pune,Maharashtra,Salaried,47285.85,654,Savings,90329.47,2020-10-18
C101774,Neha Reddy,29,Male,Indore,Madhya Pradesh,Salaried,20729.8,720,Premium Savings,2119.01,2022-05-20
C101775,Nisha Behera,23,Female,Kochi,Kerala,Salaried,89901.26,710,Savings,174323.39,2022-01-29
C101776,Karan Reddy,30,Male,Chennai,Tamil Nadu,Salaried,61783.45,828,Salary,36769.48,2017-02-02
C101777,Sahil Verma,36,Male,Mumbai,Maharashtra,Business,84327.23,655,Savings,130743.91,2020-04-30
C101778,Riya Nayak,32,Female,Lucknow,Uttar Pradesh,Salaried,12000.0,720,Savings,500.0,2016-07-26
C101779,Karan Gupta,29,Male,Pune,Maharashtra,Salaried,53593.47,778,Savings,85274.15,2020-03-28
C101780,Priya Jain,22,Female,Indore,Madhya Pradesh,Salaried,34349.87,662,Current,32371.14,2021-07-31
C101781,Sneha Mishra,35,Female,Guwahati,Assam,Salaried,125597.53,751,Savings,167085.96,2018-08-15
C101782,Aditya Reddy,21,Female,Indore,Madhya Pradesh,Business,77103.79,586,Salary,59818.47,2019-03-05
C101783,Amit Dasgupta,44,Male,Guwahati,Assam,Salaried,62562.29,819,Premium Savings,94123.87,2021-04-28
C101784,Riya Verma,37,Male,Chennai,Tamil Nadu,Salaried,43370.09,770,Savings,24757.26,2019-03-28
C101785,Vivaan Roul,21,Female,Chennai,Tamil Nadu,Salaried,68429.07,661,Savings,97311.98,2022-05-20
C101786,Ankit Das,33,Male,Lucknow,Uttar Pradesh,Self-Employed,33010.68,759,Savings,17167.83,2021-08-07
C101787,Karan Sahu,28,Male,Pune,Maharashtra,Salaried,52064.55,790,Savings,54033.18,2025-02-08
C101788,Rohan Singh,39,Male,Kolkata,West Bengal,Self-Employed,40014.16,621,Savings,55795.66,2015-05-19
C101789,Vivaan Mishra,49,Male,Hyderabad,Telangana,Salaried,191311.41,666,Premium Savings,249319.16,2018-08-13
C101790,Karan Nayak,18,Female,Bhubaneswar,Odisha,Salaried,123446.08,792,Salary,120874.07,2022-11-12
C101791,Pooja Nayak,37,Female,Hyderabad,Telangana,Business,98692.53,709,Premium Savings,131479.1,2016-03-04
C101792,Rohan Gupta,34,Female,Ahmedabad,Gujarat,Business,24231.71,733,Savings,37268.31,2022-01-22
C101793,Neha Roul,43,Female,Chandigarh,Chandigarh,Self-Employed,88466.11,710,Savings,162462.68,2019-01-09
C101794,Arjun Sharma,38,Male,Lucknow,Uttar Pradesh,Salaried,60980.24,763,Savings,52422.15,2024-09-30
C101795,Ankit Mishra,28,Male,Delhi,Delhi,Self-Employed,107795.54,738,Current,62729.81,2025-02-07
C101796,Pooja Panda,33,Other,Jaipur,Rajasthan,Salaried,65670.54,712,Salary,24127.67,2015-02-02
C101797,Neha Bose,28,Male,Ahmedabad,Gujarat,Business,54797.17,568,Salary,121126.98,2016-10-12
C101798,Sneha Dasgupta,47,Male,Hyderabad,Telangana,Self-Employed,62546.77,747,Savings,30762.89,2019-09-23
C101799,Aarav Patel,36,Female,Lucknow,Uttar Pradesh,Salaried,20373.5,752,Savings,29151.58,2020-05-01
C101800,Riya Mehta,55,Female,Bhubaneswar,Odisha,Self-Employed,36062.78,624,Savings,27276.27,2018-10-02
C101801,Rahul Panda,35,Male,Jaipur,Rajasthan,Business,67536.47,629,Salary,103171.14,2018-10-11
C101802,Sahil Jain,29,Female,Bengaluru,Karnataka,Salaried,102924.61,739,Current,195605.05,2022-04-07
C101803,Nisha Patel,21,Other,Kolkata,West Bengal,Student,40632.25,718,Savings,86568.37,2025-02-15
C101804,Rahul Reddy,18,Male,Lucknow,Uttar Pradesh,Student,53779.34,577,Savings,98156.31,2016-02-15
C101805,Kavya Mohanty,20,Female,Mumbai,Maharashtra,Salaried,22800.61,652,Salary,41725.61,2017-02-05
C101806,Ankit Reddy,39,Male,Kochi,Kerala,Student,122725.99,725,Salary,110973.53,2025-03-29
C101807,Pooja Gupta,41,Female,Bengaluru,Karnataka,Salaried,101482.98,749,Savings,162692.02,2019-01-06
C101808,Karan Patel,20,Female,Ahmedabad,Gujarat,Business,78727.27,667,Savings,27955.03,2018-06-08
C101809,Ankit Roul,45,Female,Chandigarh,Chandigarh,Business,68791.25,695,Current,41757.37,2016-10-28
C101810,Priya Patel,31,Male,Kolkata,West Bengal,Self-Employed,129183.67,648,Savings,193714.73,2020-03-27
C101811,Rahul Mishra,37,Male,Indore,Madhya Pradesh,Salaried,35324.51,791,Savings,40070.4,2021-02-17
C101812,Riya Verma,52,Male,Chandigarh,Chandigarh,Student,33284.58,716,Salary,13523.17,2017-02-01
C101813,Vivaan Das,45,Female,Bhubaneswar,Odisha,Salaried,98609.64,662,Savings,175423.87,2023-06-08
C101814,Rohan Dasgupta,33,Male,Delhi,Delhi,Salaried,95031.23,630,Savings,145850.41,2015-03-31
C101815,Aditi Gupta,27,Male,Indore,Madhya Pradesh,Salaried,28528.7,623,Savings,64937.04,2019-12-04
C101816,Neha Jain,18,Male,Chennai,Tamil Nadu,Student,41062.09,823,Savings,36046.17,2024-01-28
C101817,Priya Das,29,Male,Jaipur,Rajasthan,Student,139258.85,694,Savings,125302.82,2021-11-30
C101818,Pooja Mehta,34,Male,Chandigarh,Chandigarh,Salaried,68975.42,679,Savings,48119.8,2020-02-13
C101819,Rohan Roul,26,Female,Mumbai,Maharashtra,Student,84798.01,691,Savings,47502.66,2021-08-28
C101820,Karan Singh,35,Male,Ahmedabad,Gujarat,Salaried,29074.39,664,Savings,36889.67,2021-06-17
C101821,Isha Singh,37,Male,Ahmedabad,Gujarat,Retired,78924.18,698,Premium Savings,45945.33,2022-10-15
C101822,Aditi Mishra,34,Female,Lucknow,Uttar Pradesh,Self-Employed,25193.48,707,Current,500.0,2019-11-17
C101823,Aarav Singh,29,Female,Indore,Madhya Pradesh,Salaried,18512.23,706,Savings,25734.63,2023-03-13
C101824,Aarav Singh,38,Male,Chandigarh,Chandigarh,Salaried,82030.11,623,Savings,96830.32,2019-06-24
C101825,Priya Jain,40,Male,Delhi,Delhi,Salaried,121059.0,763,Savings,130822.87,2020-04-23
C101826,Nisha Kumar,25,Female,Chandigarh,Chandigarh,Salaried,47834.68,669,Savings,92918.19,2024-05-09
C101827,Karan Roul,50,Male,Delhi,Delhi,Business,40720.45,662,Savings,7612.24,2017-09-24
C101828,Aarav Mishra,35,Female,Chandigarh,Chandigarh,Salaried,140935.16,659,Savings,207869.27,2017-10-31
C101829,Aarav Mishra,36,Male,Indore,Madhya Pradesh,Retired,49412.45,637,Current,41119.69,2023-02-10
C101830,Karan Gupta,43,Male,Pune,Maharashtra,Self-Employed,53046.05,722,Current,100756.54,2019-03-09
C101831,Neha Mohanty,38,Male,Bhubaneswar,Odisha,Business,139631.9,763,Current,124262.2,2021-09-27
C101832,Pooja Reddy,46,Female,Indore,Madhya Pradesh,Salaried,45279.82,658,Premium Savings,58866.91,2018-10-15
C101833,Arjun Sahu,39,Female,Indore,Madhya Pradesh,Student,38383.13,585,Savings,43155.83,2020-05-30
C101834,Pooja Verma,30,Male,Chandigarh,Chandigarh,Business,86130.42,638,Premium Savings,159239.03,2022-08-11
C101835,Aarav Mohanty,40,Female,Chandigarh,Chandigarh,Student,37181.54,676,Savings,54146.7,2019-07-02
C101836,Neha Singh,25,Male,Bengaluru,Karnataka,Retired,50795.22,625,Savings,57575.8,2018-05-14
C101837,Kavya Behera,37,Male,Ahmedabad,Gujarat,Salaried,26623.54,666,Premium Savings,32993.53,2015-06-14
C101838,Aditi Verma,36,Female,Mumbai,Maharashtra,Salaried,60904.17,669,Savings,47781.73,2025-11-20
C101839,Priya Mishra,34,Male,Indore,Madhya Pradesh,Business,57099.01,704,Savings,55278.49,2025-06-02
C101840,Vivaan Das,35,Female,Chennai,Tamil Nadu,Student,93666.85,610,Savings,81607.58,2024-11-02
C101841,Sahil Verma,18,Female,Indore,Madhya Pradesh,Self-Employed,88130.99,743,Savings,83783.92,2017-08-17
C101842,Karan Patel,31,Female,Ahmedabad,Gujarat,Salaried,74490.24,813,Premium Savings,46875.75,2023-07-23
C101843,Aditya Das,37,Female,Bhubaneswar,Odisha,Self-Employed,68318.04,798,Savings,69150.11,2025-06-25
C101844,Amit Panda,38,Male,Indore,Madhya Pradesh,Salaried,52828.11,667,Premium Savings,77009.18,2025-02-06
C101845,Riya Gupta,26,Male,Guwahati,Assam,Salaried,76906.39,748,Savings,92165.53,2025-05-24
C101846,Kavya Das,49,Male,Bhubaneswar,Odisha,Self-Employed,29831.07,741,Savings,23907.76,2020-09-07
C101847,Amit Sharma,27,Male,Delhi,Delhi,Salaried,15110.68,702,Savings,4913.68,2016-03-17
C101848,Karan Gupta,46,Male,Mumbai,Maharashtra,Self-Employed,104207.9,717,Savings,48154.68,2019-09-21
C101849,Rahul Patel,40,Male,Delhi,Delhi,Retired,79688.19,749,Savings,83823.87,2019-10-11
C101850,Rahul Dasgupta,30,Female,Kolkata,West Bengal,Business,51289.74,762,Salary,88599.86,2023-09-06
C101851,Ankit Mohanty,54,Male,Hyderabad,Telangana,Retired,99319.35,652,Savings,99496.76,2018-01-08
C101852,Aditya Panda,24,Female,Delhi,Delhi,Business,36782.04,754,Salary,34814.2,2025-09-12
C101853,Aarav Reddy,45,Female,Kochi,Kerala,Salaried,37311.9,813,Salary,72299.82,2021-06-23
C101854,Pooja Das,46,Female,Kochi,Kerala,Business,34572.46,762,Savings,74532.92,2019-06-30
C101855,Rohan Singh,29,Male,Ahmedabad,Gujarat,Student,75152.94,805,Salary,131681.55,2021-08-26
C101856,Ankit Patel,50,Male,Kochi,Kerala,Retired,23027.89,537,Salary,500.0,2015-04-27
C101857,Ananya Patel,33,Male,Delhi,Delhi,Business,36071.54,744,Current,26615.42,2016-11-02
C101858,Pooja Sahu,39,Male,Guwahati,Assam,Salaried,64500.72,722,Savings,104393.32,2020-09-28
C101859,Sahil Dasgupta,39,Male,Chandigarh,Chandigarh,Salaried,28362.0,772,Savings,76416.5,2016-11-12
C101860,Pooja Kumar,35,Female,Guwahati,Assam,Salaried,38250.72,632,Salary,24413.19,2025-05-05
C101861,Kavya Rao,44,Male,Bhubaneswar,Odisha,Retired,16296.84,672,Savings,30538.84,2018-05-16
C101862,Priya Gupta,44,Female,Mumbai,Maharashtra,Salaried,76747.96,764,Savings,113522.44,2024-12-10
C101863,Neha Kumar,19,Other,Lucknow,Uttar Pradesh,Student,37676.02,636,Savings,74827.0,2021-09-10
C101864,Aditi Behera,49,Male,Delhi,Delhi,Salaried,30045.97,721,Savings,34686.61,2025-10-28
C101865,Rohan Gupta,19,Male,Delhi,Delhi,Business,26979.32,704,Savings,22175.34,2022-10-28
C101866,Vivaan Jain,46,Female,Chennai,Tamil Nadu,Salaried,43698.59,692,Savings,66280.77,2025-07-28
C101867,Ananya Dasgupta,47,Male,Hyderabad,Telangana,Salaried,23063.42,742,Savings,61073.43,2020-11-16
C101868,Amit Dasgupta,25,Female,Hyderabad,Telangana,Salaried,160074.93,632,Savings,206374.56,2017-03-23
C101869,Pooja Singh,32,Male,Hyderabad,Telangana,Self-Employed,14816.24,654,Savings,28070.14,2025-09-02
C101870,Kavya Singh,25,Female,Kochi,Kerala,Salaried,42926.64,696,Current,78897.0,2025-11-27
C101871,Priya Bose,34,Male,Indore,Madhya Pradesh,Business,58330.9,627,Salary,20791.82,2021-05-15
C101872,Aditya Das,33,Male,Chennai,Tamil Nadu,Salaried,35904.93,785,Savings,44734.92,2023-06-07
C101873,Rahul Mehta,44,Female,Lucknow,Uttar Pradesh,Business,61806.32,653,Savings,42403.08,2016-07-25
C101874,Aditi Patel,49,Male,Bengaluru,Karnataka,Salaried,35429.77,756,Savings,86452.37,2016-06-16
C101875,Nisha Mehta,50,Male,Jaipur,Rajasthan,Business,127598.06,648,Salary,151346.68,2022-06-10
C101876,Sneha Jain,30,Male,Lucknow,Uttar Pradesh,Salaried,29723.88,751,Current,38782.42,2018-09-26
C101877,Riya Nayak,34,Male,Bengaluru,Karnataka,Business,15091.93,600,Savings,500.0,2023-11-04
C101878,Sahil Bose,19,Female,Mumbai,Maharashtra,Salaried,26927.77,797,Salary,56198.6,2025-10-06
C101879,Rahul Mishra,28,Female,Chennai,Tamil Nadu,Business,68027.04,779,Savings,42517.13,2015-08-09
C101880,Kavya Mishra,46,Female,Kolkata,West Bengal,Student,51546.01,669,Savings,61094.88,2025-11-18
C101881,Karan Mohanty,52,Female,Bhubaneswar,Odisha,Salaried,83179.95,651,Savings,140899.96,2016-01-06
C101882,Nisha Reddy,24,Male,Chandigarh,Chandigarh,Salaried,72478.7,735,Savings,11968.19,2018-06-20
C101883,Rohan Kumar,30,Male,Lucknow,Uttar Pradesh,Business,38759.62,606,Current,57234.21,2023-11-22
C101884,Rahul Reddy,36,Female,Chennai,Tamil Nadu,Self-Employed,42028.05,707,Savings,65532.94,2023-08-03
C101885,Aditya Patel,39,Female,Mumbai,Maharashtra,Salaried,44496.14,653,Salary,14342.63,2016-08-02
C101886,Arjun Bose,28,Male,Chandigarh,Chandigarh,Self-Employed,155046.26,688,Savings,74872.48,2023-12-27
C101887,Pooja Bose,40,Male,Chennai,Tamil Nadu,Salaried,80421.81,663,Savings,91255.39,2018-11-18
C101888,Vivaan Mishra,31,Male,Jaipur,Rajasthan,Salaried,155673.52,653,Current,231878.43,2020-02-22
C101889,Ananya Dasgupta,36,Female,Hyderabad,Telangana,Salaried,87335.92,816,Savings,139339.22,2019-06-10
C101890,Neha Behera,41,Female,Delhi,Delhi,Business,53109.85,756,Savings,59521.58,2016-11-08
C101891,Vivaan Reddy,36,Male,Delhi,Delhi,Salaried,31396.12,609,Current,500.0,2020-03-01
C101892,Pooja Patel,32,Female,Kochi,Kerala,Self-Employed,61446.63,648,Premium Savings,101072.34,2015-01-04
C101893,Kavya Nayak,35,Male,Jaipur,Rajasthan,Student,53189.19,761,Savings,60896.43,2022-05-21
C101894,Vivaan Mishra,35,Male,Kolkata,West Bengal,Salaried,52238.89,768,Savings,63673.79,2016-08-27
C101895,Aditi Singh,32,Female,Ahmedabad,Gujarat,Business,49024.92,615,Savings,55991.91,2017-03-31
C101896,Ananya Kumar,33,Male,Bhubaneswar,Odisha,Student,17787.19,750,Salary,27150.44,2024-11-25
C101897,Nisha Behera,52,Male,Ahmedabad,Gujarat,Salaried,110034.62,722,Premium Savings,92760.52,2016-12-05
C101898,Aditi Gupta,42,Other,Jaipur,Rajasthan,Salaried,53494.76,579,Salary,102797.99,2018-05-19
C101899,Ananya Das,33,Female,Hyderabad,Telangana,Retired,25266.87,679,Savings,58647.61,2018-06-13
C101900,Aditi Mehta,43,Female,Hyderabad,Telangana,Retired,71686.52,696,Salary,39106.13,2015-11-26
C101901,Arjun Rao,33,Male,Kochi,Kerala,Salaried,34350.73,708,Savings,44971.69,2017-01-26
C101902,Arjun Das,48,Male,Chandigarh,Chandigarh,Salaried,74926.72,619,Savings,84775.06,2017-08-25
C101903,Rohan Singh,40,Female,Mumbai,Maharashtra,Salaried,89321.68,655,Savings,21835.96,2024-08-14
C101904,Kavya Jain,35,Female,Kolkata,West Bengal,Salaried,96364.05,665,Salary,170135.48,2017-04-12
C101905,Sahil Mishra,40,Female,Lucknow,Uttar Pradesh,Salaried,50341.46,670,Salary,42775.7,2019-11-24
C101906,Amit Dasgupta,20,Male,Mumbai,Maharashtra,Self-Employed,43805.33,671,Salary,27270.35,2016-01-05
C101907,Pooja Das,25,Male,Ahmedabad,Gujarat,Student,38989.29,696,Salary,18584.79,2023-02-14
C101908,Rohan Sharma,24,Other,Bengaluru,Karnataka,Salaried,36963.37,725,Savings,500.0,2017-09-29
C101909,Ananya Nayak,37,Female,Ahmedabad,Gujarat,Student,54481.25,820,Salary,12568.62,2016-09-23
C101910,Rahul Singh,53,Male,Bhubaneswar,Odisha,Salaried,49018.34,762,Savings,56871.38,2022-09-05
C101911,Arjun Jain,58,Male,Ahmedabad,Gujarat,Salaried,34932.45,791,Savings,68000.47,2021-03-24
C101912,Rohan Jain,42,Male,Delhi,Delhi,Self-Employed,29319.46,674,Savings,35848.03,2024-06-25
C101913,Priya Gupta,41,Male,Chennai,Tamil Nadu,Salaried,51806.59,640,Salary,71824.35,2023-09-12
C101914,Nisha Jain,18,Male,Bhubaneswar,Odisha,Salaried,43316.1,757,Premium Savings,77157.27,2019-03-13
C101915,Karan Roul,31,Male,Mumbai,Maharashtra,Student,29358.48,704,Savings,59948.04,2015-01-21
C101916,Aarav Dasgupta,28,Female,Hyderabad,Telangana,Salaried,86846.94,752,Current,24726.0,2020-05-09
C101917,Karan Roul,30,Male,Ahmedabad,Gujarat,Business,145763.32,648,Savings,131538.81,2016-10-14
C101918,Ankit Nayak,34,Other,Mumbai,Maharashtra,Salaried,93387.43,747,Savings,8183.03,2018-11-12
C101919,Ankit Mohanty,31,Male,Bhubaneswar,Odisha,Salaried,37011.54,694,Savings,19491.34,2016-02-14
C101920,Aarav Nayak,18,Female,Guwahati,Assam,Self-Employed,53501.35,675,Savings,68588.21,2020-04-12
C101921,Isha Bose,43,Male,Kolkata,West Bengal,Business,128325.39,681,Savings,149452.91,2021-03-02
C101922,Kavya Bose,25,Female,Bhubaneswar,Odisha,Salaried,28841.01,737,Current,50193.86,2022-09-14
C101923,Aditi Panda,38,Other,Kolkata,West Bengal,Self-Employed,84585.3,755,Savings,106657.86,2019-06-03
C101924,Priya Sharma,57,Female,Bengaluru,Karnataka,Student,24801.09,681,Current,21708.9,2022-11-02
C101925,Sahil Mohanty,27,Female,Kolkata,West Bengal,Business,138872.17,727,Savings,52604.68,2017-05-20
C101926,Aarav Das,18,Male,Guwahati,Assam,Salaried,43408.71,727,Salary,66311.96,2025-03-27
C101927,Aarav Verma,33,Female,Lucknow,Uttar Pradesh,Business,187411.59,753,Current,221016.64,2020-04-18
C101928,Aditi Jain,47,Female,Pune,Maharashtra,Self-Employed,142275.92,769,Salary,263775.85,2022-06-30
C101929,Isha Verma,56,Other,Guwahati,Assam,Business,51872.9,823,Savings,54637.16,2019-03-22
C101930,Aditya Behera,24,Male,Kochi,Kerala,Self-Employed,37027.48,675,Savings,30549.65,2024-04-28
C101931,Priya Roul,41,Other,Ahmedabad,Gujarat,Salaried,61219.13,800,Premium Savings,48911.62,2020-03-13
C101932,Pooja Rao,31,Male,Bengaluru,Karnataka,Self-Employed,49811.49,713,Savings,84139.22,2022-12-02
C101933,Sahil Behera,35,Male,Pune,Maharashtra,Self-Employed,44100.51,634,Savings,37122.33,2017-09-21
C101934,Rohan Jain,62,Male,Bengaluru,Karnataka,Self-Employed,22095.43,663,Salary,49766.65,2023-07-23
C101935,Neha Roul,21,Male,Indore,Madhya Pradesh,Student,41443.4,735,Savings,65929.66,2025-04-13
C101936,Rohan Behera,39,Female,Indore,Madhya Pradesh,Student,29861.49,752,Current,82952.02,2016-01-28
C101937,Priya Sahu,41,Female,Mumbai,Maharashtra,Salaried,74495.55,639,Savings,126349.45,2019-05-07
C101938,Amit Gupta,47,Female,Indore,Madhya Pradesh,Salaried,94861.92,655,Savings,121973.52,2016-06-10
C101939,Rohan Mohanty,37,Female,Bengaluru,Karnataka,Self-Employed,82657.82,670,Savings,84267.42,2018-07-27
C101940,Kavya Rao,39,Female,Kolkata,West Bengal,Self-Employed,66396.18,649,Savings,51069.15,2023-07-23
C101941,Priya Das,32,Female,Kochi,Kerala,Retired,34406.11,583,Savings,76939.41,2025-06-27
C101942,Rohan Verma,39,Male,Kochi,Kerala,Self-Employed,61577.94,561,Salary,97207.02,2016-06-30
C101943,Nisha Singh,33,Female,Indore,Madhya Pradesh,Salaried,85059.76,680,Premium Savings,123423.94,2019-06-26
C101944,Aarav Sahu,42,Female,Jaipur,Rajasthan,Self-Employed,39841.28,721,Current,45105.76,2023-09-03
C101945,Aditya Jain,32,Female,Kolkata,West Bengal,Self-Employed,58719.73,748,Savings,45005.85,2018-09-01
C101946,Ananya Dasgupta,40,Female,Indore,Madhya Pradesh,Self-Employed,50771.2,616,Salary,57950.97,2025-01-26
C101947,Aditya Singh,36,Female,Pune,Maharashtra,Self-Employed,137226.78,618,Savings,110681.2,2018-03-05
C101948,Aditi Singh,47,Male,Chandigarh,Chandigarh,Salaried,87854.73,671,Savings,155402.02,2024-03-11
C101949,Aarav Verma,35,Male,Chandigarh,Chandigarh,Salaried,76889.63,705,Savings,110450.5,2022-07-26
C101950,Nisha Das,18,Female,Pune,Maharashtra,Salaried,21394.88,771,Salary,45571.9,2023-03-11
C101951,Rahul Panda,49,Male,Lucknow,Uttar Pradesh,Salaried,60484.9,752,Savings,24953.98,2024-10-14
C101952,Ankit Kumar,27,Female,Jaipur,Rajasthan,Salaried,50505.17,681,Premium Savings,113214.41,2019-10-06
C101953,Aditya Mehta,29,Male,Ahmedabad,Gujarat,Business,50265.64,728,Salary,58760.26,2021-09-11
C101954,Neha Roul,30,Male,Jaipur,Rajasthan,Salaried,23276.77,650,Savings,20574.65,2019-06-02
C101955,Vivaan Singh,50,Female,Pune,Maharashtra,Student,30236.82,710,Salary,19863.95,2020-12-27
C101956,Nisha Mehta,18,Male,Delhi,Delhi,Salaried,52980.48,701,Savings,46046.52,2015-10-21
C101957,Priya Panda,67,Female,Ahmedabad,Gujarat,Salaried,101517.26,796,Savings,68896.17,2018-11-21
C101958,Sneha Mishra,47,Male,Bhubaneswar,Odisha,Self-Employed,39747.41,737,Savings,16352.25,2020-06-23
C101959,Neha Mishra,38,Male,Lucknow,Uttar Pradesh,Salaried,44140.02,655,Salary,88966.39,2022-07-06
C101960,Pooja Singh,35,Female,Hyderabad,Telangana,Student,146486.57,656,Salary,247408.68,2023-04-21
C101961,Neha Das,39,Male,Bengaluru,Karnataka,Salaried,46715.73,683,Current,75313.74,2025-11-18
C101962,Aditi Nayak,41,Female,Bengaluru,Karnataka,Salaried,51238.9,603,Savings,47970.4,2021-07-30
C101963,Rohan Patel,42,Female,Chennai,Tamil Nadu,Student,51622.03,690,Savings,18441.33,2015-04-21
C101964,Neha Jain,42,Male,Lucknow,Uttar Pradesh,Salaried,26240.54,696,Savings,41559.85,2017-06-27
C101965,Aditya Mehta,37,Female,Ahmedabad,Gujarat,Salaried,75325.76,735,Premium Savings,135062.79,2024-12-06
C101966,Sahil Behera,34,Female,Bhubaneswar,Odisha,Salaried,38407.44,745,Salary,85957.85,2021-10-28
C101967,Isha Sharma,34,Male,Guwahati,Assam,Self-Employed,54097.84,711,Salary,66220.22,2016-12-30
C101968,Riya Mehta,34,Male,Hyderabad,Telangana,Salaried,70227.38,599,Salary,133147.23,2023-08-12
C101969,Arjun Roul,47,Male,Pune,Maharashtra,Salaried,160090.59,626,Current,91934.69,2017-08-21
C101970,Karan Kumar,42,Female,Chennai,Tamil Nadu,Business,26643.88,666,Current,9200.95,2019-02-20
C101971,Amit Dasgupta,18,Female,Indore,Madhya Pradesh,Student,88506.27,747,Savings,73496.64,2019-01-23
C101972,Vivaan Patel,43,Female,Lucknow,Uttar Pradesh,Salaried,88688.57,745,Savings,36678.83,2018-10-24
C101973,Sahil Panda,38,Female,Mumbai,Maharashtra,Salaried,38718.4,689,Salary,50952.34,2020-08-15
C101974,Riya Mishra,36,Female,Guwahati,Assam,Salaried,76482.37,850,Savings,136121.82,2024-03-25
C101975,Rohan Reddy,32,Female,Kolkata,West Bengal,Self-Employed,135805.41,807,Salary,99445.05,2015-01-07
C101976,Aditya Das,47,Female,Kochi,Kerala,Salaried,36111.05,786,Salary,43664.81,2021-11-05
C101977,Rahul Kumar,45,Male,Chandigarh,Chandigarh,Student,62811.71,751,Salary,39391.83,2021-09-20
C101978,Rohan Reddy,28,Female,Bengaluru,Karnataka,Business,68715.44,735,Savings,114104.68,2023-06-06
C101979,Ananya Nayak,40,Female,Hyderabad,Telangana,Salaried,73783.24,730,Savings,102342.63,2019-06-19
C101980,Isha Kumar,26,Female,Mumbai,Maharashtra,Self-Employed,83968.66,588,Savings,53535.97,2025-04-04
C101981,Ananya Dasgupta,22,Female,Bengaluru,Karnataka,Salaried,60267.97,637,Salary,102992.29,2015-11-13
C101982,Rahul Sahu,30,Male,Ahmedabad,Gujarat,Salaried,72946.27,691,Salary,44800.88,2022-03-29
C101983,Riya Sahu,45,Female,Lucknow,Uttar Pradesh,Salaried,33315.5,713,Savings,20805.97,2017-07-31
C101984,Riya Rao,46,Male,Bengaluru,Karnataka,Salaried,60191.74,697,Savings,80065.9,2016-07-19
C101985,Sneha Nayak,41,Female,Kochi,Kerala,Self-Employed,42323.63,723,Salary,500.0,2020-08-09
C101986,Aarav Kumar,43,Male,Kolkata,West Bengal,Self-Employed,27964.26,568,Savings,38206.83,2017-02-08
C101987,Nisha Kumar,41,Female,Hyderabad,Telangana,Salaried,41566.88,738,Premium Savings,54149.42,2015-07-01
C101988,Isha Mehta,30,Female,Hyderabad,Telangana,Retired,63786.03,709,Savings,49013.97,2017-05-15
C101989,Sahil Dasgupta,40,Female,Guwahati,Assam,Salaried,69896.93,693,Premium Savings,79558.64,2018-05-21
C101990,Riya Patel,44,Male,Bengaluru,Karnataka,Salaried,27376.38,765,Savings,9829.99,2019-11-19
C101991,Sneha Nayak,44,Other,Bhubaneswar,Odisha,Salaried,32838.81,637,Savings,51500.76,2016-01-16
C101992,Ankit Singh,48,Female,Chennai,Tamil Nadu,Self-Employed,81932.37,690,Savings,85114.71,2018-10-22
C101993,Aarav Patel,43,Female,Guwahati,Assam,Retired,72734.41,723,Salary,20526.55,2019-04-23
C101994,Sneha Das,40,Male,Lucknow,Uttar Pradesh,Self-Employed,89589.64,650,Savings,126361.13,2022-05-02
C101995,Nisha Bose,47,Female,Chennai,Tamil Nadu,Retired,116703.9,575,Current,79605.95,2017-01-06
C101996,Kavya Mohanty,36,Male,Ahmedabad,Gujarat,Salaried,73933.87,630,Savings,26602.85,2019-10-10
C101997,Isha Rao,27,Female,Lucknow,Uttar Pradesh,Salaried,43780.52,701,Premium Savings,82373.11,2016-09-09
C101998,Amit Mehta,34,Male,Chennai,Tamil Nadu,Self-Employed,58586.27,689,Savings,82135.7,2018-03-13
C101999,Isha Mehta,29,Female,Chennai,Tamil Nadu,Business,137040.51,704,Savings,248373.3,2018-06-28
C102000,Sneha Jain,29,Female,Delhi,Delhi,Salaried,251584.81,662,Savings,362078.71,2019-05-04
C102001,Ankit Jain,35,Male,Jaipur,Rajasthan,Student,70954.31,620,Current,66430.72,2022-07-28
C102002,Ankit Kumar,28,Male,Hyderabad,Telangana,Salaried,73839.07,714,Savings,114911.41,2024-03-17
C102003,Aditi Sahu,33,Female,Chennai,Tamil Nadu,Salaried,81979.79,694,Savings,70368.09,2020-05-22
C102004,Rahul Roul,18,Male,Bengaluru,Karnataka,Self-Employed,55724.46,746,Salary,86239.3,2015-05-23
C102005,Ankit Das,38,Female,Indore,Madhya Pradesh,Self-Employed,104318.93,656,Savings,88107.23,2017-12-05
C102006,Arjun Behera,36,Male,Chandigarh,Chandigarh,Salaried,95751.67,574,Savings,34037.41,2025-10-01
C102007,Rahul Sahu,28,Male,Chandigarh,Chandigarh,Salaried,66835.89,536,Savings,90628.79,2025-09-16
C102008,Rahul Das,43,Male,Jaipur,Rajasthan,Self-Employed,46174.25,679,Savings,68581.35,2019-09-24
C102009,Aditya Roul,45,Female,Kolkata,West Bengal,Business,23830.12,713,Savings,27796.73,2017-01-05
C102010,Rohan Sharma,20,Male,Bhubaneswar,Odisha,Business,82282.68,690,Salary,129021.95,2016-10-31
C102011,Ankit Reddy,28,Female,Indore,Madhya Pradesh,Business,61831.02,668,Savings,54560.99,2019-06-20
C102012,Vivaan Nayak,28,Female,Indore,Madhya Pradesh,Salaried,36655.41,602,Salary,38097.09,2022-08-26
C102013,Rohan Behera,27,Male,Lucknow,Uttar Pradesh,Retired,29543.89,582,Savings,34547.02,2020-10-20
C102014,Sahil Dasgupta,44,Female,Kochi,Kerala,Student,79132.31,729,Current,145417.28,2024-05-10
C102015,Karan Kumar,34,Male,Chennai,Tamil Nadu,Salaried,22797.55,690,Salary,500.0,2016-03-11
C102016,Ankit Rao,33,Female,Kolkata,West Bengal,Salaried,64853.82,681,Savings,83447.1,2020-03-19
C102017,Isha Panda,18,Male,Delhi,Delhi,Salaried,87469.13,605,Savings,53715.01,2024-01-16
C102018,Arjun Reddy,42,Male,Pune,Maharashtra,Salaried,74423.69,642,Savings,38849.03,2015-12-05
C102019,Kavya Behera,24,Female,Kochi,Kerala,Student,44363.91,708,Salary,30875.4,2018-11-19
C102020,Pooja Singh,37,Female,Bhubaneswar,Odisha,Business,27665.25,724,Savings,34286.95,2022-09-11
C102021,Neha Panda,39,Male,Guwahati,Assam,Student,75959.0,694,Premium Savings,45716.13,2023-03-21
C102022,Aditi Behera,50,Female,Chennai,Tamil Nadu,Salaried,106444.2,795,Savings,117457.88,2016-02-20
C102023,Aditi Gupta,23,Male,Lucknow,Uttar Pradesh,Self-Employed,40138.25,668,Savings,64166.45,2022-05-10
C102024,Nisha Bose,18,Female,Guwahati,Assam,Salaried,72684.83,789,Savings,98294.13,2024-09-02
C102025,Arjun Das,38,Female,Chandigarh,Chandigarh,Salaried,131258.22,719,Savings,212513.67,2019-07-15
C102026,Isha Roul,54,Male,Ahmedabad,Gujarat,Business,66267.47,712,Current,13838.77,2024-01-05
C102027,Arjun Dasgupta,48,Male,Indore,Madhya Pradesh,Salaried,44214.34,766,Current,75633.99,2024-01-19
C102028,Aarav Patel,38,Male,Ahmedabad,Gujarat,Business,97495.15,664,Salary,141959.87,2015-02-20
C102029,Amit Sahu,31,Male,Delhi,Delhi,Self-Employed,36659.58,684,Current,62320.85,2016-10-20
C102030,Neha Sahu,44,Male,Hyderabad,Telangana,Business,26932.33,625,Salary,16750.82,2018-07-30
C102031,Aarav Das,26,Female,Hyderabad,Telangana,Salaried,85979.58,766,Salary,134676.36,2016-06-11
C102032,Aarav Patel,41,Other,Jaipur,Rajasthan,Business,43989.19,727,Savings,79266.83,2021-06-11
C102033,Aarav Verma,41,Male,Chandigarh,Chandigarh,Retired,46212.33,776,Savings,12994.6,2020-09-07
C102034,Karan Das,47,Female,Guwahati,Assam,Student,38959.23,718,Savings,54894.46,2019-04-22
C102035,Riya Mehta,64,Female,Mumbai,Maharashtra,Business,42405.74,777,Savings,63545.22,2022-09-12
C102036,Karan Dasgupta,40,Female,Lucknow,Uttar Pradesh,Business,118985.49,656,Salary,209212.11,2020-02-06
C102037,Sneha Roul,31,Male,Delhi,Delhi,Salaried,137236.75,769,Current,200708.59,2015-02-17
C102038,Arjun Sharma,36,Female,Chennai,Tamil Nadu,Business,147609.67,679,Current,134820.26,2020-06-14
C102039,Priya Patel,18,Male,Lucknow,Uttar Pradesh,Business,100173.08,705,Salary,28682.59,2022-05-02
C102040,Priya Das,29,Male,Jaipur,Rajasthan,Self-Employed,71078.32,752,Savings,87287.67,2025-10-06
C102041,Sahil Mishra,32,Male,Chandigarh,Chandigarh,Business,25017.51,850,Savings,38779.42,2022-07-08
C102042,Isha Mishra,31,Male,Delhi,Delhi,Salaried,49610.11,758,Current,43739.93,2019-07-04
C102043,Riya Sharma,38,Male,Kochi,Kerala,Salaried,180106.47,764,Savings,208725.54,2019-09-27
C102044,Ananya Dasgupta,28,Female,Lucknow,Uttar Pradesh,Self-Employed,43282.19,670,Salary,50845.26,2023-08-26
C102045,Rohan Sahu,47,Male,Ahmedabad,Gujarat,Salaried,126483.6,715,Savings,71012.87,2015-08-12
C102046,Aditi Das,36,Female,Bhubaneswar,Odisha,Salaried,56690.29,699,Current,113788.53,2018-05-25
C102047,Nisha Behera,36,Male,Chandigarh,Chandigarh,Salaried,12608.29,796,Premium Savings,32001.21,2019-10-07
C102048,Vivaan Patel,33,Female,Chennai,Tamil Nadu,Salaried,78225.86,696,Savings,99543.9,2017-11-25
C102049,Pooja Jain,38,Female,Indore,Madhya Pradesh,Business,110362.82,791,Savings,178731.66,2023-04-28
C102050,Riya Sahu,44,Male,Bengaluru,Karnataka,Self-Employed,53537.66,620,Savings,11363.15,2022-02-10
C102051,Rohan Mohanty,27,Male,Indore,Madhya Pradesh,Salaried,108365.66,796,Savings,85473.35,2016-04-19
C102052,Neha Mishra,29,Female,Indore,Madhya Pradesh,Salaried,21977.69,649,Salary,21864.72,2021-10-08
C102053,Amit Das,33,Male,Mumbai,Maharashtra,Salaried,25668.71,761,Savings,8237.39,2024-01-19
C102054,Riya Roul,23,Male,Indore,Madhya Pradesh,Salaried,61559.77,649,Savings,109127.59,2023-12-31
C102055,Isha Behera,28,Male,Bhubaneswar,Odisha,Salaried,71503.49,745,Salary,50768.27,2025-03-09
C102056,Sneha Roul,31,Female,Hyderabad,Telangana,Student,115983.92,642,Savings,94679.13,2020-01-19
C102057,Karan Rao,45,Female,Jaipur,Rajasthan,Salaried,78158.72,772,Current,90503.57,2020-08-18
C102058,Neha Reddy,39,Female,Hyderabad,Telangana,Business,28526.61,760,Savings,8474.68,2019-03-08
C102059,Isha Mehta,38,Female,Chandigarh,Chandigarh,Student,61837.39,666,Savings,73212.73,2023-10-04
C102060,Arjun Dasgupta,45,Female,Ahmedabad,Gujarat,Retired,76533.86,743,Savings,88923.88,2020-04-23
C102061,Sneha Das,35,Female,Kochi,Kerala,Salaried,19619.12,767,Savings,48919.81,2022-12-26
C102062,Sneha Mohanty,40,Female,Pune,Maharashtra,Self-Employed,53695.8,645,Salary,66003.77,2018-10-04
C102063,Arjun Mishra,35,Male,Ahmedabad,Gujarat,Salaried,45730.38,638,Savings,65683.74,2024-06-19
C102064,Neha Dasgupta,39,Male,Pune,Maharashtra,Self-Employed,38369.08,635,Savings,89012.84,2020-12-31
C102065,Ankit Kumar,30,Female,Hyderabad,Telangana,Salaried,72360.5,626,Savings,54245.08,2025-11-24
C102066,Aarav Reddy,18,Female,Bhubaneswar,Odisha,Business,29224.53,635,Savings,83190.67,2019-02-03
C102067,Karan Singh,35,Male,Bhubaneswar,Odisha,Salaried,69173.44,765,Salary,49935.91,2016-04-02
C102068,Isha Das,50,Male,Mumbai,Maharashtra,Self-Employed,74817.61,741,Savings,46019.14,2023-10-23
C102069,Karan Mishra,45,Female,Indore,Madhya Pradesh,Self-Employed,99823.44,595,Savings,110343.47,2017-01-02
C102070,Aditi Singh,46,Female,Bhubaneswar,Odisha,Retired,29649.72,672,Savings,47590.73,2025-12-31
C102071,Arjun Dasgupta,48,Male,Guwahati,Assam,Self-Employed,24033.64,630,Savings,26832.15,2019-10-03
C102072,Isha Mishra,37,Female,Chandigarh,Chandigarh,Salaried,64118.32,761,Savings,133823.29,2020-12-17
C102073,Ananya Das,38,Female,Pune,Maharashtra,Salaried,46987.61,676,Current,95131.4,2023-07-09
C102074,Pooja Behera,30,Female,Kolkata,West Bengal,Salaried,271453.49,605,Salary,316534.69,2019-04-20
C102075,Aditya Bose,33,Male,Ahmedabad,Gujarat,Business,70775.11,716,Savings,40252.32,2024-10-04
C102076,Kavya Mehta,42,Male,Hyderabad,Telangana,Business,56787.83,744,Savings,69267.75,2022-07-26
C102077,Aarav Jain,48,Male,Delhi,Delhi,Self-Employed,50012.74,643,Salary,24051.62,2015-11-24
C102078,Kavya Rao,35,Male,Hyderabad,Telangana,Salaried,28145.83,688,Savings,4925.85,2016-09-07
C102079,Sneha Kumar,31,Female,Indore,Madhya Pradesh,Business,74998.49,646,Savings,95147.77,2015-01-29
C102080,Vivaan Sahu,36,Male,Ahmedabad,Gujarat,Self-Employed,52657.22,786,Savings,88647.57,2018-10-12
C102081,Ananya Panda,42,Other,Kolkata,West Bengal,Retired,52681.31,677,Current,118077.21,2025-08-19
C102082,Rohan Sharma,22,Male,Delhi,Delhi,Self-Employed,57932.41,658,Savings,40403.16,2025-06-23
C102083,Riya Bose,18,Male,Chennai,Tamil Nadu,Salaried,62115.78,702,Savings,83860.5,2022-12-08
C102084,Arjun Gupta,30,Female,Pune,Maharashtra,Salaried,21131.03,692,Current,27441.77,2021-08-14
C102085,Amit Reddy,24,Female,Guwahati,Assam,Salaried,87155.67,750,Savings,80536.79,2017-11-22
C102086,Aditi Singh,31,Male,Bhubaneswar,Odisha,Business,34528.63,784,Current,37062.45,2017-03-20
C102087,Pooja Behera,35,Female,Jaipur,Rajasthan,Business,50979.09,785,Current,73255.51,2020-10-10
C102088,Pooja Sahu,31,Female,Lucknow,Uttar Pradesh,Salaried,111562.04,680,Savings,74244.37,2024-02-12
C102089,Arjun Mohanty,51,Female,Hyderabad,Telangana,Salaried,146354.23,725,Savings,202054.74,2021-11-22
C102090,Isha Kumar,39,Female,Guwahati,Assam,Salaried,21586.35,802,Savings,17487.48,2023-02-28
C102091,Ananya Panda,39,Male,Indore,Madhya Pradesh,Student,55922.56,804,Salary,87466.41,2024-10-12
C102092,Neha Panda,42,Female,Jaipur,Rajasthan,Salaried,63907.42,648,Current,84566.98,2020-02-07
C102093,Riya Mishra,25,Female,Bhubaneswar,Odisha,Salaried,24003.31,743,Salary,36429.73,2019-11-17
C102094,Riya Nayak,46,Male,Delhi,Delhi,Salaried,85520.7,733,Premium Savings,79728.4,2015-07-18
C102095,Ananya Rao,35,Male,Kochi,Kerala,Salaried,58631.83,765,Salary,78039.75,2020-03-18
C102096,Rohan Sharma,43,Female,Delhi,Delhi,Business,61198.39,786,Salary,91100.98,2018-02-27
C102097,Rahul Jain,25,Male,Lucknow,Uttar Pradesh,Student,33204.29,637,Current,18244.14,2015-06-13
C102098,Sneha Verma,20,Male,Bhubaneswar,Odisha,Salaried,69021.69,660,Savings,42544.37,2016-05-12
C102099,Sneha Dasgupta,44,Other,Chandigarh,Chandigarh,Business,87213.26,764,Premium Savings,178762.19,2024-09-24
C102100,Sneha Das,40,Male,Ahmedabad,Gujarat,Salaried,58988.77,715,Current,96930.57,2020-06-28
C102101,Aditi Verma,27,Male,Jaipur,Rajasthan,Retired,41457.48,560,Savings,64646.2,2020-02-29
C102102,Nisha Kumar,27,Female,Bengaluru,Karnataka,Salaried,43271.54,597,Savings,34944.07,2019-02-12
C102103,Rahul Mehta,47,Female,Bengaluru,Karnataka,Salaried,62087.88,748,Salary,68820.96,2015-07-25
C102104,Pooja Roul,24,Male,Guwahati,Assam,Self-Employed,56496.11,760,Savings,117925.45,2024-12-21
C102105,Ankit Behera,52,Female,Indore,Madhya Pradesh,Salaried,90467.02,617,Savings,104214.74,2021-09-20
C102106,Isha Panda,27,Female,Lucknow,Uttar Pradesh,Salaried,42232.54,776,Savings,20459.42,2022-09-12
C102107,Nisha Das,42,Female,Kochi,Kerala,Business,28140.89,692,Salary,37400.76,2019-02-21
C102108,Priya Mehta,33,Male,Kolkata,West Bengal,Business,67020.3,639,Savings,90647.17,2017-10-30
C102109,Amit Behera,42,Male,Guwahati,Assam,Salaried,42295.97,669,Salary,29642.34,2019-10-10
C102110,Sahil Sahu,31,Male,Hyderabad,Telangana,Business,84635.88,626,Salary,123686.75,2018-10-14
C102111,Aarav Mohanty,34,Female,Lucknow,Uttar Pradesh,Self-Employed,55228.52,665,Salary,500.0,2022-07-27
C102112,Ankit Singh,36,Female,Bengaluru,Karnataka,Self-Employed,78844.73,584,Current,111765.32,2018-04-28
C102113,Nisha Behera,26,Female,Bhubaneswar,Odisha,Self-Employed,31483.35,700,Salary,74848.5,2023-08-07
C102114,Aarav Mohanty,43,Female,Pune,Maharashtra,Business,59513.05,743,Savings,92715.88,2024-03-09
C102115,Sahil Rao,31,Female,Jaipur,Rajasthan,Salaried,37439.95,617,Savings,42826.45,2015-04-07
C102116,Rahul Behera,34,Male,Lucknow,Uttar Pradesh,Salaried,28110.06,706,Current,58810.21,2021-02-01
C102117,Neha Sahu,26,Female,Jaipur,Rajasthan,Salaried,34251.28,653,Savings,71064.75,2017-12-30
C102118,Nisha Nayak,18,Female,Bhubaneswar,Odisha,Salaried,40766.91,748,Savings,28454.18,2017-01-02
C102119,Aditya Mohanty,34,Female,Bhubaneswar,Odisha,Business,109061.85,555,Savings,108553.29,2018-04-16
C102120,Nisha Behera,60,Male,Bengaluru,Karnataka,Salaried,40177.85,751,Savings,84642.8,2019-01-01
C102121,Sneha Rao,44,Female,Ahmedabad,Gujarat,Salaried,27330.03,587,Salary,20640.51,2019-09-05
C102122,Aarav Dasgupta,36,Male,Bengaluru,Karnataka,Salaried,59124.52,691,Current,62846.42,2015-03-13
C102123,Aarav Dasgupta,33,Male,Bhubaneswar,Odisha,Salaried,55889.84,659,Current,55738.53,2020-01-04
C102124,Aditi Mohanty,36,Female,Chennai,Tamil Nadu,Business,41959.46,682,Savings,5020.96,2018-08-22
C102125,Ankit Rao,41,Female,Indore,Madhya Pradesh,Salaried,50332.97,606,Savings,22476.89,2018-05-04
C102126,Sahil Dasgupta,24,Male,Bengaluru,Karnataka,Business,94090.59,813,Savings,101541.25,2022-02-17
C102127,Ananya Behera,47,Female,Guwahati,Assam,Salaried,79536.92,621,Savings,68945.92,2015-05-26
C102128,Nisha Nayak,43,Male,Lucknow,Uttar Pradesh,Student,75842.57,627,Current,101848.61,2021-09-06
C102129,Sneha Gupta,43,Male,Guwahati,Assam,Retired,28683.15,822,Savings,37104.96,2016-04-02
C102130,Aditya Bose,40,Male,Chandigarh,Chandigarh,Business,269060.06,726,Savings,89629.24,2019-01-03
C102131,Karan Behera,36,Female,Mumbai,Maharashtra,Student,98054.35,623,Savings,153141.15,2023-03-17
C102132,Isha Nayak,43,Female,Mumbai,Maharashtra,Self-Employed,73090.54,697,Savings,93122.16,2015-05-30
C102133,Arjun Sahu,42,Female,Delhi,Delhi,Student,28990.31,690,Salary,72166.11,2020-12-16
C102134,Pooja Mishra,32,Female,Delhi,Delhi,Business,92627.38,595,Salary,87178.35,2023-04-14
C102135,Ankit Mohanty,30,Male,Bhubaneswar,Odisha,Retired,41750.54,656,Savings,33134.75,2019-06-11
C102136,Isha Mehta,37,Male,Guwahati,Assam,Self-Employed,49426.38,703,Savings,55119.59,2017-10-15
C102137,Karan Jain,51,Female,Chennai,Tamil Nadu,Business,21821.69,787,Premium Savings,42958.92,2016-12-18
C102138,Nisha Dasgupta,24,Male,Pune,Maharashtra,Self-Employed,27785.59,693,Salary,57638.74,2015-12-11
C102139,Riya Kumar,21,Female,Pune,Maharashtra,Salaried,70002.7,698,Savings,135302.04,2020-12-31
C102140,Sneha Nayak,38,Female,Kolkata,West Bengal,Salaried,95656.37,652,Savings,149007.7,2016-01-23
C102141,Nisha Dasgupta,37,Female,Ahmedabad,Gujarat,Student,80160.48,776,Savings,30413.5,2016-05-31
C102142,Aarav Gupta,38,Male,Indore,Madhya Pradesh,Salaried,78671.71,764,Current,128154.18,2023-02-24
C102143,Ankit Mehta,38,Male,Hyderabad,Telangana,Self-Employed,53075.3,756,Savings,33721.93,2016-08-15
C102144,Aarav Behera,34,Male,Lucknow,Uttar Pradesh,Salaried,43976.01,712,Current,45537.0,2022-02-05
C102145,Rohan Bose,51,Male,Guwahati,Assam,Salaried,64471.64,601,Salary,72144.88,2020-07-14
C102146,Sneha Sharma,20,Female,Jaipur,Rajasthan,Student,86410.38,776,Salary,50262.63,2019-11-01
C102147,Priya Das,28,Male,Guwahati,Assam,Student,55147.28,709,Savings,9009.46,2025-01-04
C102148,Arjun Patel,35,Male,Kochi,Kerala,Self-Employed,107015.3,685,Savings,111233.25,2018-01-30
C102149,Rohan Jain,20,Male,Mumbai,Maharashtra,Salaried,48864.2,734,Salary,72691.24,2018-11-15
C102150,Rahul Mohanty,34,Male,Pune,Maharashtra,Salaried,32078.3,720,Savings,51932.97,2025-11-24
C102151,Vivaan Jain,53,Female,Ahmedabad,Gujarat,Salaried,54687.43,636,Salary,62807.46,2020-02-20
C102152,Sneha Nayak,36,Male,Bengaluru,Karnataka,Salaried,58300.92,684,Savings,75811.86,2022-09-23
C102153,Riya Behera,38,Male,Bengaluru,Karnataka,Salaried,52573.73,581,Salary,61612.81,2021-12-03
C102154,Vivaan Sharma,23,Male,Delhi,Delhi,Self-Employed,111240.41,711,Savings,104167.75,2017-09-26
C102155,Riya Das,30,Male,Bhubaneswar,Odisha,Salaried,85648.29,791,Savings,150720.34,2025-04-21
C102156,Sahil Dasgupta,32,Male,Kolkata,West Bengal,Business,25036.02,588,Current,63550.54,2024-04-04
C102157,Sahil Verma,33,Male,Kochi,Kerala,Salaried,127898.25,713,Salary,219002.57,2025-02-18
C102158,Isha Kumar,49,Male,Ahmedabad,Gujarat,Salaried,12177.06,748,Savings,19569.21,2024-05-12
C102159,Amit Sharma,42,Female,Guwahati,Assam,Salaried,179539.74,758,Savings,179646.12,2025-06-15
C102160,Riya Dasgupta,25,Female,Mumbai,Maharashtra,Retired,46960.89,656,Current,67007.97,2023-03-21
C102161,Nisha Dasgupta,38,Female,Bhubaneswar,Odisha,Self-Employed,49554.39,633,Salary,84745.35,2024-03-14
C102162,Karan Patel,41,Male,Bengaluru,Karnataka,Salaried,53214.15,667,Savings,49421.05,2020-11-14
C102163,Priya Rao,47,Female,Hyderabad,Telangana,Self-Employed,67978.82,782,Savings,99773.84,2021-05-19
C102164,Ankit Dasgupta,52,Female,Chandigarh,Chandigarh,Student,54992.04,594,Savings,78835.36,2020-02-21
C102165,Riya Mishra,26,Male,Chandigarh,Chandigarh,Business,51109.27,626,Savings,41636.84,2015-06-16
C102166,Aditi Behera,28,Female,Bhubaneswar,Odisha,Business,112983.1,675,Savings,173436.56,2015-11-10
C102167,Kavya Gupta,23,Male,Bengaluru,Karnataka,Salaried,75069.25,642,Savings,27711.16,2018-08-30
C102168,Arjun Dasgupta,34,Male,Mumbai,Maharashtra,Self-Employed,32459.43,702,Salary,13098.21,2019-03-07
C102169,Ananya Sahu,41,Female,Chandigarh,Chandigarh,Business,82657.36,797,Salary,48817.77,2015-06-06
C102170,Amit Sharma,46,Male,Chandigarh,Chandigarh,Self-Employed,73375.64,627,Current,26839.89,2016-08-24
C102171,Rahul Mohanty,35,Male,Ahmedabad,Gujarat,Student,40749.05,695,Savings,45938.5,2021-10-31
C102172,Ananya Sharma,33,Male,Bengaluru,Karnataka,Salaried,85030.44,704,Salary,76505.74,2025-12-15
C102173,Vivaan Sharma,38,Male,Chandigarh,Chandigarh,Salaried,50434.14,683,Current,103392.61,2023-02-12
C102174,Karan Patel,28,Male,Chennai,Tamil Nadu,Student,48687.04,602,Salary,51100.82,2022-02-25
C102175,Ananya Jain,57,Female,Indore,Madhya Pradesh,Self-Employed,47963.05,664,Savings,45558.55,2024-02-10
C102176,Sneha Kumar,20,Female,Ahmedabad,Gujarat,Salaried,14466.97,664,Savings,25020.74,2024-11-21
C102177,Nisha Behera,38,Female,Kochi,Kerala,Salaried,41167.48,746,Current,68432.03,2016-02-19
C102178,Ananya Roul,56,Male,Lucknow,Uttar Pradesh,Student,81416.54,732,Savings,135694.77,2019-04-14
C102179,Aarav Verma,36,Other,Pune,Maharashtra,Salaried,54326.22,604,Premium Savings,38033.62,2020-09-30
C102180,Sneha Nayak,34,Female,Mumbai,Maharashtra,Salaried,27125.67,680,Salary,5737.27,2025-12-29
C102181,Arjun Dasgupta,32,Male,Delhi,Delhi,Salaried,93492.42,672,Salary,139879.23,2023-02-19
C102182,Sahil Panda,34,Female,Hyderabad,Telangana,Student,46670.07,832,Current,93627.34,2015-11-19
C102183,Karan Mohanty,50,Female,Guwahati,Assam,Student,28091.49,724,Savings,46949.74,2018-10-15
C102184,Riya Nayak,18,Female,Pune,Maharashtra,Self-Employed,185052.59,635,Savings,296333.56,2025-05-26
C102185,Neha Mohanty,51,Male,Chandigarh,Chandigarh,Self-Employed,30817.67,655,Current,20886.68,2022-02-21
C102186,Nisha Patel,22,Male,Chennai,Tamil Nadu,Salaried,89215.39,680,Savings,83870.0,2023-05-27
C102187,Isha Rao,33,Female,Kochi,Kerala,Salaried,36024.9,729,Current,63877.46,2018-05-21
C102188,Aarav Kumar,32,Male,Delhi,Delhi,Business,59266.13,737,Salary,64944.69,2019-09-27
C102189,Isha Rao,42,Female,Indore,Madhya Pradesh,Salaried,33486.21,718,Savings,72276.75,2019-06-30
C102190,Rohan Sahu,20,Female,Lucknow,Uttar Pradesh,Self-Employed,27818.91,691,Savings,73540.89,2015-04-02
C102191,Vivaan Sharma,41,Female,Bhubaneswar,Odisha,Self-Employed,73298.83,696,Salary,87427.23,2017-01-23
C102192,Arjun Roul,56,Male,Indore,Madhya Pradesh,Salaried,68733.93,697,Savings,107598.36,2025-08-28
C102193,Neha Verma,22,Female,Bengaluru,Karnataka,Self-Employed,103222.86,589,Savings,178305.21,2023-05-17
C102194,Arjun Patel,38,Male,Kolkata,West Bengal,Self-Employed,53969.72,701,Savings,70211.41,2017-11-18
C102195,Amit Gupta,29,Female,Guwahati,Assam,Business,186517.8,667,Current,321838.09,2023-02-03
C102196,Ankit Nayak,40,Female,Pune,Maharashtra,Salaried,63747.11,598,Premium Savings,31113.2,2022-04-28
C102197,Sahil Singh,36,Male,Kochi,Kerala,Salaried,75117.93,850,Savings,158161.87,2023-05-01
C102198,Aditi Behera,30,Female,Indore,Madhya Pradesh,Self-Employed,26054.67,725,Premium Savings,28261.93,2024-11-25
C102199,Vivaan Jain,41,Male,Pune,Maharashtra,Retired,39235.69,706,Savings,17926.52,2015-11-21
C102200,Kavya Gupta,54,Male,Kochi,Kerala,Salaried,73197.19,681,Salary,27971.72,2024-05-20
C102201,Priya Sahu,34,Male,Bengaluru,Karnataka,Retired,52510.23,752,Savings,87648.82,2025-03-25
C102202,Riya Jain,43,Male,Chennai,Tamil Nadu,Business,60980.79,629,Savings,91192.44,2019-11-11
C102203,Ananya Das,23,Male,Indore,Madhya Pradesh,Business,35102.12,685,Salary,48434.15,2025-10-28
C102204,Ankit Patel,26,Male,Bhubaneswar,Odisha,Salaried,58815.42,643,Savings,110724.2,2016-04-21
C102205,Sneha Singh,41,Female,Pune,Maharashtra,Salaried,58705.5,752,Savings,51370.85,2023-11-25
C102206,Rahul Kumar,51,Female,Indore,Madhya Pradesh,Salaried,28734.37,651,Current,23068.3,2017-02-23
C102207,Priya Verma,40,Female,Kolkata,West Bengal,Salaried,78314.72,777,Savings,100587.57,2021-05-27
C102208,Aditi Behera,33,Male,Lucknow,Uttar Pradesh,Retired,21591.45,699,Savings,37598.13,2017-12-04
C102209,Neha Rao,36,Female,Jaipur,Rajasthan,Salaried,60865.36,755,Salary,49094.55,2018-05-26
C102210,Rahul Mehta,23,Female,Mumbai,Maharashtra,Self-Employed,145243.14,731,Current,231062.68,2021-11-26
C102211,Neha Das,42,Male,Jaipur,Rajasthan,Salaried,79968.75,774,Savings,102759.91,2020-10-06
C102212,Rohan Das,45,Female,Kochi,Kerala,Business,79694.28,644,Premium Savings,144188.8,2021-01-17
C102213,Arjun Behera,31,Male,Lucknow,Uttar Pradesh,Salaried,33573.88,764,Savings,73523.26,2024-07-30
C102214,Aarav Mehta,31,Female,Mumbai,Maharashtra,Salaried,145520.55,584,Salary,275696.47,2023-11-26
C102215,Amit Roul,39,Male,Delhi,Delhi,Salaried,117275.77,708,Savings,73877.29,2017-09-25
C102216,Ankit Mohanty,32,Male,Lucknow,Uttar Pradesh,Business,34582.88,670,Savings,83586.85,2022-10-14
C102217,Aarav Gupta,35,Female,Jaipur,Rajasthan,Salaried,42360.38,614,Savings,66109.7,2023-12-17
C102218,Kavya Nayak,57,Male,Kochi,Kerala,Salaried,109661.02,647,Current,101122.99,2015-07-20
C102219,Kavya Jain,34,Male,Chennai,Tamil Nadu,Salaried,147704.59,663,Salary,254114.01,2019-03-13
C102220,Ankit Dasgupta,32,Female,Mumbai,Maharashtra,Retired,27433.25,692,Savings,56476.54,2021-06-06
C102221,Ankit Mehta,30,Female,Bengaluru,Karnataka,Self-Employed,31667.54,671,Savings,34863.56,2020-04-21
C102222,Ananya Behera,43,Female,Chennai,Tamil Nadu,Business,50817.99,710,Current,37739.21,2017-05-31
C102223,Amit Behera,34,Male,Pune,Maharashtra,Self-Employed,16663.68,651,Salary,15361.69,2023-07-13
C102224,Neha Mehta,30,Male,Chennai,Tamil Nadu,Salaried,55579.14,674,Current,104625.54,2025-06-28
C102225,Rohan Kumar,49,Female,Mumbai,Maharashtra,Self-Employed,105582.45,686,Savings,105889.66,2019-11-25
C102226,Amit Dasgupta,50,Male,Delhi,Delhi,Salaried,24930.27,717,Savings,22046.39,2018-01-30
C102227,Amit Mehta,30,Male,Kolkata,West Bengal,Salaried,58982.57,760,Current,65736.47,2023-05-18
C102228,Aarav Rao,18,Female,Ahmedabad,Gujarat,Self-Employed,39939.24,760,Savings,85406.93,2022-09-22
C102229,Aditya Singh,46,Male,Kolkata,West Bengal,Self-Employed,135544.97,720,Current,162839.9,2023-09-23
C102230,Ankit Mehta,29,Male,Bengaluru,Karnataka,Salaried,40203.24,733,Savings,77405.43,2017-01-30
C102231,Ananya Roul,44,Male,Pune,Maharashtra,Salaried,126821.35,725,Savings,181603.38,2018-02-07
C102232,Arjun Das,18,Male,Mumbai,Maharashtra,Business,39596.19,685,Current,43919.38,2020-08-16
C102233,Aditi Patel,45,Male,Ahmedabad,Gujarat,Business,84055.72,764,Current,11641.12,2022-07-13
C102234,Aarav Mishra,24,Male,Chennai,Tamil Nadu,Salaried,63174.66,646,Premium Savings,49624.87,2015-07-07
C102235,Sneha Singh,43,Male,Pune,Maharashtra,Salaried,50972.34,572,Savings,91107.43,2021-10-12
C102236,Rohan Reddy,36,Female,Chennai,Tamil Nadu,Student,35607.01,637,Current,54296.03,2019-06-21
C102237,Aditya Rao,26,Female,Pune,Maharashtra,Business,65695.84,796,Savings,80994.21,2025-03-15
C102238,Amit Singh,32,Male,Mumbai,Maharashtra,Retired,43165.38,686,Current,69274.45,2017-01-12
C102239,Pooja Rao,43,Male,Chandigarh,Chandigarh,Salaried,37636.03,723,Savings,41101.0,2022-08-09
C102240,Rohan Sahu,37,Male,Chandigarh,Chandigarh,Self-Employed,123634.63,687,Savings,194746.9,2018-03-13
C102241,Sahil Dasgupta,42,Male,Indore,Madhya Pradesh,Salaried,74327.04,742,Savings,67024.56,2018-01-21
C102242,Riya Mishra,56,Male,Ahmedabad,Gujarat,Self-Employed,78361.65,710,Current,87974.26,2015-01-21
C102243,Aditi Verma,20,Female,Delhi,Delhi,Salaried,44342.96,701,Current,49297.32,2019-07-26
C102244,Riya Mehta,52,Female,Pune,Maharashtra,Salaried,49652.32,745,Salary,63702.9,2017-04-28
C102245,Priya Dasgupta,37,Female,Delhi,Delhi,Salaried,47971.93,675,Savings,45738.27,2015-03-18
C102246,Priya Das,27,Male,Chennai,Tamil Nadu,Business,66208.88,729,Savings,24985.02,2023-10-09
C102247,Rohan Panda,23,Male,Bhubaneswar,Odisha,Self-Employed,78282.58,694,Savings,135132.77,2019-08-25
C102248,Ankit Das,34,Female,Bengaluru,Karnataka,Self-Employed,54092.47,698,Salary,34919.09,2022-05-15
C102249,Ananya Singh,45,Male,Kolkata,West Bengal,Student,35565.58,652,Savings,49403.89,2016-06-15
C102250,Priya Kumar,35,Female,Kolkata,West Bengal,Business,83566.85,691,Savings,76074.11,2018-01-30
C102251,Sneha Kumar,51,Female,Bhubaneswar,Odisha,Salaried,56019.81,670,Savings,34690.2,2017-12-29
C102252,Isha Mehta,21,Female,Mumbai,Maharashtra,Retired,24900.13,778,Salary,40347.33,2020-03-09
C102253,Kavya Verma,36,Female,Hyderabad,Telangana,Salaried,16995.03,596,Current,26591.92,2021-09-19
C102254,Aditi Reddy,23,Female,Hyderabad,Telangana,Salaried,64791.64,763,Salary,41602.32,2023-11-11
C102255,Pooja Reddy,40,Female,Jaipur,Rajasthan,Retired,34852.42,592,Savings,35332.22,2025-12-11
C102256,Vivaan Mehta,45,Female,Ahmedabad,Gujarat,Salaried,69715.13,740,Current,43152.77,2022-02-13
C102257,Vivaan Bose,32,Male,Delhi,Delhi,Self-Employed,35900.21,651,Salary,49370.7,2018-07-27
C102258,Vivaan Verma,18,Female,Mumbai,Maharashtra,Salaried,59180.1,742,Savings,105825.48,2016-02-02
C102259,Ankit Behera,38,Male,Chennai,Tamil Nadu,Self-Employed,44665.99,697,Savings,63703.18,2017-06-25
C102260,Aditya Gupta,40,Male,Indore,Madhya Pradesh,Self-Employed,144155.08,612,Savings,85302.23,2017-07-09
C102261,Pooja Mohanty,40,Male,Chennai,Tamil Nadu,Salaried,92759.19,793,Current,108557.09,2015-03-16
C102262,Ankit Gupta,48,Male,Jaipur,Rajasthan,Self-Employed,115393.32,755,Savings,110366.28,2022-12-14
C102263,Kavya Mishra,25,Male,Guwahati,Assam,Business,55732.28,738,Savings,76673.63,2018-08-22
C102264,Ananya Roul,43,Female,Chennai,Tamil Nadu,Salaried,86455.66,663,Savings,40645.74,2017-06-24
C102265,Ananya Singh,48,Male,Pune,Maharashtra,Salaried,57843.48,758,Savings,77144.8,2015-09-19
C102266,Ankit Mohanty,18,Male,Guwahati,Assam,Salaried,123421.88,622,Savings,53986.26,2021-11-09
C102267,Isha Nayak,39,Female,Guwahati,Assam,Business,52848.22,560,Salary,52426.87,2018-03-24
C102268,Arjun Mohanty,31,Female,Indore,Madhya Pradesh,Business,25500.91,603,Savings,48436.11,2023-03-02
C102269,Arjun Verma,35,Female,Delhi,Delhi,Student,18321.8,645,Savings,20846.27,2022-12-26
C102270,Nisha Nayak,39,Male,Chennai,Tamil Nadu,Salaried,137676.17,656,Current,243832.84,2021-10-31
C102271,Nisha Mohanty,31,Female,Indore,Madhya Pradesh,Salaried,71558.17,677,Salary,122123.07,2024-04-10
C102272,Karan Gupta,29,Male,Hyderabad,Telangana,Salaried,74193.34,680,Salary,58743.05,2020-03-01
C102273,Ankit Behera,36,Male,Chennai,Tamil Nadu,Salaried,124790.9,663,Savings,71960.34,2021-08-05
C102274,Karan Patel,25,Male,Indore,Madhya Pradesh,Self-Employed,22173.08,567,Savings,7316.43,2019-09-20
C102275,Priya Mishra,25,Male,Indore,Madhya Pradesh,Retired,45155.07,717,Current,95072.33,2022-02-13
C102276,Kavya Bose,43,Male,Chennai,Tamil Nadu,Salaried,48303.05,688,Savings,62087.78,2021-09-04
C102277,Riya Sharma,25,Other,Lucknow,Uttar Pradesh,Retired,82730.19,660,Current,65899.67,2018-09-08
C102278,Amit Roul,43,Male,Bhubaneswar,Odisha,Salaried,37576.58,796,Savings,26066.11,2021-01-26
C102279,Arjun Bose,41,Male,Ahmedabad,Gujarat,Student,28405.35,689,Current,500.0,2019-05-13
C102280,Karan Sahu,19,Male,Hyderabad,Telangana,Salaried,28265.48,709,Premium Savings,31707.75,2020-05-02
C102281,Aditya Reddy,29,Male,Pune,Maharashtra,Student,103493.95,757,Savings,172013.75,2025-06-05
C102282,Karan Mishra,48,Female,Guwahati,Assam,Salaried,36559.48,608,Current,83765.23,2021-04-03
C102283,Isha Behera,26,Male,Pune,Maharashtra,Retired,40598.19,704,Savings,65183.2,2015-02-21
C102284,Rohan Sahu,31,Female,Mumbai,Maharashtra,Salaried,77968.68,757,Savings,117131.59,2018-11-05
C102285,Vivaan Bose,41,Male,Ahmedabad,Gujarat,Salaried,37446.5,699,Current,10051.02,2018-10-27
C102286,Kavya Bose,44,Female,Ahmedabad,Gujarat,Self-Employed,21533.54,620,Premium Savings,50777.49,2018-08-02
C102287,Riya Das,33,Female,Ahmedabad,Gujarat,Salaried,23043.82,674,Salary,15902.81,2018-11-19
C102288,Riya Reddy,30,Female,Lucknow,Uttar Pradesh,Business,53308.14,717,Current,53974.78,2024-03-23
C102289,Ananya Das,50,Female,Ahmedabad,Gujarat,Retired,72302.87,568,Savings,70595.03,2019-12-26
C102290,Kavya Dasgupta,53,Female,Indore,Madhya Pradesh,Self-Employed,49210.07,617,Savings,61248.62,2016-09-13
C102291,Kavya Roul,46,Male,Kolkata,West Bengal,Business,69691.38,833,Salary,50273.1,2020-03-07
C102292,Aarav Nayak,37,Male,Lucknow,Uttar Pradesh,Salaried,22652.55,736,Savings,67745.19,2024-07-31
C102293,Riya Sahu,28,Female,Kolkata,West Bengal,Self-Employed,23509.77,801,Current,12017.29,2023-04-30
C102294,Rohan Mehta,28,Female,Chennai,Tamil Nadu,Salaried,189995.03,761,Savings,215366.72,2020-08-05
C102295,Aditya Mehta,41,Male,Lucknow,Uttar Pradesh,Student,108349.76,731,Current,189521.42,2017-05-12
C102296,Rohan Kumar,40,Male,Guwahati,Assam,Salaried,83953.89,685,Savings,137034.11,2020-12-20
C102297,Pooja Nayak,50,Female,Kochi,Kerala,Business,38263.05,730,Salary,78094.28,2022-10-28
C102298,Neha Mehta,43,Male,Kolkata,West Bengal,Salaried,48251.64,799,Current,80065.87,2016-11-27
C102299,Karan Mehta,21,Male,Bhubaneswar,Odisha,Salaried,54949.28,759,Savings,107920.29,2022-07-19
C102300,Amit Rao,47,Male,Jaipur,Rajasthan,Salaried,113320.89,716,Savings,141719.28,2019-05-17
C102301,Isha Patel,26,Female,Hyderabad,Telangana,Salaried,68639.19,694,Current,79773.36,2017-11-13
C102302,Arjun Bose,32,Other,Jaipur,Rajasthan,Salaried,73448.6,737,Salary,73655.26,2019-07-09
C102303,Nisha Kumar,39,Male,Lucknow,Uttar Pradesh,Salaried,50155.24,670,Savings,27472.28,2015-05-13
C102304,Ananya Sahu,56,Male,Kochi,Kerala,Business,85055.07,737,Savings,39185.68,2022-05-30
C102305,Kavya Roul,67,Male,Mumbai,Maharashtra,Salaried,64949.54,660,Savings,99147.86,2024-07-22
C102306,Ankit Gupta,42,Male,Indore,Madhya Pradesh,Student,56347.94,682,Premium Savings,70997.14,2021-05-29
C102307,Sneha Rao,34,Female,Bhubaneswar,Odisha,Salaried,36548.38,638,Salary,43233.29,2025-11-07
C102308,Aditya Rao,41,Female,Kolkata,West Bengal,Salaried,51669.55,676,Current,33628.99,2015-11-18
C102309,Pooja Jain,45,Male,Bhubaneswar,Odisha,Self-Employed,30374.1,661,Savings,28095.26,2022-01-30
C102310,Rohan Panda,33,Female,Chandigarh,Chandigarh,Self-Employed,53799.1,815,Savings,43949.58,2020-06-15
C102311,Sneha Panda,54,Female,Lucknow,Uttar Pradesh,Self-Employed,57756.42,647,Salary,70930.0,2021-04-18
C102312,Aditya Nayak,38,Male,Ahmedabad,Gujarat,Self-Employed,14655.97,730,Salary,27177.95,2018-11-15
C102313,Amit Roul,41,Male,Kochi,Kerala,Salaried,48455.53,643,Savings,50464.33,2015-12-07
C102314,Sneha Singh,43,Other,Pune,Maharashtra,Business,28806.44,708,Premium Savings,7005.24,2017-04-30
C102315,Nisha Behera,40,Male,Chandigarh,Chandigarh,Self-Employed,72355.02,724,Savings,36529.34,2023-05-22
C102316,Nisha Gupta,44,Female,Ahmedabad,Gujarat,Salaried,78082.9,585,Savings,62640.19,2020-12-09
C102317,Sneha Sahu,30,Male,Jaipur,Rajasthan,Business,43503.71,614,Salary,31406.56,2019-02-21
C102318,Sahil Mehta,30,Female,Mumbai,Maharashtra,Business,74388.05,643,Current,56465.17,2018-05-30
C102319,Vivaan Behera,25,Female,Kochi,Kerala,Salaried,76128.29,620,Salary,93707.51,2018-04-10
C102320,Nisha Panda,40,Female,Jaipur,Rajasthan,Student,48472.15,710,Salary,18367.98,2023-06-03
C102321,Nisha Sharma,44,Female,Pune,Maharashtra,Student,127892.62,721,Savings,182088.19,2018-07-15
C102322,Vivaan Kumar,41,Female,Jaipur,Rajasthan,Self-Employed,36912.19,636,Savings,44813.69,2020-01-24
C102323,Vivaan Dasgupta,53,Female,Bengaluru,Karnataka,Salaried,123542.39,713,Salary,162942.28,2022-07-25
C102324,Aditi Dasgupta,36,Male,Indore,Madhya Pradesh,Student,48592.71,677,Current,66188.08,2020-03-29
C102325,Priya Rao,43,Male,Lucknow,Uttar Pradesh,Salaried,34587.89,699,Salary,32373.23,2015-05-02
C102326,Amit Panda,25,Female,Pune,Maharashtra,Salaried,45330.56,664,Savings,52276.03,2016-09-30
C102327,Aarav Dasgupta,32,Female,Kochi,Kerala,Salaried,30044.18,737,Salary,17770.14,2022-01-03
C102328,Amit Mehta,43,Male,Indore,Madhya Pradesh,Business,84676.66,811,Salary,51757.61,2021-07-23
C102329,Rohan Kumar,44,Male,Kolkata,West Bengal,Student,22778.34,755,Salary,1822.22,2016-11-13
C102330,Aditya Dasgupta,33,Female,Bengaluru,Karnataka,Self-Employed,118110.18,796,Salary,165168.25,2021-12-31
C102331,Aditi Sahu,35,Male,Hyderabad,Telangana,Retired,32871.51,614,Current,58603.52,2018-12-11
C102332,Isha Nayak,21,Male,Bhubaneswar,Odisha,Salaried,87137.95,661,Savings,80042.17,2021-05-02
C102333,Ankit Das,32,Female,Bhubaneswar,Odisha,Salaried,55737.74,742,Premium Savings,79980.85,2019-11-03
C102334,Ankit Jain,45,Female,Ahmedabad,Gujarat,Self-Employed,63833.72,803,Current,54335.5,2019-08-29
C102335,Sahil Bose,42,Male,Ahmedabad,Gujarat,Retired,39757.93,747,Salary,53308.75,2023-07-31
C102336,Isha Nayak,41,Male,Kolkata,West Bengal,Self-Employed,66778.26,638,Savings,114275.6,2015-04-06
C102337,Aditi Behera,36,Male,Pune,Maharashtra,Salaried,59238.34,677,Current,122919.4,2023-06-05
C102338,Pooja Panda,36,Male,Kochi,Kerala,Salaried,24667.39,727,Current,66890.32,2025-11-30
C102339,Ananya Mohanty,29,Female,Ahmedabad,Gujarat,Salaried,32393.51,694,Salary,90399.76,2018-03-08
C102340,Rohan Dasgupta,43,Male,Bhubaneswar,Odisha,Salaried,40846.92,653,Savings,12447.12,2021-03-29
C102341,Ananya Rao,40,Male,Pune,Maharashtra,Salaried,36309.71,686,Savings,19970.43,2023-05-06
C102342,Priya Panda,41,Male,Bengaluru,Karnataka,Student,109549.8,704,Savings,75344.0,2020-07-03
C102343,Ananya Bose,31,Male,Mumbai,Maharashtra,Self-Employed,55212.59,634,Savings,42542.63,2017-08-19
C102344,Rahul Bose,18,Other,Kolkata,West Bengal,Business,35839.98,769,Savings,36848.11,2019-03-18
C102345,Arjun Panda,47,Male,Indore,Madhya Pradesh,Salaried,41989.09,676,Savings,66028.29,2025-05-01
C102346,Vivaan Das,31,Female,Mumbai,Maharashtra,Salaried,41674.04,700,Salary,32107.85,2021-01-10
C102347,Rahul Reddy,27,Female,Indore,Madhya Pradesh,Self-Employed,46941.68,772,Premium Savings,86270.21,2016-06-23
C102348,Pooja Panda,43,Female,Delhi,Delhi,Student,30444.4,697,Current,27496.33,2019-03-31
C102349,Pooja Dasgupta,32,Female,Chennai,Tamil Nadu,Self-Employed,35151.63,769,Savings,31777.74,2021-10-22
C102350,Aditi Reddy,47,Male,Kolkata,West Bengal,Student,83844.76,638,Savings,49095.49,2025-08-22
C102351,Rahul Nayak,42,Female,Hyderabad,Telangana,Business,60902.36,733,Current,53885.44,2024-07-12
C102352,Isha Dasgupta,43,Male,Bhubaneswar,Odisha,Salaried,50579.56,760,Savings,30391.47,2016-05-20
C102353,Karan Behera,22,Female,Bhubaneswar,Odisha,Salaried,55079.4,651,Savings,93136.96,2016-02-02
C102354,Pooja Reddy,48,Male,Kolkata,West Bengal,Self-Employed,53638.91,693,Savings,87013.43,2019-06-09
C102355,Pooja Sharma,39,Female,Lucknow,Uttar Pradesh,Salaried,49024.05,695,Savings,84720.62,2017-06-13
C102356,Priya Panda,32,Male,Chennai,Tamil Nadu,Salaried,73093.6,719,Savings,82813.6,2017-05-15
C102357,Isha Nayak,37,Female,Chennai,Tamil Nadu,Salaried,70180.55,736,Savings,32771.68,2016-03-29
C102358,Sahil Mehta,18,Male,Guwahati,Assam,Salaried,23170.12,646,Salary,30952.83,2021-05-26
C102359,Arjun Gupta,40,Female,Mumbai,Maharashtra,Student,51160.82,701,Salary,24286.4,2018-03-31
C102360,Karan Sahu,26,Male,Guwahati,Assam,Salaried,24025.9,808,Savings,8480.66,2017-01-01
C102361,Kavya Das,22,Male,Jaipur,Rajasthan,Salaried,78014.96,774,Savings,63454.63,2024-09-12
C102362,Isha Jain,21,Female,Lucknow,Uttar Pradesh,Self-Employed,83893.64,757,Current,77972.11,2016-10-13
C102363,Isha Kumar,47,Female,Delhi,Delhi,Business,39307.09,692,Savings,85314.82,2023-08-08
C102364,Aditya Das,30,Male,Indore,Madhya Pradesh,Self-Employed,51579.06,843,Current,107453.0,2023-09-20
C102365,Karan Sharma,51,Female,Hyderabad,Telangana,Retired,17219.48,772,Savings,17814.52,2023-03-28
C102366,Karan Bose,31,Female,Delhi,Delhi,Business,93912.88,707,Savings,129531.69,2025-12-23
C102367,Isha Mehta,19,Female,Delhi,Delhi,Self-Employed,81259.99,719,Savings,30188.47,2019-07-01
C102368,Neha Dasgupta,25,Male,Ahmedabad,Gujarat,Salaried,103531.93,675,Savings,122853.83,2021-03-03
C102369,Arjun Reddy,48,Male,Indore,Madhya Pradesh,Salaried,124578.05,731,Salary,150091.35,2019-08-01
C102370,Nisha Mishra,34,Female,Hyderabad,Telangana,Business,28052.37,744,Salary,53747.27,2018-12-12
C102371,Aditi Rao,31,Male,Kolkata,West Bengal,Business,89636.04,751,Premium Savings,136115.81,2023-06-05
C102372,Riya Reddy,38,Female,Delhi,Delhi,Retired,124082.99,693,Salary,190217.12,2017-06-10
C102373,Sahil Mehta,41,Male,Jaipur,Rajasthan,Self-Employed,24174.91,609,Current,9490.83,2019-09-09
C102374,Nisha Sharma,47,Male,Kolkata,West Bengal,Self-Employed,50057.23,721,Savings,54501.04,2025-02-05
C102375,Aarav Behera,50,Female,Bengaluru,Karnataka,Salaried,45036.0,751,Current,10478.93,2021-09-20
C102376,Nisha Das,32,Female,Jaipur,Rajasthan,Salaried,88044.05,641,Salary,52982.13,2018-02-16
C102377,Arjun Mohanty,23,Female,Delhi,Delhi,Salaried,14741.48,699,Savings,8188.33,2018-08-01
C102378,Pooja Panda,32,Male,Ahmedabad,Gujarat,Salaried,149322.73,792,Savings,186108.83,2023-08-22
C102379,Vivaan Verma,39,Male,Pune,Maharashtra,Salaried,51698.97,627,Savings,62339.02,2019-01-27
C102380,Priya Singh,26,Male,Lucknow,Uttar Pradesh,Salaried,91029.63,687,Salary,79182.75,2022-01-25
C102381,Riya Sahu,26,Male,Hyderabad,Telangana,Self-Employed,53207.68,802,Current,47733.36,2016-03-08
C102382,Neha Panda,39,Female,Kochi,Kerala,Self-Employed,72096.25,715,Salary,60512.77,2022-06-13
C102383,Karan Mishra,36,Female,Guwahati,Assam,Self-Employed,15341.37,671,Savings,7246.6,2024-12-02
C102384,Ananya Reddy,36,Male,Bengaluru,Karnataka,Salaried,44507.06,705,Salary,86476.73,2022-09-14
C102385,Priya Bose,28,Female,Mumbai,Maharashtra,Salaried,87671.94,759,Savings,155289.09,2025-10-08
C102386,Riya Sharma,34,Male,Chandigarh,Chandigarh,Retired,64465.87,692,Savings,70063.77,2022-02-06
C102387,Pooja Sharma,27,Female,Delhi,Delhi,Salaried,22355.46,744,Savings,42079.6,2023-07-18
C102388,Priya Roul,45,Male,Chennai,Tamil Nadu,Student,56889.85,720,Savings,133858.52,2022-02-18
C102389,Rahul Jain,46,Female,Kolkata,West Bengal,Salaried,35058.74,726,Savings,36156.19,2018-07-25
C102390,Aarav Kumar,18,Male,Hyderabad,Telangana,Self-Employed,33426.62,748,Savings,9562.63,2020-08-19
C102391,Arjun Panda,27,Male,Guwahati,Assam,Salaried,23830.14,686,Salary,55423.45,2021-01-02
C102392,Amit Panda,21,Male,Bhubaneswar,Odisha,Salaried,77294.25,644,Salary,148144.47,2020-12-21
C102393,Aditya Sharma,29,Male,Jaipur,Rajasthan,Salaried,101442.4,736,Current,63493.66,2019-05-26
C102394,Amit Dasgupta,35,Male,Ahmedabad,Gujarat,Business,176516.07,696,Savings,237584.43,2017-07-11
C102395,Rahul Panda,22,Male,Jaipur,Rajasthan,Salaried,24449.42,676,Savings,21566.72,2024-08-19
C102396,Kavya Nayak,27,Male,Ahmedabad,Gujarat,Self-Employed,83880.06,739,Savings,120487.14,2019-07-13
C102397,Rahul Mehta,26,Female,Pune,Maharashtra,Salaried,86971.24,788,Salary,172877.59,2020-07-19
C102398,Ananya Kumar,38,Male,Guwahati,Assam,Salaried,39967.06,695,Current,87438.73,2023-06-27
C102399,Amit Sahu,37,Female,Jaipur,Rajasthan,Student,33203.82,706,Current,49472.82,2020-03-15
C102400,Vivaan Panda,29,Male,Guwahati,Assam,Student,30270.54,628,Savings,51021.59,2018-03-18
C102401,Vivaan Bose,38,Female,Lucknow,Uttar Pradesh,Self-Employed,41152.67,691,Savings,42911.09,2024-04-06
C102402,Priya Dasgupta,31,Female,Chennai,Tamil Nadu,Salaried,61483.88,719,Current,85227.94,2025-05-14
C102403,Arjun Bose,33,Male,Jaipur,Rajasthan,Salaried,116209.52,704,Current,155804.21,2020-01-15
C102404,Arjun Patel,53,Female,Mumbai,Maharashtra,Retired,101015.03,681,Savings,173965.55,2016-10-04
C102405,Ankit Mehta,49,Male,Delhi,Delhi,Salaried,22620.44,752,Savings,69826.29,2025-05-12
C102406,Vivaan Singh,23,Female,Mumbai,Maharashtra,Business,35640.03,709,Premium Savings,46870.68,2024-10-17
C102407,Ankit Roul,44,Female,Chennai,Tamil Nadu,Salaried,112408.03,850,Savings,119486.44,2016-12-28
C102408,Pooja Roul,44,Male,Delhi,Delhi,Retired,36790.22,719,Salary,49480.03,2019-06-27
C102409,Sneha Reddy,25,Male,Lucknow,Uttar Pradesh,Salaried,53305.01,526,Savings,89637.58,2018-03-27
C102410,Priya Bose,44,Male,Bhubaneswar,Odisha,Salaried,21529.5,633,Current,51957.51,2015-01-14
C102411,Kavya Roul,51,Male,Kolkata,West Bengal,Self-Employed,103699.94,740,Savings,64981.09,2020-12-21
C102412,Sneha Jain,25,Female,Delhi,Delhi,Retired,19207.9,663,Savings,26653.24,2024-04-22
C102413,Rahul Mohanty,27,Male,Pune,Maharashtra,Retired,22282.18,667,Savings,44975.04,2018-09-30
C102414,Aditya Roul,46,Male,Delhi,Delhi,Business,98030.88,624,Savings,35379.7,2023-07-22
C102415,Ananya Bose,39,Male,Jaipur,Rajasthan,Business,158122.04,674,Savings,219805.58,2020-03-15
C102416,Aditi Jain,42,Male,Lucknow,Uttar Pradesh,Self-Employed,46875.59,718,Savings,95577.66,2022-05-11
C102417,Nisha Mishra,39,Male,Jaipur,Rajasthan,Business,53600.51,730,Current,126302.6,2016-12-06
C102418,Karan Verma,40,Female,Indore,Madhya Pradesh,Student,90639.21,639,Savings,100684.35,2022-08-31
C102419,Amit Behera,23,Male,Ahmedabad,Gujarat,Self-Employed,64491.25,757,Savings,113208.01,2025-03-05
C102420,Vivaan Sharma,46,Female,Bhubaneswar,Odisha,Self-Employed,44793.51,628,Salary,81654.32,2016-02-07
C102421,Priya Dasgupta,48,Male,Delhi,Delhi,Self-Employed,42112.04,733,Salary,51630.85,2019-04-20
C102422,Priya Sahu,34,Male,Chennai,Tamil Nadu,Self-Employed,23233.48,727,Salary,23374.7,2021-07-04
C102423,Aditya Verma,36,Female,Kolkata,West Bengal,Student,62517.79,644,Current,114799.7,2022-04-29
C102424,Ankit Mohanty,21,Male,Bengaluru,Karnataka,Salaried,52288.63,637,Savings,36522.09,2019-09-09
C102425,Amit Reddy,41,Male,Pune,Maharashtra,Salaried,43229.27,730,Salary,56781.77,2025-12-04
C102426,Priya Jain,42,Female,Bengaluru,Karnataka,Salaried,31700.58,669,Savings,21354.73,2019-09-10
C102427,Sneha Mishra,35,Male,Delhi,Delhi,Salaried,33516.61,693,Current,56822.12,2019-08-08
C102428,Nisha Rao,47,Male,Guwahati,Assam,Self-Employed,77280.41,750,Savings,93773.02,2017-02-12
C102429,Nisha Das,33,Female,Indore,Madhya Pradesh,Student,89322.03,736,Current,154583.09,2022-02-19
C102430,Ananya Verma,42,Female,Bhubaneswar,Odisha,Self-Employed,45943.82,645,Salary,89845.83,2015-04-29
C102431,Arjun Kumar,26,Male,Bhubaneswar,Odisha,Student,43357.05,702,Current,96500.66,2021-12-09
C102432,Sneha Nayak,36,Male,Lucknow,Uttar Pradesh,Salaried,34392.1,644,Savings,76352.6,2017-07-07
C102433,Amit Jain,34,Male,Kolkata,West Bengal,Student,92073.23,762,Premium Savings,64574.96,2016-07-21
C102434,Aditi Patel,38,Male,Guwahati,Assam,Self-Employed,55945.66,805,Savings,105242.67,2021-11-02
C102435,Rahul Bose,32,Female,Bhubaneswar,Odisha,Salaried,67334.9,650,Savings,44738.5,2021-12-14
C102436,Amit Rao,35,Female,Mumbai,Maharashtra,Self-Employed,66986.54,703,Salary,60989.69,2020-08-23
C102437,Kavya Das,44,Female,Bengaluru,Karnataka,Retired,46437.03,765,Current,66746.16,2015-11-26
C102438,Pooja Sharma,32,Male,Kochi,Kerala,Salaried,28973.6,707,Current,16914.84,2021-09-21
C102439,Rohan Dasgupta,20,Male,Chennai,Tamil Nadu,Self-Employed,31799.8,741,Current,73891.63,2021-05-26
C102440,Aditi Sahu,53,Female,Chennai,Tamil Nadu,Student,102275.51,708,Savings,168237.89,2023-03-18
C102441,Sneha Sahu,50,Male,Ahmedabad,Gujarat,Salaried,36899.83,636,Savings,55729.57,2019-08-02
C102442,Aarav Mehta,23,Female,Delhi,Delhi,Self-Employed,43887.69,713,Savings,69640.43,2025-08-08
C102443,Amit Nayak,43,Female,Kolkata,West Bengal,Salaried,29471.34,778,Savings,48778.72,2015-04-04
C102444,Rohan Bose,31,Female,Kochi,Kerala,Salaried,28176.73,725,Savings,34249.89,2018-08-24
C102445,Aditya Jain,39,Male,Kochi,Kerala,Self-Employed,36027.86,811,Savings,63491.27,2021-11-02
C102446,Sahil Gupta,39,Male,Ahmedabad,Gujarat,Salaried,139206.32,590,Current,76458.61,2017-10-20
C102447,Aditya Sahu,34,Female,Mumbai,Maharashtra,Business,78984.67,730,Savings,159430.07,2016-11-12
C102448,Aditya Patel,28,Female,Mumbai,Maharashtra,Salaried,41165.45,663,Savings,34962.88,2021-05-20
C102449,Arjun Behera,29,Female,Kochi,Kerala,Salaried,99774.78,648,Savings,95812.38,2022-01-06
C102450,Pooja Mehta,27,Male,Guwahati,Assam,Self-Employed,50580.64,792,Savings,32785.76,2020-04-16
C102451,Karan Mehta,28,Female,Pune,Maharashtra,Salaried,115841.19,688,Savings,93819.1,2022-09-04
C102452,Riya Nayak,35,Female,Guwahati,Assam,Salaried,185635.46,682,Current,234493.15,2016-01-08
C102453,Neha Gupta,29,Male,Bengaluru,Karnataka,Business,96816.96,727,Savings,132668.05,2025-09-03
C102454,Vivaan Verma,43,Female,Lucknow,Uttar Pradesh,Student,57935.84,565,Savings,54013.92,2019-02-25
C102455,Arjun Patel,51,Female,Ahmedabad,Gujarat,Student,80798.11,793,Salary,17557.46,2015-04-04
C102456,Karan Dasgupta,30,Male,Indore,Madhya Pradesh,Self-Employed,55457.8,829,Savings,41455.29,2023-05-02
C102457,Riya Sharma,38,Male,Mumbai,Maharashtra,Student,20036.07,764,Premium Savings,54527.5,2021-09-29
C102458,Rahul Rao,41,Female,Guwahati,Assam,Student,38370.51,732,Premium Savings,50858.59,2024-11-27
C102459,Karan Sharma,41,Male,Kochi,Kerala,Salaried,32588.45,691,Salary,43637.13,2023-11-10
C102460,Sahil Singh,37,Female,Chennai,Tamil Nadu,Salaried,37905.57,635,Savings,45047.69,2022-05-03
C102461,Kavya Sahu,43,Male,Indore,Madhya Pradesh,Salaried,147503.58,783,Salary,271806.56,2019-05-14
C102462,Karan Sahu,41,Male,Kolkata,West Bengal,Salaried,101953.37,765,Salary,73438.18,2021-03-11
C102463,Rahul Bose,24,Other,Pune,Maharashtra,Retired,70092.78,734,Salary,30666.4,2020-09-25
C102464,Arjun Gupta,45,Female,Guwahati,Assam,Self-Employed,85980.61,727,Savings,59128.32,2024-09-06
C102465,Sahil Gupta,45,Male,Kolkata,West Bengal,Business,19427.13,725,Savings,68315.59,2017-03-01
C102466,Pooja Kumar,28,Female,Indore,Madhya Pradesh,Salaried,82091.48,671,Savings,143731.01,2024-07-14
C102467,Isha Panda,36,Male,Kochi,Kerala,Salaried,92215.35,850,Savings,151585.46,2025-03-29
C102468,Amit Panda,43,Male,Hyderabad,Telangana,Salaried,16046.2,686,Savings,15281.53,2016-10-23
C102469,Priya Roul,34,Male,Guwahati,Assam,Retired,83781.6,677,Savings,22594.21,2020-02-19
C102470,Aarav Panda,47,Male,Ahmedabad,Gujarat,Salaried,25130.76,778,Current,37742.93,2019-02-20
C102471,Neha Panda,60,Female,Pune,Maharashtra,Student,18612.44,703,Salary,59546.34,2023-02-09
C102472,Vivaan Sahu,28,Female,Lucknow,Uttar Pradesh,Salaried,114069.53,704,Savings,166086.43,2024-10-22
C102473,Kavya Jain,22,Other,Jaipur,Rajasthan,Self-Employed,31609.45,797,Savings,25350.72,2017-09-07
C102474,Sahil Behera,39,Female,Delhi,Delhi,Self-Employed,37097.98,749,Current,53698.25,2016-12-18
C102475,Aarav Panda,43,Male,Delhi,Delhi,Student,94785.43,752,Savings,67112.03,2020-04-18
C102476,Rohan Das,34,Female,Hyderabad,Telangana,Salaried,46499.99,613,Current,51833.88,2025-07-05
C102477,Isha Dasgupta,51,Other,Hyderabad,Telangana,Salaried,49811.32,731,Savings,79979.12,2022-12-29
C102478,Sahil Behera,23,Female,Bengaluru,Karnataka,Salaried,49214.36,640,Salary,86458.21,2025-05-01
C102479,Isha Mohanty,43,Female,Pune,Maharashtra,Retired,66587.21,675,Current,90903.0,2017-03-29
C102480,Sahil Mehta,30,Female,Chennai,Tamil Nadu,Salaried,48562.38,716,Current,47887.65,2018-08-14
C102481,Ananya Kumar,53,Male,Ahmedabad,Gujarat,Salaried,58562.97,703,Savings,58546.94,2016-06-27
C102482,Amit Mehta,56,Female,Chennai,Tamil Nadu,Self-Employed,41694.79,748,Salary,32525.56,2018-04-15
C102483,Riya Mohanty,28,Female,Lucknow,Uttar Pradesh,Self-Employed,66741.97,755,Savings,49967.93,2015-09-23
C102484,Rahul Rao,31,Female,Chennai,Tamil Nadu,Student,65362.38,760,Savings,36167.62,2025-01-11
C102485,Arjun Mohanty,45,Male,Chennai,Tamil Nadu,Retired,156205.18,618,Salary,167117.22,2015-05-07
C102486,Sahil Roul,32,Male,Guwahati,Assam,Self-Employed,44596.04,850,Savings,33083.5,2017-04-27
C102487,Aarav Sahu,36,Female,Indore,Madhya Pradesh,Student,49701.85,703,Savings,99041.51,2021-06-23
C102488,Riya Dasgupta,36,Male,Lucknow,Uttar Pradesh,Business,62720.39,784,Salary,108082.52,2020-03-03
C102489,Arjun Kumar,18,Female,Mumbai,Maharashtra,Salaried,93482.36,542,Savings,109531.56,2020-02-24
C102490,Sneha Gupta,36,Male,Indore,Madhya Pradesh,Student,30173.42,688,Salary,76828.06,2017-09-30
C102491,Vivaan Roul,29,Male,Kochi,Kerala,Business,58224.15,610,Salary,80473.18,2022-09-01
C102492,Ankit Roul,31,Male,Chandigarh,Chandigarh,Salaried,13846.45,649,Savings,2871.01,2021-10-06
C102493,Nisha Bose,50,Female,Indore,Madhya Pradesh,Business,47370.07,708,Current,27249.94,2019-12-23
C102494,Isha Reddy,23,Male,Chandigarh,Chandigarh,Salaried,99219.35,683,Savings,69449.35,2017-09-17
C102495,Isha Rao,44,Male,Mumbai,Maharashtra,Salaried,36890.53,790,Current,53026.47,2023-12-08
C102496,Karan Dasgupta,33,Male,Guwahati,Assam,Business,60618.12,820,Savings,112453.08,2016-12-25
C102497,Kavya Mohanty,33,Male,Hyderabad,Telangana,Business,41117.55,642,Current,70232.06,2025-11-28
C102498,Ananya Bose,44,Male,Lucknow,Uttar Pradesh,Business,34283.42,673,Salary,48226.51,2020-03-04
C102499,Amit Mishra,39,Male,Guwahati,Assam,Salaried,93845.56,638,Premium Savings,153992.46,2020-08-10
C102500,Karan Jain,42,Female,Kochi,Kerala,Retired,30952.1,780,Savings,19311.18,2022-03-12
C102501,Ankit Rao,46,Female,Lucknow,Uttar Pradesh,Salaried,64616.13,715,Savings,27185.69,2016-03-31
C102502,Pooja Sharma,33,Male,Bhubaneswar,Odisha,Salaried,65165.26,707,Savings,29336.15,2024-01-05
C102503,Sahil Kumar,30,Male,Ahmedabad,Gujarat,Salaried,34427.08,725,Savings,80442.06,2021-10-10
C102504,Amit Sharma,25,Female,Chennai,Tamil Nadu,Salaried,59916.99,685,Savings,70967.19,2024-05-24
C102505,Aditi Sharma,28,Male,Kolkata,West Bengal,Salaried,32888.13,649,Salary,41306.65,2018-09-18
C102506,Aditi Kumar,65,Female,Kolkata,West Bengal,Self-Employed,73282.27,708,Savings,78381.1,2024-10-12
C102507,Ananya Roul,48,Female,Jaipur,Rajasthan,Student,26685.31,688,Savings,44038.8,2025-04-26
C102508,Isha Sahu,22,Male,Chandigarh,Chandigarh,Retired,45629.3,728,Current,20509.77,2025-03-11
C102509,Aarav Das,23,Male,Mumbai,Maharashtra,Business,47861.37,599,Savings,54731.39,2016-10-14
C102510,Riya Singh,41,Female,Bhubaneswar,Odisha,Salaried,101439.1,717,Savings,95685.39,2017-09-29
C102511,Sneha Singh,41,Male,Chennai,Tamil Nadu,Business,59403.72,660,Salary,79673.76,2020-03-08
C102512,Ananya Gupta,41,Male,Indore,Madhya Pradesh,Student,92999.17,715,Savings,165406.76,2023-02-05
C102513,Rohan Patel,33,Male,Pune,Maharashtra,Salaried,74620.35,764,Current,85597.75,2025-10-17
C102514,Sahil Reddy,35,Female,Indore,Madhya Pradesh,Business,74358.64,669,Savings,156492.52,2015-10-14
C102515,Rohan Mishra,39,Female,Chennai,Tamil Nadu,Self-Employed,45822.26,783,Current,84360.82,2015-01-29
C102516,Aditya Behera,37,Male,Bengaluru,Karnataka,Salaried,96431.36,592,Savings,143434.94,2023-05-25
C102517,Vivaan Verma,18,Female,Kochi,Kerala,Self-Employed,45215.48,805,Savings,61794.26,2015-05-13
C102518,Pooja Mohanty,34,Male,Lucknow,Uttar Pradesh,Business,21240.91,786,Savings,43557.67,2022-08-25
C102519,Rahul Sharma,27,Female,Lucknow,Uttar Pradesh,Business,48871.79,647,Savings,60431.56,2022-08-04
C102520,Sahil Gupta,38,Male,Kolkata,West Bengal,Salaried,70579.89,648,Premium Savings,134055.78,2019-07-23
C102521,Aditya Sharma,66,Female,Jaipur,Rajasthan,Self-Employed,22730.08,608,Savings,44726.24,2024-09-21
C102522,Vivaan Rao,40,Female,Pune,Maharashtra,Student,33802.23,765,Salary,30103.1,2020-10-29
C102523,Nisha Gupta,33,Male,Bengaluru,Karnataka,Retired,27952.58,684,Premium Savings,27049.41,2020-04-09
C102524,Arjun Panda,45,Male,Ahmedabad,Gujarat,Salaried,84777.28,679,Savings,99645.13,2024-09-01
C102525,Karan Das,41,Male,Hyderabad,Telangana,Salaried,138021.25,632,Salary,148635.78,2019-04-28
C102526,Sahil Verma,40,Male,Kolkata,West Bengal,Business,49008.74,823,Salary,35607.75,2015-10-16
C102527,Amit Dasgupta,42,Male,Hyderabad,Telangana,Salaried,73675.84,642,Current,103551.96,2023-10-13
C102528,Aditya Patel,57,Female,Chennai,Tamil Nadu,Salaried,72629.33,707,Salary,28640.78,2019-09-05
C102529,Aditi Rao,25,Female,Guwahati,Assam,Salaried,129272.36,719,Savings,121851.11,2025-09-27
C102530,Aditi Nayak,41,Male,Pune,Maharashtra,Business,38414.27,679,Savings,53099.94,2017-12-01
C102531,Arjun Singh,27,Female,Ahmedabad,Gujarat,Business,48735.11,666,Savings,75618.67,2024-11-27
C102532,Rahul Gupta,42,Female,Ahmedabad,Gujarat,Self-Employed,45600.12,681,Salary,37731.26,2023-01-11
C102533,Riya Mohanty,27,Female,Bhubaneswar,Odisha,Salaried,57327.77,742,Savings,139597.32,2021-01-09
C102534,Aarav Panda,32,Male,Pune,Maharashtra,Self-Employed,218046.3,682,Premium Savings,370334.02,2016-05-10
C102535,Riya Rao,33,Male,Lucknow,Uttar Pradesh,Salaried,55939.98,811,Savings,51827.29,2023-01-10
C102536,Rahul Jain,46,Male,Bengaluru,Karnataka,Self-Employed,34372.0,654,Current,29071.06,2023-09-16
C102537,Sahil Panda,45,Male,Mumbai,Maharashtra,Salaried,29147.22,754,Current,39782.91,2021-10-22
C102538,Neha Roul,24,Female,Kochi,Kerala,Salaried,109539.8,591,Premium Savings,194263.06,2022-04-04
C102539,Rohan Das,37,Female,Kolkata,West Bengal,Salaried,34286.21,654,Savings,60090.49,2020-12-27
C102540,Ananya Reddy,29,Male,Mumbai,Maharashtra,Business,79226.12,652,Savings,34563.62,2023-01-06
C102541,Kavya Nayak,23,Male,Guwahati,Assam,Self-Employed,37845.15,633,Salary,39653.83,2015-04-08
C102542,Rahul Das,34,Female,Kolkata,West Bengal,Salaried,27402.99,723,Premium Savings,47277.35,2019-12-02
C102543,Ankit Sharma,33,Female,Bengaluru,Karnataka,Salaried,76722.34,698,Savings,37637.83,2020-05-23
C102544,Sahil Roul,60,Female,Indore,Madhya Pradesh,Salaried,38877.8,557,Current,65860.89,2024-04-13
C102545,Rohan Sahu,40,Male,Hyderabad,Telangana,Self-Employed,69499.34,835,Savings,49130.65,2023-02-21
C102546,Arjun Kumar,22,Female,Lucknow,Uttar Pradesh,Salaried,72380.64,716,Salary,60258.02,2015-09-02
C102547,Riya Behera,30,Female,Mumbai,Maharashtra,Salaried,74275.35,705,Salary,78577.94,2018-04-14
C102548,Vivaan Patel,46,Female,Jaipur,Rajasthan,Self-Employed,47458.3,790,Salary,113061.88,2024-02-07
C102549,Karan Nayak,57,Male,Delhi,Delhi,Business,80216.89,769,Savings,147366.62,2019-06-20
C102550,Sneha Bose,20,Male,Chandigarh,Chandigarh,Salaried,33113.22,686,Savings,61192.01,2024-04-15
C102551,Neha Kumar,18,Male,Chennai,Tamil Nadu,Self-Employed,14261.78,578,Current,24411.81,2024-03-22
C102552,Sneha Roul,55,Female,Jaipur,Rajasthan,Retired,81135.77,742,Salary,63448.6,2023-02-18
C102553,Vivaan Rao,40,Female,Hyderabad,Telangana,Retired,60244.3,642,Salary,107247.27,2023-08-15
C102554,Aarav Singh,27,Other,Pune,Maharashtra,Salaried,39322.24,786,Savings,21482.62,2015-06-13
C102555,Riya Jain,41,Female,Chandigarh,Chandigarh,Business,24488.39,655,Savings,50236.0,2019-01-28
C102556,Pooja Das,18,Male,Delhi,Delhi,Self-Employed,17943.27,676,Savings,1703.0,2019-06-25
C102557,Vivaan Singh,36,Male,Pune,Maharashtra,Retired,56587.72,618,Salary,46394.22,2023-01-14
C102558,Vivaan Patel,39,Male,Chennai,Tamil Nadu,Salaried,136205.59,623,Current,116480.04,2025-05-26
C102559,Aditi Mehta,45,Male,Lucknow,Uttar Pradesh,Business,50964.36,698,Current,52080.48,2020-09-26
C102560,Amit Jain,26,Female,Hyderabad,Telangana,Business,45087.21,692,Savings,102422.51,2022-01-21
C102561,Neha Singh,37,Female,Jaipur,Rajasthan,Self-Employed,54267.79,674,Savings,67263.15,2022-04-14
C102562,Aditya Panda,27,Male,Lucknow,Uttar Pradesh,Business,182344.18,838,Premium Savings,298283.57,2019-12-08
C102563,Ananya Roul,39,Female,Bengaluru,Karnataka,Salaried,83169.48,744,Salary,97683.78,2019-10-22
C102564,Neha Dasgupta,27,Female,Bhubaneswar,Odisha,Salaried,32912.97,706,Savings,68969.0,2023-10-31
C102565,Nisha Sharma,32,Male,Mumbai,Maharashtra,Salaried,55856.75,526,Savings,98171.05,2016-05-23
C102566,Aarav Mehta,26,Male,Hyderabad,Telangana,Retired,66034.25,759,Premium Savings,16357.17,2016-02-29
C102567,Pooja Rao,43,Male,Lucknow,Uttar Pradesh,Self-Employed,30764.05,850,Savings,25844.83,2016-08-20
C102568,Aditi Mehta,45,Male,Bengaluru,Karnataka,Self-Employed,83500.98,693,Salary,128059.29,2024-07-01
C102569,Aarav Patel,34,Female,Lucknow,Uttar Pradesh,Self-Employed,35076.74,652,Savings,51818.64,2017-12-11
C102570,Arjun Rao,36,Male,Guwahati,Assam,Salaried,23958.26,716,Salary,26423.9,2023-07-02
C102571,Amit Singh,22,Male,Indore,Madhya Pradesh,Salaried,57351.94,612,Current,26897.19,2024-04-03
C102572,Priya Panda,33,Other,Kolkata,West Bengal,Business,52570.1,735,Savings,39225.03,2021-07-02
C102573,Aarav Sharma,35,Female,Mumbai,Maharashtra,Retired,54969.1,803,Salary,35882.05,2023-06-14
C102574,Pooja Roul,62,Male,Mumbai,Maharashtra,Salaried,36117.54,661,Savings,27286.39,2023-11-17
C102575,Aditi Mohanty,25,Female,Pune,Maharashtra,Salaried,38998.42,663,Savings,18622.37,2016-04-02
C102576,Aditya Roul,51,Male,Lucknow,Uttar Pradesh,Salaried,102307.08,700,Savings,64671.46,2023-02-05
C102577,Vivaan Mohanty,46,Male,Mumbai,Maharashtra,Salaried,70100.52,672,Current,41980.71,2016-11-23
C102578,Rohan Das,39,Female,Chennai,Tamil Nadu,Salaried,32496.19,607,Savings,51643.76,2019-02-10
C102579,Aditya Kumar,54,Male,Chandigarh,Chandigarh,Self-Employed,18811.15,680,Savings,27695.46,2019-08-19
C102580,Karan Dasgupta,40,Female,Delhi,Delhi,Salaried,33261.62,667,Savings,49052.26,2022-05-13
C102581,Sneha Panda,40,Male,Kochi,Kerala,Salaried,59970.19,794,Current,52331.81,2018-10-23
C102582,Vivaan Bose,35,Male,Kochi,Kerala,Business,38852.43,780,Salary,58816.98,2016-08-04
C102583,Kavya Reddy,48,Female,Mumbai,Maharashtra,Retired,37226.67,796,Savings,45999.18,2025-03-28
C102584,Sneha Rao,47,Male,Indore,Madhya Pradesh,Salaried,39777.24,757,Savings,50326.35,2017-09-22
C102585,Rahul Das,30,Female,Delhi,Delhi,Business,52843.99,718,Current,105588.21,2023-12-03
C102586,Arjun Sharma,23,Female,Bhubaneswar,Odisha,Salaried,84679.92,648,Savings,77067.8,2020-05-30
C102587,Sahil Mehta,34,Female,Bengaluru,Karnataka,Student,54987.32,791,Salary,50797.14,2017-05-10
C102588,Sahil Sahu,28,Female,Jaipur,Rajasthan,Business,56905.87,728,Savings,35741.16,2017-12-19
C102589,Arjun Rao,35,Male,Kolkata,West Bengal,Business,48601.77,624,Current,45670.5,2016-02-02
C102590,Arjun Panda,48,Female,Lucknow,Uttar Pradesh,Salaried,41791.25,646,Savings,23894.84,2018-09-13
C102591,Rohan Dasgupta,31,Female,Jaipur,Rajasthan,Self-Employed,89942.06,623,Savings,78425.2,2022-03-14
C102592,Aditya Rao,36,Female,Delhi,Delhi,Self-Employed,82735.96,572,Salary,92798.2,2022-10-12
C102593,Aarav Mohanty,37,Female,Kolkata,West Bengal,Salaried,169395.66,730,Salary,143306.28,2015-10-31
C102594,Sahil Nayak,44,Female,Lucknow,Uttar Pradesh,Salaried,76949.05,625,Savings,119934.31,2020-02-20
C102595,Amit Sahu,18,Male,Guwahati,Assam,Self-Employed,41812.92,656,Current,81669.99,2025-01-31
C102596,Vivaan Singh,30,Female,Mumbai,Maharashtra,Business,33440.74,708,Savings,29921.45,2022-12-14
C102597,Amit Nayak,38,Male,Mumbai,Maharashtra,Salaried,92893.44,693,Salary,95339.79,2020-07-06
C102598,Ankit Singh,48,Male,Kochi,Kerala,Self-Employed,35131.23,659,Savings,43358.98,2023-06-10
C102599,Rohan Verma,31,Female,Ahmedabad,Gujarat,Salaried,85857.45,804,Savings,39569.7,2017-09-29
C102600,Rahul Reddy,18,Male,Pune,Maharashtra,Salaried,36211.64,606,Premium Savings,74028.46,2023-06-28
C102601,Sneha Sharma,42,Male,Indore,Madhya Pradesh,Self-Employed,66644.35,609,Savings,41968.56,2017-11-30
C102602,Rahul Mehta,30,Male,Chennai,Tamil Nadu,Salaried,30706.37,735,Current,50835.93,2018-11-03
C102603,Rohan Roul,24,Female,Delhi,Delhi,Salaried,84459.33,664,Salary,59355.15,2018-04-24
C102604,Nisha Gupta,30,Male,Chennai,Tamil Nadu,Salaried,27905.22,662,Current,74236.03,2022-09-23
C102605,Aditya Singh,34,Female,Mumbai,Maharashtra,Self-Employed,63908.97,635,Current,99905.19,2019-12-27
C102606,Aarav Panda,30,Male,Ahmedabad,Gujarat,Salaried,49329.45,727,Savings,94924.32,2018-09-16
C102607,Sahil Nayak,18,Male,Jaipur,Rajasthan,Retired,58167.5,720,Salary,76234.8,2023-10-31
C102608,Pooja Rao,45,Male,Jaipur,Rajasthan,Salaried,44240.52,713,Savings,40219.47,2020-01-19
C102609,Rohan Jain,49,Female,Kochi,Kerala,Business,43673.44,667,Salary,60666.92,2022-11-05
C102610,Aditi Sharma,43,Male,Lucknow,Uttar Pradesh,Salaried,59887.2,656,Salary,92554.48,2017-11-22
C102611,Karan Das,25,Female,Guwahati,Assam,Self-Employed,31694.94,694,Current,71060.76,2021-05-16
C102612,Neha Verma,34,Female,Jaipur,Rajasthan,Self-Employed,31592.54,768,Savings,75021.04,2018-02-01
C102613,Priya Kumar,36,Female,Chennai,Tamil Nadu,Salaried,45156.35,807,Savings,57538.27,2021-08-31
C102614,Amit Singh,42,Female,Bhubaneswar,Odisha,Salaried,44199.99,777,Savings,64982.84,2015-05-27
C102615,Kavya Sahu,43,Male,Bhubaneswar,Odisha,Salaried,31638.2,738,Salary,42530.69,2023-07-16
C102616,Aditya Mohanty,29,Female,Kochi,Kerala,Salaried,91437.1,769,Salary,105739.29,2016-07-27
C102617,Aditi Nayak,37,Female,Chennai,Tamil Nadu,Salaried,45758.28,628,Current,57177.74,2016-08-29
C102618,Riya Sharma,41,Female,Bengaluru,Karnataka,Business,48553.63,659,Premium Savings,23922.63,2020-11-07
C102619,Rahul Gupta,51,Female,Chandigarh,Chandigarh,Business,26501.27,739,Premium Savings,49625.65,2018-03-27
C102620,Ananya Verma,43,Female,Indore,Madhya Pradesh,Salaried,171869.06,697,Savings,300424.57,2015-04-17
C102621,Nisha Dasgupta,44,Other,Bhubaneswar,Odisha,Salaried,208976.18,727,Savings,131202.97,2017-06-24
C102622,Ananya Kumar,37,Male,Mumbai,Maharashtra,Salaried,35805.95,769,Savings,68402.95,2024-11-14
C102623,Sneha Patel,50,Female,Bhubaneswar,Odisha,Salaried,107951.35,759,Salary,156911.49,2019-02-28
C102624,Rahul Kumar,40,Female,Ahmedabad,Gujarat,Business,52291.6,634,Savings,5224.09,2021-04-27
C102625,Arjun Panda,27,Female,Bhubaneswar,Odisha,Self-Employed,132874.68,706,Savings,201482.89,2019-01-25
C102626,Arjun Mehta,50,Male,Indore,Madhya Pradesh,Salaried,66172.26,645,Salary,84883.96,2023-01-02
C102627,Riya Panda,43,Female,Indore,Madhya Pradesh,Salaried,58102.13,654,Current,76971.76,2018-04-07
C102628,Aditya Das,32,Female,Indore,Madhya Pradesh,Business,13911.77,594,Premium Savings,42332.75,2018-06-10
C102629,Neha Dasgupta,31,Male,Mumbai,Maharashtra,Salaried,33923.23,714,Current,27084.43,2025-08-05
C102630,Sneha Nayak,39,Female,Guwahati,Assam,Salaried,55624.27,589,Premium Savings,67672.28,2023-01-11
C102631,Aditi Dasgupta,41,Male,Ahmedabad,Gujarat,Business,61350.27,731,Savings,113749.54,2016-10-10
C102632,Neha Gupta,38,Other,Pune,Maharashtra,Self-Employed,28195.85,793,Salary,17848.66,2021-05-14
C102633,Kavya Dasgupta,39,Male,Lucknow,Uttar Pradesh,Salaried,36837.22,739,Savings,74833.05,2022-02-09
C102634,Neha Bose,53,Male,Kochi,Kerala,Student,74569.31,708,Salary,80910.83,2018-06-02
C102635,Neha Singh,47,Male,Indore,Madhya Pradesh,Salaried,25701.96,805,Premium Savings,61989.39,2020-04-30
C102636,Karan Mohanty,38,Female,Kochi,Kerala,Business,59197.81,726,Current,99957.84,2022-12-30
C102637,Sneha Patel,45,Male,Bengaluru,Karnataka,Salaried,108658.25,649,Salary,189412.93,2019-12-07
C102638,Aarav Bose,26,Female,Mumbai,Maharashtra,Self-Employed,67988.7,713,Premium Savings,37532.69,2022-07-20
C102639,Isha Gupta,40,Female,Hyderabad,Telangana,Student,66145.11,832,Savings,64793.18,2018-04-22
C102640,Ankit Mohanty,54,Female,Bengaluru,Karnataka,Salaried,18106.12,634,Savings,39350.1,2016-09-24
C102641,Sahil Sharma,34,Male,Bengaluru,Karnataka,Business,34997.66,615,Salary,15249.51,2023-05-05
C102642,Isha Mishra,28,Other,Kochi,Kerala,Business,170228.93,745,Current,171550.39,2024-01-12
C102643,Pooja Dasgupta,29,Female,Bhubaneswar,Odisha,Salaried,39559.04,690,Salary,74254.54,2022-10-18
C102644,Aditya Panda,25,Male,Jaipur,Rajasthan,Business,110254.92,670,Current,153974.35,2016-06-10
C102645,Arjun Panda,28,Male,Bhubaneswar,Odisha,Student,39305.75,623,Salary,74282.29,2016-08-23
C102646,Vivaan Rao,32,Male,Kolkata,West Bengal,Self-Employed,47206.51,578,Savings,30684.92,2021-10-24
C102647,Ankit Behera,22,Female,Lucknow,Uttar Pradesh,Salaried,73032.6,610,Savings,80553.03,2018-04-12
C102648,Nisha Singh,36,Male,Mumbai,Maharashtra,Salaried,58131.89,810,Salary,32945.22,2024-08-20
C102649,Aditya Sahu,45,Male,Ahmedabad,Gujarat,Salaried,67840.88,704,Savings,73144.68,2019-04-23
C102650,Ankit Patel,27,Female,Jaipur,Rajasthan,Salaried,35065.53,577,Savings,500.0,2017-11-19
C102651,Vivaan Jain,51,Female,Chennai,Tamil Nadu,Self-Employed,29440.89,782,Premium Savings,48709.66,2022-02-21
C102652,Nisha Bose,41,Female,Chennai,Tamil Nadu,Salaried,33787.94,785,Current,30351.8,2017-07-22
C102653,Karan Jain,46,Female,Bhubaneswar,Odisha,Salaried,41040.45,785,Savings,35134.95,2015-04-25
C102654,Aditi Singh,29,Male,Hyderabad,Telangana,Salaried,48483.74,678,Savings,11439.25,2024-07-17
C102655,Karan Mehta,45,Female,Guwahati,Assam,Salaried,97303.47,688,Savings,46958.01,2017-05-16
C102656,Amit Gupta,25,Male,Ahmedabad,Gujarat,Self-Employed,57706.57,714,Premium Savings,107458.57,2021-07-16
C102657,Riya Gupta,45,Female,Pune,Maharashtra,Business,71798.36,796,Salary,99391.99,2018-05-25
C102658,Isha Sahu,38,Female,Jaipur,Rajasthan,Salaried,59454.64,669,Savings,64196.1,2016-08-30
C102659,Sahil Mohanty,42,Male,Guwahati,Assam,Salaried,29780.22,656,Savings,45703.25,2021-07-21
C102660,Vivaan Bose,24,Female,Lucknow,Uttar Pradesh,Salaried,55524.89,750,Salary,90074.74,2015-02-19
C102661,Rohan Kumar,27,Male,Bengaluru,Karnataka,Salaried,59101.92,784,Current,111952.47,2017-11-28
C102662,Amit Panda,42,Male,Lucknow,Uttar Pradesh,Salaried,83537.11,702,Savings,134021.26,2019-01-31
C102663,Isha Sahu,27,Female,Lucknow,Uttar Pradesh,Business,30557.49,749,Savings,18478.18,2023-02-01
C102664,Priya Gupta,41,Female,Guwahati,Assam,Salaried,17905.49,712,Savings,65422.59,2020-09-14
C102665,Neha Das,22,Female,Bengaluru,Karnataka,Student,60598.99,689,Premium Savings,121120.79,2023-05-12
C102666,Rahul Sharma,44,Female,Mumbai,Maharashtra,Self-Employed,66816.54,651,Salary,33500.74,2024-10-04
C102667,Rohan Reddy,24,Female,Kolkata,West Bengal,Salaried,49832.71,630,Savings,65834.46,2020-10-17
C102668,Rohan Roul,42,Male,Kolkata,West Bengal,Business,55854.2,665,Savings,88898.58,2019-07-21
C102669,Kavya Singh,42,Male,Jaipur,Rajasthan,Business,89180.11,642,Savings,128468.43,2020-05-07
C102670,Aarav Verma,29,Male,Chennai,Tamil Nadu,Self-Employed,42733.8,723,Savings,54321.29,2021-12-08
C102671,Priya Sharma,42,Male,Kochi,Kerala,Student,47185.22,784,Savings,64922.9,2025-02-03
C102672,Karan Roul,39,Female,Kochi,Kerala,Salaried,57443.58,718,Savings,107791.67,2016-11-28
C102673,Aarav Patel,31,Male,Mumbai,Maharashtra,Business,28118.71,645,Salary,24364.83,2025-11-26
C102674,Aarav Sharma,26,Male,Lucknow,Uttar Pradesh,Salaried,50591.81,761,Premium Savings,54178.13,2018-11-10
C102675,Riya Bose,18,Male,Lucknow,Uttar Pradesh,Business,53105.17,724,Savings,119948.6,2022-03-22
C102676,Sneha Mishra,39,Female,Delhi,Delhi,Salaried,135328.67,737,Savings,214910.47,2016-09-30
C102677,Ankit Jain,20,Female,Indore,Madhya Pradesh,Salaried,46682.51,671,Salary,55230.58,2021-08-01
C102678,Pooja Mishra,37,Male,Bhubaneswar,Odisha,Business,61395.67,779,Savings,59673.83,2024-07-24
C102679,Nisha Kumar,33,Female,Kochi,Kerala,Salaried,91156.05,778,Savings,133385.94,2020-08-14
C102680,Aditi Sharma,43,Male,Lucknow,Uttar Pradesh,Salaried,34699.2,693,Savings,81671.72,2018-07-11
C102681,Aarav Bose,33,Female,Delhi,Delhi,Salaried,117212.72,752,Savings,162190.32,2020-11-13
C102682,Isha Panda,33,Male,Mumbai,Maharashtra,Business,145105.61,777,Savings,134276.61,2019-03-14
C102683,Nisha Reddy,43,Male,Kochi,Kerala,Student,54132.8,675,Premium Savings,90092.84,2019-03-29
C102684,Arjun Gupta,39,Female,Chennai,Tamil Nadu,Business,40880.32,700,Savings,38568.56,2024-09-14
C102685,Arjun Jain,39,Female,Chandigarh,Chandigarh,Business,134592.12,710,Savings,82361.83,2025-05-21
C102686,Aarav Sharma,41,Male,Kochi,Kerala,Self-Employed,85193.93,634,Savings,122764.45,2020-06-10
C102687,Nisha Reddy,21,Female,Bengaluru,Karnataka,Salaried,57536.31,734,Savings,34276.44,2022-04-09
C102688,Sneha Panda,44,Female,Guwahati,Assam,Salaried,120553.94,771,Current,37401.44,2016-11-23
C102689,Rahul Mishra,42,Female,Chennai,Tamil Nadu,Self-Employed,113735.88,696,Salary,135409.05,2024-10-06
C102690,Rahul Rao,26,Male,Bengaluru,Karnataka,Salaried,45713.42,727,Savings,13905.58,2020-11-21
C102691,Karan Mohanty,34,Male,Lucknow,Uttar Pradesh,Salaried,63063.02,796,Premium Savings,72582.2,2020-05-28
C102692,Nisha Dasgupta,36,Female,Ahmedabad,Gujarat,Salaried,75532.96,679,Salary,78570.11,2016-12-19
C102693,Nisha Mohanty,35,Male,Mumbai,Maharashtra,Business,55875.99,728,Salary,69008.81,2020-06-05
C102694,Aditi Patel,39,Male,Kolkata,West Bengal,Salaried,25593.91,668,Savings,33514.24,2025-01-22
C102695,Sneha Sharma,50,Male,Pune,Maharashtra,Business,32828.28,666,Savings,41079.78,2019-04-05
C102696,Riya Mehta,47,Female,Bhubaneswar,Odisha,Business,26057.06,727,Current,32505.74,2015-02-28
C102697,Ankit Dasgupta,23,Male,Ahmedabad,Gujarat,Business,72127.94,721,Savings,56460.6,2022-07-02
C102698,Aditya Dasgupta,42,Female,Pune,Maharashtra,Retired,28672.53,741,Savings,71562.35,2025-08-14
C102699,Neha Rao,49,Male,Hyderabad,Telangana,Salaried,61139.8,710,Premium Savings,62643.86,2015-09-23
C102700,Sahil Jain,40,Male,Mumbai,Maharashtra,Self-Employed,150638.1,735,Salary,193721.31,2018-11-03
C102701,Amit Patel,47,Male,Ahmedabad,Gujarat,Student,120615.38,813,Savings,141933.31,2017-07-09
C102702,Vivaan Sharma,56,Male,Lucknow,Uttar Pradesh,Self-Employed,20020.45,774,Salary,37279.02,2018-06-20
C102703,Aditi Panda,46,Female,Hyderabad,Telangana,Business,27222.6,727,Current,4411.69,2017-04-25
C102704,Isha Gupta,38,Female,Bhubaneswar,Odisha,Salaried,35882.48,738,Savings,93391.07,2017-07-07
C102705,Amit Mishra,46,Male,Bengaluru,Karnataka,Self-Employed,28915.28,686,Savings,50208.5,2016-09-06
C102706,Neha Kumar,37,Male,Guwahati,Assam,Salaried,22147.74,695,Savings,47492.7,2018-02-13
C102707,Arjun Mishra,36,Female,Hyderabad,Telangana,Retired,54673.06,737,Savings,95337.12,2021-10-28
C102708,Pooja Reddy,32,Female,Bhubaneswar,Odisha,Business,81055.86,711,Savings,32594.89,2023-09-22
C102709,Arjun Bose,52,Female,Pune,Maharashtra,Student,92949.09,757,Savings,157707.96,2023-03-05
C102710,Aditya Mehta,28,Female,Delhi,Delhi,Business,42367.06,787,Savings,26334.45,2023-11-07
C102711,Aditya Behera,51,Male,Chandigarh,Chandigarh,Salaried,47360.39,698,Savings,53504.63,2016-05-04
C102712,Riya Verma,41,Female,Guwahati,Assam,Salaried,66883.73,574,Savings,101860.01,2022-04-16
C102713,Sahil Mehta,22,Male,Ahmedabad,Gujarat,Student,51814.3,837,Savings,46155.17,2017-03-17
C102714,Isha Singh,40,Male,Chandigarh,Chandigarh,Salaried,85898.55,663,Savings,49254.69,2018-12-31
C102715,Nisha Nayak,18,Female,Kochi,Kerala,Salaried,69688.4,718,Savings,125111.66,2020-08-05
C102716,Rahul Sharma,42,Female,Kolkata,West Bengal,Self-Employed,44717.54,752,Current,50049.86,2020-02-25
C102717,Karan Gupta,45,Female,Chennai,Tamil Nadu,Salaried,19809.93,797,Savings,22902.65,2021-05-21
C102718,Aarav Reddy,30,Male,Kolkata,West Bengal,Self-Employed,125436.61,822,Savings,124180.31,2025-03-27
C102719,Ananya Roul,37,Male,Lucknow,Uttar Pradesh,Self-Employed,37712.36,681,Salary,38998.2,2022-02-28
C102720,Priya Mishra,56,Male,Chennai,Tamil Nadu,Business,66952.97,782,Savings,106411.94,2025-03-01
C102721,Sahil Sahu,31,Female,Mumbai,Maharashtra,Student,19167.34,718,Savings,36812.3,2015-02-19
C102722,Neha Sharma,25,Male,Pune,Maharashtra,Salaried,54658.74,850,Savings,93351.92,2024-06-02
C102723,Pooja Mehta,51,Female,Bhubaneswar,Odisha,Salaried,58118.11,777,Current,95338.57,2023-05-15
C102724,Sneha Panda,56,Male,Chandigarh,Chandigarh,Salaried,59684.02,693,Premium Savings,93351.53,2024-06-26
C102725,Aditi Behera,36,Female,Delhi,Delhi,Retired,288564.75,653,Savings,186748.95,2024-03-08
C102726,Sahil Nayak,46,Female,Guwahati,Assam,Salaried,38869.82,534,Savings,24994.55,2023-10-13
C102727,Nisha Gupta,49,Male,Indore,Madhya Pradesh,Salaried,86375.02,749,Current,86142.04,2023-11-01
C102728,Sneha Sahu,29,Male,Indore,Madhya Pradesh,Self-Employed,73340.36,771,Savings,89237.11,2020-11-16
C102729,Pooja Singh,31,Female,Mumbai,Maharashtra,Salaried,37867.07,753,Premium Savings,13281.2,2025-01-26
C102730,Vivaan Kumar,48,Female,Kolkata,West Bengal,Retired,85665.6,552,Savings,147535.1,2017-07-24
C102731,Vivaan Dasgupta,53,Female,Chennai,Tamil Nadu,Student,50247.29,623,Savings,48979.42,2023-04-25
C102732,Rahul Gupta,42,Female,Guwahati,Assam,Self-Employed,89007.17,736,Savings,146524.19,2017-04-09
C102733,Aarav Singh,27,Male,Chennai,Tamil Nadu,Self-Employed,161719.38,821,Savings,298240.67,2019-01-29
C102734,Riya Reddy,56,Female,Ahmedabad,Gujarat,Salaried,59756.18,701,Savings,59531.15,2022-06-13
C102735,Isha Singh,31,Male,Bengaluru,Karnataka,Business,47120.79,776,Salary,68150.45,2015-05-15
C102736,Rahul Mishra,33,Female,Hyderabad,Telangana,Business,98070.74,638,Savings,183081.36,2019-06-21
C102737,Isha Mohanty,39,Male,Ahmedabad,Gujarat,Salaried,118568.69,718,Savings,111381.5,2022-01-09
C102738,Aditi Nayak,52,Female,Chennai,Tamil Nadu,Salaried,33836.55,687,Savings,500.0,2016-02-09
C102739,Aarav Singh,45,Male,Jaipur,Rajasthan,Student,42871.48,782,Salary,82332.85,2025-09-04
C102740,Sneha Singh,40,Male,Kolkata,West Bengal,Salaried,79743.56,670,Savings,103704.57,2018-09-11
C102741,Vivaan Bose,41,Male,Ahmedabad,Gujarat,Self-Employed,51147.6,814,Savings,59658.25,2020-09-09
C102742,Ananya Bose,36,Female,Bhubaneswar,Odisha,Salaried,32539.36,685,Savings,80488.28,2015-10-03
C102743,Aditya Rao,42,Female,Kochi,Kerala,Salaried,74048.13,635,Savings,110188.25,2018-01-16
C102744,Sahil Mehta,18,Female,Delhi,Delhi,Business,79571.22,638,Salary,161840.94,2021-03-16
C102745,Rahul Mohanty,33,Male,Chandigarh,Chandigarh,Salaried,45760.49,665,Savings,54483.62,2025-10-13
C102746,Amit Verma,38,Female,Kochi,Kerala,Self-Employed,56887.46,729,Savings,49099.33,2020-12-30
C102747,Karan Sahu,24,Female,Hyderabad,Telangana,Salaried,40053.58,665,Premium Savings,84406.55,2024-06-29
C102748,Ankit Das,40,Male,Bengaluru,Karnataka,Salaried,30112.87,652,Savings,65157.81,2023-04-25
C102749,Amit Verma,34,Male,Kolkata,West Bengal,Student,41843.97,763,Salary,49496.33,2021-01-11
C102750,Pooja Sharma,54,Male,Hyderabad,Telangana,Self-Employed,57282.55,496,Current,72312.72,2024-10-14
C102751,Aarav Nayak,52,Male,Pune,Maharashtra,Student,24435.43,677,Savings,33730.63,2015-11-22
C102752,Aditya Das,31,Male,Guwahati,Assam,Student,43559.42,618,Savings,44090.82,2025-11-18
C102753,Aditi Kumar,34,Female,Chandigarh,Chandigarh,Retired,57722.08,649,Salary,118002.55,2023-12-13
C102754,Riya Singh,35,Male,Indore,Madhya Pradesh,Student,106101.49,721,Savings,162250.64,2015-08-18
C102755,Riya Mehta,31,Female,Bengaluru,Karnataka,Salaried,46312.29,692,Savings,80997.07,2020-01-04
C102756,Arjun Dasgupta,38,Female,Jaipur,Rajasthan,Student,27718.14,686,Savings,37459.5,2021-05-10
C102757,Arjun Sahu,28,Female,Guwahati,Assam,Salaried,49009.8,782,Savings,52986.35,2020-11-11
C102758,Aditya Das,25,Female,Lucknow,Uttar Pradesh,Salaried,40274.56,704,Savings,66879.01,2017-10-12
C102759,Priya Verma,42,Male,Mumbai,Maharashtra,Salaried,74517.31,822,Savings,88058.27,2017-09-29
C102760,Nisha Sharma,42,Female,Bhubaneswar,Odisha,Salaried,45671.99,751,Savings,66551.1,2017-11-14
C102761,Ankit Jain,28,Male,Hyderabad,Telangana,Self-Employed,12385.44,642,Current,49967.99,2023-12-10
C102762,Arjun Patel,45,Female,Bhubaneswar,Odisha,Salaried,418939.56,831,Savings,162830.9,2023-04-17
C102763,Vivaan Mohanty,30,Female,Bengaluru,Karnataka,Salaried,59479.58,723,Savings,103058.53,2017-01-18
C102764,Aditi Das,39,Female,Indore,Madhya Pradesh,Salaried,57765.32,827,Savings,110390.41,2022-09-26
C102765,Amit Patel,44,Female,Lucknow,Uttar Pradesh,Salaried,23560.17,688,Savings,17805.6,2025-07-02
C102766,Sahil Sahu,36,Male,Mumbai,Maharashtra,Business,24577.22,723,Savings,69536.76,2022-04-19
C102767,Neha Sharma,41,Male,Chandigarh,Chandigarh,Salaried,52287.71,733,Savings,73064.04,2024-08-13
C102768,Vivaan Reddy,31,Female,Chandigarh,Chandigarh,Salaried,66170.02,694,Savings,70022.89,2017-09-30
C102769,Rahul Dasgupta,34,Male,Bhubaneswar,Odisha,Salaried,80922.83,788,Salary,57718.41,2017-07-24
C102770,Amit Bose,34,Female,Lucknow,Uttar Pradesh,Salaried,62672.57,831,Savings,65707.65,2022-09-25
C102771,Rahul Mohanty,29,Male,Pune,Maharashtra,Self-Employed,28647.47,556,Savings,50569.75,2023-01-17
C102772,Aditya Sharma,34,Female,Indore,Madhya Pradesh,Salaried,13872.06,758,Premium Savings,47137.03,2020-02-12
C102773,Aditya Das,21,Male,Mumbai,Maharashtra,Salaried,52050.32,647,Savings,56055.75,2016-12-27
C102774,Karan Singh,31,Female,Mumbai,Maharashtra,Salaried,41003.08,536,Savings,29794.01,2015-06-14
C102775,Nisha Sahu,33,Female,Delhi,Delhi,Salaried,27465.17,739,Salary,6970.2,2025-12-25
C102776,Aditya Verma,33,Male,Guwahati,Assam,Retired,86727.0,739,Savings,116974.23,2021-10-31
C102777,Aditya Singh,34,Male,Mumbai,Maharashtra,Salaried,23121.57,749,Premium Savings,51742.58,2017-12-24
C102778,Aarav Gupta,35,Male,Ahmedabad,Gujarat,Business,77220.58,729,Savings,46447.91,2021-03-10
C102779,Riya Verma,41,Male,Kolkata,West Bengal,Business,25324.12,762,Salary,43382.63,2018-02-10
C102780,Aarav Rao,45,Male,Indore,Madhya Pradesh,Salaried,59209.5,666,Savings,80343.87,2016-01-10
C102781,Neha Sahu,30,Male,Hyderabad,Telangana,Retired,91929.23,722,Premium Savings,48398.05,2023-05-02
C102782,Priya Mishra,24,Female,Hyderabad,Telangana,Business,45671.29,750,Current,51057.66,2017-02-17
C102783,Sahil Nayak,26,Male,Chennai,Tamil Nadu,Business,139322.18,793,Savings,69821.64,2023-03-23
C102784,Sneha Patel,31,Other,Guwahati,Assam,Salaried,157932.96,708,Salary,161035.82,2024-04-25
C102785,Ankit Das,32,Male,Lucknow,Uttar Pradesh,Self-Employed,62663.52,691,Savings,90651.78,2025-04-15
C102786,Rahul Mohanty,28,Male,Kochi,Kerala,Salaried,74076.26,701,Salary,49465.05,2015-09-18
C102787,Neha Mishra,23,Male,Chennai,Tamil Nadu,Salaried,98565.67,627,Current,81502.04,2025-02-28
C102788,Ankit Jain,31,Female,Chennai,Tamil Nadu,Business,74200.26,755,Salary,130551.99,2025-02-16
C102789,Aarav Kumar,38,Male,Mumbai,Maharashtra,Student,69952.54,610,Savings,104625.97,2016-06-26
C102790,Aditi Reddy,42,Female,Hyderabad,Telangana,Salaried,41227.07,730,Premium Savings,35402.21,2020-11-10
C102791,Priya Mishra,30,Female,Kochi,Kerala,Business,21742.9,710,Current,27974.6,2018-05-25
C102792,Aarav Verma,32,Male,Ahmedabad,Gujarat,Business,25604.82,604,Savings,500.0,2015-09-07
C102793,Kavya Roul,27,Female,Delhi,Delhi,Salaried,203901.13,608,Savings,203081.74,2017-04-30
C102794,Ankit Rao,36,Male,Delhi,Delhi,Salaried,65672.85,650,Salary,34055.62,2017-07-21
C102795,Rahul Gupta,28,Male,Kolkata,West Bengal,Salaried,48048.32,683,Salary,80239.34,2017-09-26
C102796,Amit Verma,42,Female,Kolkata,West Bengal,Business,110185.27,801,Salary,61991.35,2021-07-26
C102797,Riya Sahu,18,Female,Ahmedabad,Gujarat,Business,36420.48,698,Savings,36877.05,2023-07-17
C102798,Aditya Rao,32,Female,Indore,Madhya Pradesh,Salaried,75795.79,741,Savings,164614.2,2021-07-08
C102799,Neha Dasgupta,39,Female,Hyderabad,Telangana,Self-Employed,57385.34,787,Current,102243.18,2020-05-08
C102800,Rohan Das,38,Female,Chennai,Tamil Nadu,Business,70834.65,775,Savings,122131.7,2020-03-16
C102801,Priya Kumar,63,Female,Hyderabad,Telangana,Business,45709.57,705,Savings,59266.4,2016-02-07
C102802,Rahul Mohanty,39,Male,Mumbai,Maharashtra,Salaried,32354.44,659,Current,11034.53,2021-01-08
C102803,Rohan Jain,26,Female,Delhi,Delhi,Self-Employed,34979.22,737,Savings,500.0,2024-11-20
C102804,Pooja Sharma,35,Female,Lucknow,Uttar Pradesh,Student,35737.37,660,Savings,23013.38,2023-10-06
C102805,Isha Jain,18,Male,Guwahati,Assam,Salaried,54910.22,823,Savings,45975.51,2015-07-29
C102806,Neha Jain,35,Male,Lucknow,Uttar Pradesh,Salaried,23370.13,761,Savings,35973.35,2018-07-30
C102807,Ananya Jain,28,Male,Bengaluru,Karnataka,Business,27694.88,719,Current,41310.67,2023-11-10
C102808,Rahul Singh,45,Female,Guwahati,Assam,Salaried,59256.27,738,Salary,47388.03,2022-02-09
C102809,Sahil Reddy,31,Female,Chennai,Tamil Nadu,Student,51270.31,717,Current,51403.25,2015-10-27
C102810,Aditi Mohanty,35,Female,Mumbai,Maharashtra,Salaried,61066.32,681,Savings,45789.97,2017-03-15
C102811,Neha Dasgupta,30,Male,Hyderabad,Telangana,Salaried,53654.17,737,Salary,28155.88,2020-05-13
C102812,Pooja Bose,53,Female,Pune,Maharashtra,Salaried,219808.3,689,Current,262169.92,2016-04-21
C102813,Sahil Behera,33,Male,Bhubaneswar,Odisha,Salaried,58970.62,831,Premium Savings,143044.57,2019-12-16
C102814,Ankit Rao,54,Female,Lucknow,Uttar Pradesh,Salaried,44649.33,660,Premium Savings,41369.74,2015-12-08
C102815,Pooja Reddy,44,Female,Hyderabad,Telangana,Business,58145.92,738,Savings,96727.55,2020-05-03
C102816,Rohan Panda,41,Female,Indore,Madhya Pradesh,Salaried,96380.94,654,Salary,141917.28,2017-03-19
C102817,Vivaan Roul,40,Female,Bengaluru,Karnataka,Student,53519.04,653,Savings,65005.42,2016-02-14
C102818,Ananya Sharma,40,Female,Kolkata,West Bengal,Self-Employed,80152.72,589,Savings,153221.86,2021-01-30
C102819,Vivaan Sahu,18,Male,Kolkata,West Bengal,Salaried,68385.34,732,Savings,66277.84,2021-08-11
C102820,Arjun Bose,33,Male,Kochi,Kerala,Salaried,46880.63,670,Savings,94603.87,2017-05-30
C102821,Ankit Bose,44,Female,Hyderabad,Telangana,Business,58458.37,775,Current,30726.76,2021-09-16
C102822,Nisha Rao,36,Male,Kolkata,West Bengal,Salaried,132520.9,732,Premium Savings,172434.11,2020-06-18
C102823,Ankit Singh,22,Male,Guwahati,Assam,Salaried,62867.31,715,Current,88096.71,2018-05-13
C102824,Rahul Mishra,35,Female,Delhi,Delhi,Student,31977.15,613,Salary,29657.6,2021-05-20
C102825,Priya Gupta,53,Male,Bengaluru,Karnataka,Salaried,46136.41,743,Salary,29189.27,2015-02-09
C102826,Karan Nayak,48,Male,Guwahati,Assam,Salaried,17192.91,662,Current,500.0,2021-07-10
C102827,Vivaan Nayak,35,Female,Indore,Madhya Pradesh,Self-Employed,59317.39,612,Savings,30013.22,2019-10-27
C102828,Neha Jain,46,Male,Mumbai,Maharashtra,Self-Employed,113178.64,733,Salary,132631.16,2024-08-28
C102829,Riya Singh,32,Male,Guwahati,Assam,Salaried,26299.77,623,Current,42973.99,2025-02-23
C102830,Arjun Singh,19,Male,Pune,Maharashtra,Business,59721.15,569,Salary,36058.53,2016-04-01
C102831,Aditya Mehta,27,Female,Jaipur,Rajasthan,Business,94568.14,789,Current,59075.0,2023-01-28
C102832,Neha Gupta,52,Female,Jaipur,Rajasthan,Self-Employed,100229.19,669,Savings,25894.82,2024-12-10
C102833,Aditi Verma,33,Female,Ahmedabad,Gujarat,Salaried,111188.15,592,Savings,88682.14,2019-12-19
C102834,Rohan Verma,34,Male,Hyderabad,Telangana,Retired,19683.75,642,Savings,56665.87,2023-09-20
C102835,Sahil Panda,33,Female,Guwahati,Assam,Salaried,72605.83,658,Savings,44089.11,2022-03-17
C102836,Rohan Sharma,55,Female,Bengaluru,Karnataka,Self-Employed,24029.26,779,Salary,7477.31,2017-03-08
C102837,Sneha Gupta,52,Female,Bengaluru,Karnataka,Salaried,31761.36,597,Current,12633.19,2021-08-09
C102838,Ankit Reddy,58,Female,Chandigarh,Chandigarh,Business,86396.78,618,Savings,55074.82,2024-01-14
C102839,Arjun Kumar,34,Male,Kolkata,West Bengal,Salaried,59994.87,769,Savings,35109.25,2022-02-13
C102840,Aditi Rao,39,Male,Mumbai,Maharashtra,Salaried,82008.1,676,Current,38672.56,2021-11-21
C102841,Karan Dasgupta,21,Male,Chandigarh,Chandigarh,Business,32993.78,720,Savings,43952.43,2023-06-22
C102842,Riya Reddy,51,Male,Guwahati,Assam,Salaried,123694.51,673,Savings,174980.16,2020-02-12
C102843,Isha Singh,24,Female,Chennai,Tamil Nadu,Salaried,80311.82,836,Savings,86928.42,2015-01-03
C102844,Pooja Mishra,38,Female,Bengaluru,Karnataka,Self-Employed,89697.88,621,Savings,118518.14,2017-10-28
C102845,Aarav Sahu,25,Female,Kolkata,West Bengal,Business,30363.51,723,Salary,45275.25,2023-06-18
C102846,Amit Nayak,30,Male,Delhi,Delhi,Salaried,104752.86,803,Salary,76665.61,2019-07-26
C102847,Amit Mehta,28,Male,Ahmedabad,Gujarat,Salaried,46221.47,681,Savings,18263.51,2021-09-29
C102848,Nisha Nayak,30,Male,Guwahati,Assam,Retired,39297.41,656,Savings,32817.55,2018-01-13
C102849,Isha Bose,31,Male,Pune,Maharashtra,Self-Employed,77582.21,755,Current,51880.84,2020-07-10
C102850,Rohan Reddy,31,Male,Bengaluru,Karnataka,Salaried,75800.1,770,Savings,134935.74,2022-01-29
C102851,Isha Bose,44,Female,Lucknow,Uttar Pradesh,Business,34521.52,653,Savings,50776.97,2016-12-24
C102852,Sahil Panda,25,Male,Delhi,Delhi,Self-Employed,170425.58,800,Savings,128429.2,2018-09-08
C102853,Neha Dasgupta,38,Other,Hyderabad,Telangana,Salaried,149190.8,708,Savings,185522.57,2020-09-08
C102854,Aarav Jain,48,Male,Delhi,Delhi,Salaried,76715.4,738,Savings,92122.53,2020-06-02
C102855,Sneha Gupta,31,Female,Chennai,Tamil Nadu,Salaried,69689.88,802,Current,113509.26,2020-10-07
C102856,Aarav Verma,29,Female,Chandigarh,Chandigarh,Student,65938.05,755,Savings,73019.0,2018-03-08
C102857,Arjun Kumar,34,Male,Bengaluru,Karnataka,Salaried,23449.17,705,Savings,61116.88,2025-09-02
C102858,Vivaan Das,48,Female,Jaipur,Rajasthan,Salaried,58520.51,661,Current,106795.27,2022-03-28
C102859,Aditya Das,38,Female,Hyderabad,Telangana,Student,58095.08,850,Current,50437.46,2018-05-12
C102860,Ananya Nayak,31,Female,Chennai,Tamil Nadu,Salaried,40065.95,654,Savings,74038.72,2017-12-18
C102861,Karan Gupta,41,Female,Kolkata,West Bengal,Self-Employed,46394.97,726,Salary,73981.2,2024-09-22
C102862,Aditya Das,25,Male,Ahmedabad,Gujarat,Salaried,14844.4,738,Current,9939.78,2020-12-19
C102863,Amit Sharma,43,Female,Bengaluru,Karnataka,Self-Employed,30079.18,741,Savings,35421.33,2017-10-16
C102864,Arjun Jain,40,Female,Chennai,Tamil Nadu,Salaried,91317.06,843,Premium Savings,143177.78,2018-10-29
C102865,Vivaan Nayak,33,Male,Delhi,Delhi,Salaried,142521.3,708,Savings,127716.2,2018-02-01
C102866,Aditi Bose,28,Male,Delhi,Delhi,Self-Employed,32735.95,699,Current,69713.0,2022-08-08
C102867,Neha Sharma,27,Female,Chandigarh,Chandigarh,Business,60818.86,806,Savings,66035.37,2021-04-17
C102868,Amit Rao,41,Male,Bhubaneswar,Odisha,Business,100629.3,696,Savings,179208.36,2020-08-22
C102869,Rahul Kumar,48,Female,Jaipur,Rajasthan,Self-Employed,41314.56,762,Savings,63043.89,2018-06-18
C102870,Isha Jain,30,Female,Guwahati,Assam,Self-Employed,79779.75,718,Current,123470.97,2022-01-07
C102871,Vivaan Patel,41,Female,Kochi,Kerala,Self-Employed,53987.3,765,Savings,18782.38,2019-12-08
C102872,Karan Das,18,Male,Indore,Madhya Pradesh,Self-Employed,105853.31,752,Premium Savings,95029.05,2016-04-01
C102873,Vivaan Roul,30,Male,Kochi,Kerala,Business,27166.52,679,Current,44788.01,2025-12-16
C102874,Arjun Behera,36,Male,Pune,Maharashtra,Self-Employed,29958.59,585,Salary,24170.25,2023-06-27
C102875,Pooja Dasgupta,27,Female,Ahmedabad,Gujarat,Self-Employed,64140.74,596,Savings,103053.43,2025-08-09
C102876,Nisha Behera,27,Female,Bhubaneswar,Odisha,Salaried,57988.61,585,Savings,98961.16,2017-01-16
C102877,Aditi Patel,29,Female,Chandigarh,Chandigarh,Salaried,53322.32,699,Savings,39251.03,2020-06-20
C102878,Aditya Reddy,39,Female,Bhubaneswar,Odisha,Salaried,75493.15,552,Salary,69794.26,2015-01-27
C102879,Sahil Patel,34,Male,Pune,Maharashtra,Student,32965.97,695,Savings,16607.28,2018-07-31
C102880,Aarav Roul,18,Male,Delhi,Delhi,Business,25897.43,714,Premium Savings,18918.23,2025-01-07
C102881,Ankit Rao,18,Female,Chennai,Tamil Nadu,Self-Employed,41773.98,761,Savings,72749.56,2025-12-04
C102882,Arjun Mishra,30,Male,Hyderabad,Telangana,Salaried,44424.01,738,Salary,36934.97,2020-09-18
C102883,Arjun Rao,41,Male,Chandigarh,Chandigarh,Salaried,47052.89,764,Savings,61361.0,2020-04-11
C102884,Arjun Panda,18,Male,Kochi,Kerala,Student,110532.36,732,Current,216563.23,2020-07-23
C102885,Pooja Dasgupta,31,Male,Bengaluru,Karnataka,Student,84020.66,684,Premium Savings,83744.67,2016-10-30
C102886,Neha Patel,31,Male,Indore,Madhya Pradesh,Salaried,73745.14,698,Salary,125617.7,2017-01-02
C102887,Arjun Jain,50,Female,Bhubaneswar,Odisha,Business,62142.68,650,Salary,72061.83,2015-09-26
C102888,Rahul Verma,32,Female,Kochi,Kerala,Salaried,43316.32,720,Current,35951.31,2023-07-12
C102889,Aditi Patel,40,Female,Indore,Madhya Pradesh,Salaried,34386.48,602,Premium Savings,43091.95,2019-11-05
C102890,Isha Gupta,37,Female,Indore,Madhya Pradesh,Business,28471.3,774,Current,38376.97,2022-07-19
C102891,Arjun Panda,18,Female,Mumbai,Maharashtra,Self-Employed,37538.02,643,Salary,66700.1,2018-06-01
C102892,Ankit Mohanty,44,Female,Jaipur,Rajasthan,Business,53716.82,715,Salary,47114.62,2016-01-23
C102893,Isha Mehta,38,Male,Hyderabad,Telangana,Salaried,29139.42,726,Salary,37557.43,2025-05-18
C102894,Ananya Sharma,41,Female,Guwahati,Assam,Salaried,60374.63,781,Current,63170.78,2024-08-31
C102895,Arjun Reddy,70,Male,Chandigarh,Chandigarh,Salaried,49421.83,596,Salary,40087.16,2019-12-21
C102896,Karan Mohanty,18,Male,Bengaluru,Karnataka,Salaried,44204.17,684,Savings,37182.55,2018-11-03
C102897,Priya Mishra,53,Male,Indore,Madhya Pradesh,Self-Employed,104185.85,741,Salary,145423.34,2022-02-25
C102898,Priya Bose,33,Female,Hyderabad,Telangana,Salaried,14210.67,819,Savings,56250.08,2022-09-14
C102899,Rohan Kumar,39,Male,Guwahati,Assam,Salaried,44535.29,702,Current,55248.75,2021-01-15
C102900,Aarav Rao,36,Male,Kochi,Kerala,Salaried,15081.86,666,Current,26397.22,2024-03-23
C102901,Rohan Dasgupta,32,Male,Pune,Maharashtra,Business,62711.36,837,Salary,126272.04,2017-01-18
C102902,Isha Mohanty,30,Female,Guwahati,Assam,Self-Employed,83640.94,757,Current,131068.53,2017-03-03
C102903,Isha Sharma,39,Female,Guwahati,Assam,Self-Employed,26159.82,794,Current,38540.61,2023-09-25
C102904,Kavya Singh,21,Female,Delhi,Delhi,Salaried,28068.6,626,Savings,56782.11,2016-03-21
C102905,Pooja Behera,44,Male,Ahmedabad,Gujarat,Salaried,21612.42,739,Salary,41353.78,2023-07-22
C102906,Vivaan Mishra,32,Male,Guwahati,Assam,Salaried,56959.26,635,Savings,56049.55,2017-08-07
C102907,Pooja Kumar,25,Female,Lucknow,Uttar Pradesh,Salaried,45599.63,620,Salary,84830.82,2017-05-23
C102908,Neha Kumar,31,Male,Chandigarh,Chandigarh,Salaried,47184.86,743,Current,78108.09,2018-06-12
C102909,Neha Sharma,49,Female,Bengaluru,Karnataka,Salaried,44922.95,747,Savings,94089.78,2020-08-17
C102910,Riya Bose,31,Female,Lucknow,Uttar Pradesh,Self-Employed,32196.37,674,Salary,42471.71,2018-06-04
C102911,Arjun Behera,40,Female,Indore,Madhya Pradesh,Retired,102500.11,798,Savings,61216.79,2018-08-03
C102912,Kavya Singh,29,Female,Ahmedabad,Gujarat,Salaried,63887.3,681,Savings,87062.52,2023-08-06
C102913,Rahul Roul,44,Male,Ahmedabad,Gujarat,Business,28667.62,687,Savings,71488.78,2020-12-12
C102914,Aditi Panda,43,Male,Delhi,Delhi,Salaried,37413.53,703,Premium Savings,31477.1,2020-04-16
C102915,Sneha Gupta,54,Female,Indore,Madhya Pradesh,Business,34045.41,689,Salary,71919.02,2016-02-26
C102916,Kavya Rao,34,Male,Chandigarh,Chandigarh,Self-Employed,119175.06,788,Salary,198769.0,2022-09-05
C102917,Arjun Dasgupta,43,Male,Bhubaneswar,Odisha,Student,81329.09,637,Savings,51807.02,2018-05-14
C102918,Karan Rao,37,Male,Chennai,Tamil Nadu,Salaried,51303.76,656,Savings,112820.66,2025-05-27
C102919,Priya Mishra,49,Male,Bhubaneswar,Odisha,Salaried,140654.26,628,Current,46701.4,2021-11-01
C102920,Vivaan Mohanty,29,Male,Mumbai,Maharashtra,Salaried,122236.44,827,Savings,34945.98,2017-05-11
C102921,Neha Dasgupta,43,Male,Hyderabad,Telangana,Salaried,48445.63,684,Salary,61873.96,2021-05-27
C102922,Arjun Sharma,34,Female,Hyderabad,Telangana,Student,43882.79,655,Current,86723.87,2022-07-15
C102923,Rohan Nayak,35,Female,Bhubaneswar,Odisha,Business,45061.72,686,Savings,41669.78,2016-09-25
C102924,Riya Sharma,37,Female,Bengaluru,Karnataka,Business,32567.75,760,Savings,66990.89,2018-08-19
C102925,Riya Verma,39,Female,Chandigarh,Chandigarh,Self-Employed,142739.19,748,Savings,74265.13,2016-10-02
C102926,Ananya Mohanty,35,Male,Hyderabad,Telangana,Student,31620.52,668,Savings,48740.33,2017-02-25
C102927,Isha Patel,38,Male,Mumbai,Maharashtra,Salaried,88668.13,679,Premium Savings,165886.64,2023-08-06
C102928,Aarav Das,52,Male,Lucknow,Uttar Pradesh,Salaried,80409.47,610,Premium Savings,120623.58,2019-06-11
C102929,Sahil Nayak,46,Female,Chandigarh,Chandigarh,Business,46509.51,714,Salary,95608.93,2023-10-24
C102930,Karan Singh,45,Female,Guwahati,Assam,Salaried,148837.93,788,Savings,254776.92,2016-12-04
C102931,Karan Jain,31,Male,Chennai,Tamil Nadu,Salaried,23332.1,667,Savings,56177.5,2024-07-23
C102932,Rohan Das,27,Male,Bengaluru,Karnataka,Salaried,52641.4,746,Current,80138.69,2016-10-08
C102933,Arjun Jain,46,Female,Ahmedabad,Gujarat,Self-Employed,42029.05,667,Salary,57436.35,2021-11-04
C102934,Nisha Patel,45,Female,Chandigarh,Chandigarh,Self-Employed,93285.01,634,Salary,40964.78,2022-06-06
C102935,Sneha Behera,51,Female,Kochi,Kerala,Salaried,66806.1,749,Salary,105723.26,2016-10-05
C102936,Sneha Dasgupta,30,Male,Guwahati,Assam,Business,21270.49,850,Savings,54308.19,2018-08-26
C102937,Ananya Mohanty,34,Male,Guwahati,Assam,Business,108749.48,740,Premium Savings,112655.02,2025-09-23
C102938,Sahil Jain,20,Female,Indore,Madhya Pradesh,Student,71832.51,678,Savings,32513.79,2020-10-16
C102939,Kavya Sharma,32,Female,Pune,Maharashtra,Self-Employed,31118.82,682,Salary,500.0,2020-04-24
C102940,Sneha Mohanty,46,Female,Indore,Madhya Pradesh,Business,45377.2,829,Current,4710.65,2022-04-30
C102941,Ananya Reddy,31,Female,Pune,Maharashtra,Business,26907.27,725,Current,43264.37,2021-09-04
C102942,Neha Behera,42,Female,Mumbai,Maharashtra,Salaried,50067.51,655,Current,93350.64,2023-11-05
C102943,Arjun Mishra,34,Female,Chennai,Tamil Nadu,Salaried,59733.8,701,Salary,96288.66,2019-09-04
C102944,Nisha Verma,39,Male,Delhi,Delhi,Salaried,45753.91,719,Current,55402.58,2023-09-29
C102945,Rahul Reddy,25,Male,Delhi,Delhi,Salaried,42930.29,735,Salary,24822.95,2023-02-23
C102946,Priya Patel,37,Female,Indore,Madhya Pradesh,Salaried,22653.76,803,Savings,57827.21,2018-01-08
C102947,Arjun Sahu,18,Male,Kochi,Kerala,Salaried,66208.97,788,Salary,30215.5,2017-07-25
C102948,Ankit Singh,34,Female,Indore,Madhya Pradesh,Salaried,19084.63,718,Premium Savings,27782.71,2025-06-17
C102949,Sneha Reddy,20,Female,Jaipur,Rajasthan,Salaried,55948.24,702,Current,46660.97,2017-12-12
C102950,Aarav Rao,48,Other,Delhi,Delhi,Salaried,20446.21,731,Premium Savings,16103.86,2020-04-17
C102951,Aarav Roul,44,Male,Indore,Madhya Pradesh,Business,56549.19,665,Savings,67289.19,2025-06-24
C102952,Karan Verma,41,Male,Lucknow,Uttar Pradesh,Business,54815.21,769,Salary,66877.53,2024-08-08
C102953,Vivaan Bose,51,Female,Chandigarh,Chandigarh,Self-Employed,68660.42,692,Savings,52098.1,2024-05-10
C102954,Sahil Das,27,Female,Kochi,Kerala,Salaried,88375.11,737,Savings,51615.6,2018-05-28
C102955,Ankit Roul,53,Female,Hyderabad,Telangana,Salaried,97856.96,816,Current,77710.88,2019-02-27
C102956,Arjun Behera,45,Male,Ahmedabad,Gujarat,Salaried,22687.4,741,Current,50915.2,2016-08-16
C102957,Riya Mishra,34,Male,Delhi,Delhi,Salaried,53267.15,720,Current,56297.53,2018-06-08
C102958,Nisha Singh,47,Female,Chennai,Tamil Nadu,Business,166226.39,671,Savings,161469.94,2018-09-28
C102959,Ankit Dasgupta,25,Female,Lucknow,Uttar Pradesh,Salaried,58723.41,700,Premium Savings,22379.36,2023-02-24
C102960,Ankit Bose,28,Female,Mumbai,Maharashtra,Business,34816.51,631,Savings,58736.67,2018-12-20
C102961,Aditya Mishra,30,Male,Lucknow,Uttar Pradesh,Business,52641.12,740,Current,128707.74,2024-04-19
C102962,Aarav Sharma,31,Male,Indore,Madhya Pradesh,Salaried,44536.85,566,Salary,36955.58,2023-05-11
C102963,Ankit Kumar,25,Male,Indore,Madhya Pradesh,Self-Employed,28797.29,768,Salary,53439.86,2018-07-15
C102964,Neha Behera,48,Female,Pune,Maharashtra,Salaried,88707.15,753,Salary,51614.24,2020-01-17
C102965,Aditya Sharma,33,Female,Indore,Madhya Pradesh,Salaried,75847.68,711,Current,81887.61,2018-06-15
C102966,Priya Mishra,40,Male,Indore,Madhya Pradesh,Self-Employed,26399.71,670,Savings,41358.59,2019-10-09
C102967,Vivaan Singh,30,Male,Bengaluru,Karnataka,Retired,52249.6,704,Savings,56072.31,2021-04-26
C102968,Arjun Verma,18,Female,Jaipur,Rajasthan,Business,40276.9,590,Savings,39842.54,2019-05-31
C102969,Aditya Jain,39,Male,Chandigarh,Chandigarh,Student,22793.09,759,Salary,42433.63,2023-07-21
C102970,Kavya Verma,18,Female,Indore,Madhya Pradesh,Salaried,25259.0,694,Salary,500.0,2019-09-05
C102971,Riya Jain,35,Female,Hyderabad,Telangana,Salaried,27414.04,803,Savings,6376.34,2015-01-24
C102972,Ankit Jain,22,Male,Ahmedabad,Gujarat,Salaried,53260.6,730,Salary,67226.06,2023-07-20
C102973,Amit Mishra,56,Male,Indore,Madhya Pradesh,Salaried,42753.84,720,Current,18602.02,2025-07-17
C102974,Aditi Mehta,45,Female,Delhi,Delhi,Salaried,32452.58,731,Savings,48310.97,2019-07-14
C102975,Amit Nayak,37,Male,Kochi,Kerala,Self-Employed,44336.02,642,Salary,59119.48,2015-08-15
C102976,Riya Reddy,49,Male,Hyderabad,Telangana,Self-Employed,82969.86,676,Salary,2576.14,2025-11-11
C102977,Aditya Sharma,28,Female,Indore,Madhya Pradesh,Student,66921.22,714,Savings,51897.5,2019-08-02
C102978,Priya Sharma,41,Female,Delhi,Delhi,Student,95426.95,685,Salary,87197.45,2018-12-19
C102979,Arjun Gupta,38,Female,Chandigarh,Chandigarh,Salaried,48509.57,668,Savings,56366.62,2022-03-30
C102980,Kavya Sahu,39,Male,Mumbai,Maharashtra,Student,132786.11,687,Savings,248772.33,2024-01-12
C102981,Sahil Singh,49,Male,Lucknow,Uttar Pradesh,Self-Employed,66604.83,708,Savings,68007.18,2016-07-27
C102982,Kavya Bose,43,Male,Jaipur,Rajasthan,Salaried,42031.89,850,Savings,79533.91,2025-12-07
C102983,Nisha Sahu,39,Male,Chandigarh,Chandigarh,Business,57884.91,684,Salary,41782.68,2020-02-15
C102984,Arjun Mehta,19,Female,Kolkata,West Bengal,Salaried,27685.02,661,Savings,68091.92,2023-08-08
C102985,Kavya Mishra,26,Male,Hyderabad,Telangana,Student,46475.78,695,Savings,94940.31,2018-01-28
C102986,Riya Mehta,35,Female,Hyderabad,Telangana,Business,69673.43,803,Savings,65945.85,2015-03-21
C102987,Priya Kumar,37,Male,Mumbai,Maharashtra,Student,76995.84,807,Savings,59941.49,2024-03-06
C102988,Rahul Dasgupta,25,Male,Hyderabad,Telangana,Retired,43892.52,832,Current,59594.83,2022-11-24
C102989,Aditya Mohanty,60,Other,Mumbai,Maharashtra,Self-Employed,247391.7,709,Current,180756.6,2017-04-08
C102990,Kavya Mehta,51,Male,Bengaluru,Karnataka,Salaried,50029.8,747,Savings,94407.43,2017-05-04
C102991,Arjun Singh,42,Male,Pune,Maharashtra,Salaried,21850.34,637,Salary,27285.31,2022-06-04
C102992,Amit Panda,37,Male,Lucknow,Uttar Pradesh,Salaried,107192.91,682,Savings,93760.24,2023-01-14
C102993,Ananya Panda,34,Male,Indore,Madhya Pradesh,Salaried,76803.73,633,Savings,28620.27,2017-11-14
C102994,Kavya Bose,26,Male,Chandigarh,Chandigarh,Business,62474.72,736,Savings,80957.28,2018-04-22
C102995,Arjun Mehta,37,Male,Bhubaneswar,Odisha,Salaried,42590.31,707,Salary,83825.11,2024-05-03
C102996,Ananya Gupta,39,Female,Pune,Maharashtra,Retired,68283.88,720,Savings,84075.2,2019-03-10
C102997,Rahul Jain,24,Female,Ahmedabad,Gujarat,Business,133993.61,650,Current,95846.64,2015-04-07
C102998,Vivaan Behera,39,Female,Mumbai,Maharashtra,Salaried,61450.46,760,Savings,61839.52,2018-08-11
C102999,Pooja Das,34,Male,Bhubaneswar,Odisha,Salaried,24503.47,549,Savings,18287.81,2019-10-18
C103000,Amit Jain,18,Female,Guwahati,Assam,Salaried,12000.0,689,Salary,11281.21,2023-11-14
C103001,Aarav Singh,27,Male,Jaipur,Rajasthan,Self-Employed,67954.68,698,Current,163629.46,2019-04-16
C103002,Ankit Nayak,32,Female,Lucknow,Uttar Pradesh,Self-Employed,31979.04,574,Savings,83793.61,2018-08-27
C103003,Neha Verma,55,Female,Delhi,Delhi,Salaried,52064.91,730,Savings,62420.18,2021-04-04
C103004,Sahil Sahu,42,Male,Mumbai,Maharashtra,Business,35245.59,694,Current,46829.04,2021-04-12
C103005,Pooja Mohanty,23,Female,Guwahati,Assam,Self-Employed,33880.28,741,Savings,66608.83,2023-04-16
C103006,Rahul Patel,41,Female,Chennai,Tamil Nadu,Business,36105.04,835,Savings,38694.04,2017-03-27
C103007,Ananya Reddy,21,Female,Chennai,Tamil Nadu,Business,37945.53,726,Savings,41105.31,2023-12-11
C103008,Pooja Kumar,47,Male,Indore,Madhya Pradesh,Salaried,84289.98,768,Salary,57569.75,2017-05-30
C103009,Aarav Mohanty,31,Female,Mumbai,Maharashtra,Salaried,75402.26,795,Savings,102474.2,2021-12-04
C103010,Karan Patel,35,Female,Delhi,Delhi,Business,28302.19,737,Salary,54467.09,2020-08-22
C103011,Isha Mohanty,49,Male,Pune,Maharashtra,Retired,30504.65,649,Salary,58086.48,2019-12-08
C103012,Arjun Verma,23,Female,Lucknow,Uttar Pradesh,Salaried,67751.75,598,Premium Savings,141808.48,2024-08-08
C103013,Sneha Gupta,22,Male,Ahmedabad,Gujarat,Salaried,98121.79,729,Salary,135351.19,2018-01-27
C103014,Kavya Dasgupta,30,Male,Chandigarh,Chandigarh,Salaried,97296.3,679,Premium Savings,184091.21,2016-03-13
C103015,Amit Rao,46,Female,Mumbai,Maharashtra,Salaried,31681.51,788,Salary,68476.48,2015-11-01
C103016,Vivaan Roul,21,Female,Ahmedabad,Gujarat,Salaried,94770.15,674,Savings,91347.5,2017-09-22
C103017,Arjun Rao,18,Female,Jaipur,Rajasthan,Salaried,20705.2,704,Savings,19783.39,2016-10-19
C103018,Priya Nayak,31,Female,Bhubaneswar,Odisha,Self-Employed,49192.77,630,Savings,61367.23,2018-08-26
C103019,Amit Bose,42,Male,Bengaluru,Karnataka,Salaried,71894.35,683,Current,92210.71,2023-02-08
C103020,Aarav Das,48,Male,Indore,Madhya Pradesh,Salaried,17531.35,644,Current,13630.76,2020-05-18
C103021,Pooja Nayak,31,Female,Delhi,Delhi,Salaried,173886.8,650,Premium Savings,306677.69,2025-07-23
C103022,Aditya Nayak,32,Male,Chandigarh,Chandigarh,Student,114093.19,702,Premium Savings,119131.63,2023-02-02
C103023,Isha Mehta,48,Female,Delhi,Delhi,Self-Employed,78506.81,666,Savings,113411.5,2021-08-25
C103024,Pooja Das,18,Female,Mumbai,Maharashtra,Retired,32348.5,850,Current,18169.59,2020-04-08
C103025,Sneha Patel,32,Male,Hyderabad,Telangana,Self-Employed,52977.97,759,Savings,36930.49,2025-09-04
C103026,Rohan Panda,38,Male,Delhi,Delhi,Salaried,84950.12,776,Current,88318.45,2025-11-21
C103027,Rohan Mehta,40,Female,Lucknow,Uttar Pradesh,Salaried,29662.08,698,Current,35673.15,2025-08-13
C103028,Sahil Jain,31,Female,Lucknow,Uttar Pradesh,Business,49802.86,712,Salary,3054.59,2015-07-08
C103029,Isha Jain,36,Female,Lucknow,Uttar Pradesh,Self-Employed,90744.18,677,Salary,145661.55,2023-10-05
C103030,Rahul Mohanty,18,Female,Hyderabad,Telangana,Self-Employed,24174.68,850,Savings,60731.86,2022-05-24
C103031,Rohan Dasgupta,29,Male,Chennai,Tamil Nadu,Business,66033.8,698,Savings,100195.17,2019-05-17
C103032,Isha Nayak,41,Male,Hyderabad,Telangana,Business,20951.49,666,Salary,36385.13,2022-09-18
C103033,Vivaan Mohanty,26,Male,Bengaluru,Karnataka,Salaried,32727.56,656,Current,28688.08,2025-10-06
C103034,Neha Sahu,37,Male,Ahmedabad,Gujarat,Business,41671.08,727,Current,51930.88,2025-03-11
C103035,Sahil Singh,40,Male,Guwahati,Assam,Self-Employed,72951.06,797,Premium Savings,48327.81,2022-12-03
C103036,Aarav Mohanty,33,Male,Delhi,Delhi,Salaried,37408.55,776,Savings,43403.93,2020-06-17
C103037,Sneha Roul,38,Male,Pune,Maharashtra,Self-Employed,58932.03,656,Savings,106813.5,2017-10-20
C103038,Rahul Rao,26,Male,Kolkata,West Bengal,Self-Employed,37688.6,654,Premium Savings,25639.83,2018-02-21
C103039,Aditya Roul,34,Male,Chennai,Tamil Nadu,Salaried,41078.87,786,Salary,73629.68,2021-10-21
C103040,Priya Roul,42,Female,Jaipur,Rajasthan,Salaried,109420.36,842,Current,202581.53,2021-07-28
C103041,Riya Jain,38,Female,Jaipur,Rajasthan,Salaried,29215.74,696,Savings,19757.48,2019-03-17
C103042,Kavya Sahu,30,Male,Delhi,Delhi,Salaried,83501.77,783,Savings,126215.09,2015-08-31
C103043,Rahul Verma,38,Female,Bengaluru,Karnataka,Salaried,54967.83,610,Savings,74777.72,2016-02-20
C103044,Aditi Singh,43,Male,Delhi,Delhi,Salaried,40076.04,650,Savings,75455.47,2015-08-18
C103045,Karan Bose,18,Female,Chennai,Tamil Nadu,Salaried,28154.17,639,Savings,41984.13,2022-03-04
C103046,Neha Bose,48,Male,Mumbai,Maharashtra,Salaried,29279.96,732,Salary,83439.8,2018-11-04
C103047,Kavya Behera,33,Female,Guwahati,Assam,Student,36637.72,693,Savings,31444.52,2018-02-04
C103048,Vivaan Sahu,40,Male,Chennai,Tamil Nadu,Salaried,50643.11,720,Savings,22549.94,2021-01-12
C103049,Aarav Gupta,48,Female,Pune,Maharashtra,Salaried,76651.06,784,Savings,105275.06,2019-02-22
C103050,Isha Bose,22,Male,Bhubaneswar,Odisha,Salaried,46628.02,663,Salary,43042.53,2019-11-30
C103051,Sneha Panda,29,Female,Jaipur,Rajasthan,Business,48376.41,711,Premium Savings,56590.32,2025-05-11
C103052,Amit Das,33,Male,Mumbai,Maharashtra,Salaried,52517.09,618,Salary,94666.41,2018-03-10
C103053,Vivaan Mehta,28,Male,Ahmedabad,Gujarat,Salaried,71490.24,781,Salary,109295.14,2016-03-30
C103054,Ananya Mishra,53,Female,Delhi,Delhi,Salaried,78411.82,776,Savings,64538.46,2020-04-16
C103055,Sahil Sharma,27,Male,Chandigarh,Chandigarh,Retired,25648.94,729,Savings,39606.51,2016-07-04
C103056,Ananya Sharma,30,Female,Pune,Maharashtra,Self-Employed,47096.19,713,Salary,66539.93,2024-11-16
C103057,Isha Behera,38,Male,Kolkata,West Bengal,Salaried,108029.61,672,Current,103015.95,2023-05-30
C103058,Rahul Rao,24,Male,Hyderabad,Telangana,Salaried,26668.08,614,Savings,27995.97,2015-10-31
C103059,Karan Panda,32,Female,Kolkata,West Bengal,Salaried,57294.54,725,Savings,69696.62,2018-08-22
C103060,Neha Reddy,39,Male,Hyderabad,Telangana,Salaried,50067.34,754,Savings,36483.95,2025-12-16
C103061,Priya Behera,33,Male,Chennai,Tamil Nadu,Business,40272.21,836,Current,43824.69,2023-09-11
C103062,Pooja Sahu,35,Female,Bengaluru,Karnataka,Self-Employed,131928.97,679,Salary,105602.37,2023-03-20
C103063,Sahil Sharma,31,Female,Kochi,Kerala,Self-Employed,56125.65,723,Savings,112906.62,2019-08-22
C103064,Priya Roul,21,Female,Lucknow,Uttar Pradesh,Salaried,126275.11,777,Current,168810.79,2024-03-30
C103065,Priya Sahu,39,Male,Mumbai,Maharashtra,Self-Employed,55170.49,779,Savings,80726.88,2016-09-13
C103066,Pooja Patel,54,Male,Pune,Maharashtra,Salaried,70843.55,665,Premium Savings,85782.36,2024-10-19
C103067,Kavya Bose,36,Male,Ahmedabad,Gujarat,Salaried,40039.3,687,Savings,61720.36,2016-09-08
C103068,Aditi Mohanty,38,Male,Indore,Madhya Pradesh,Self-Employed,40285.1,671,Current,34450.36,2021-08-12
C103069,Kavya Mehta,43,Female,Ahmedabad,Gujarat,Salaried,68887.47,646,Savings,94920.42,2018-05-09
C103070,Ananya Gupta,23,Male,Ahmedabad,Gujarat,Self-Employed,69586.24,801,Salary,31408.64,2021-06-09
C103071,Rohan Sahu,53,Male,Guwahati,Assam,Student,76418.6,709,Savings,41173.79,2017-03-30
C103072,Aditya Panda,38,Male,Guwahati,Assam,Salaried,67660.75,700,Savings,119746.03,2021-04-20
C103073,Aarav Mishra,52,Female,Kolkata,West Bengal,Student,26371.97,721,Savings,12761.8,2015-12-27
C103074,Isha Gupta,29,Female,Ahmedabad,Gujarat,Salaried,35298.15,708,Salary,44999.33,2019-12-01
C103075,Rahul Das,54,Female,Chandigarh,Chandigarh,Salaried,87777.2,691,Savings,156153.47,2017-10-01
C103076,Kavya Roul,44,Male,Bhubaneswar,Odisha,Self-Employed,18730.95,655,Savings,17779.01,2018-09-04
C103077,Sneha Singh,42,Female,Chandigarh,Chandigarh,Self-Employed,64603.41,807,Salary,29048.73,2021-06-03
C103078,Pooja Roul,38,Female,Bhubaneswar,Odisha,Salaried,51717.65,668,Salary,11996.5,2021-02-16
C103079,Rohan Patel,34,Male,Mumbai,Maharashtra,Business,87759.77,645,Savings,165118.0,2023-07-22
C103080,Rohan Das,48,Male,Chandigarh,Chandigarh,Retired,69163.61,700,Savings,104709.61,2022-05-30
C103081,Rahul Rao,37,Male,Lucknow,Uttar Pradesh,Salaried,38173.59,845,Current,59629.17,2017-12-03
C103082,Arjun Kumar,18,Male,Bhubaneswar,Odisha,Student,37232.82,652,Current,39662.42,2021-03-30
C103083,Aditya Mohanty,25,Female,Chandigarh,Chandigarh,Self-Employed,41256.24,751,Current,54077.13,2020-12-15
C103084,Ananya Rao,34,Male,Guwahati,Assam,Student,75668.95,689,Savings,31203.91,2024-03-01
C103085,Neha Behera,39,Male,Lucknow,Uttar Pradesh,Salaried,15504.27,721,Premium Savings,36111.47,2018-04-08
C103086,Arjun Rao,35,Female,Jaipur,Rajasthan,Business,59972.85,765,Savings,96196.95,2022-09-25
C103087,Arjun Sahu,48,Female,Mumbai,Maharashtra,Salaried,33840.7,593,Savings,54812.4,2015-03-31
C103088,Rohan Patel,18,Female,Kochi,Kerala,Student,61086.6,647,Savings,117470.72,2016-07-29
C103089,Ankit Das,37,Male,Delhi,Delhi,Business,66473.74,764,Premium Savings,75384.12,2023-08-29
C103090,Aditi Dasgupta,18,Male,Indore,Madhya Pradesh,Salaried,22044.29,711,Salary,37393.48,2023-08-20
C103091,Ananya Kumar,44,Male,Indore,Madhya Pradesh,Salaried,48548.18,719,Salary,14379.41,2015-10-06
C103092,Ankit Gupta,35,Male,Guwahati,Assam,Business,59913.2,751,Savings,44985.09,2024-10-06
C103093,Riya Jain,40,Male,Mumbai,Maharashtra,Self-Employed,57725.89,647,Current,88172.31,2023-10-25
C103094,Nisha Dasgupta,27,Female,Kolkata,West Bengal,Salaried,51424.91,774,Savings,77798.02,2022-11-04
C103095,Amit Patel,49,Male,Indore,Madhya Pradesh,Salaried,28102.12,758,Premium Savings,38660.89,2022-12-23
C103096,Ananya Das,46,Male,Kolkata,West Bengal,Business,30556.82,720,Current,15216.12,2023-04-16
C103097,Arjun Sahu,42,Male,Indore,Madhya Pradesh,Salaried,25775.05,735,Current,15481.66,2018-07-09
C103098,Nisha Sharma,35,Female,Jaipur,Rajasthan,Salaried,74593.86,781,Savings,118591.23,2025-09-25
C103099,Karan Panda,42,Female,Guwahati,Assam,Student,51612.78,666,Current,76317.11,2024-07-27
C103100,Rohan Das,29,Female,Hyderabad,Telangana,Salaried,53456.54,748,Salary,51748.44,2019-01-19
C103101,Aarav Das,45,Male,Chandigarh,Chandigarh,Salaried,21527.08,818,Current,13648.63,2025-02-24
C103102,Neha Panda,52,Male,Chandigarh,Chandigarh,Salaried,53992.85,747,Current,74813.72,2023-08-31
C103103,Riya Sharma,47,Male,Mumbai,Maharashtra,Student,77931.76,691,Savings,93741.99,2020-01-01
C103104,Arjun Gupta,29,Male,Pune,Maharashtra,Salaried,19971.8,850,Salary,23249.02,2023-05-19
C103105,Rohan Jain,40,Female,Pune,Maharashtra,Self-Employed,40970.81,720,Salary,39829.93,2024-12-02
C103106,Sahil Rao,23,Female,Chennai,Tamil Nadu,Student,23188.15,796,Savings,47873.16,2017-05-29
C103107,Aditya Patel,42,Female,Chennai,Tamil Nadu,Salaried,43648.9,678,Savings,47635.99,2017-01-24
C103108,Neha Dasgupta,41,Female,Kolkata,West Bengal,Business,33508.11,774,Current,25763.16,2018-08-08
C103109,Aarav Reddy,18,Female,Chandigarh,Chandigarh,Salaried,67818.37,669,Savings,36267.72,2020-04-02
C103110,Pooja Mohanty,24,Male,Kochi,Kerala,Self-Employed,60365.33,726,Savings,105365.68,2017-07-21
C103111,Aarav Roul,33,Other,Jaipur,Rajasthan,Salaried,111906.15,666,Savings,151606.4,2020-03-02
C103112,Aditya Jain,33,Male,Bhubaneswar,Odisha,Business,53388.23,829,Current,22792.54,2019-01-23
C103113,Karan Mohanty,24,Female,Kolkata,West Bengal,Salaried,66254.37,691,Savings,108911.99,2018-09-26
C103114,Vivaan Mehta,40,Male,Kolkata,West Bengal,Salaried,40471.34,633,Savings,73220.71,2017-03-26
C103115,Aarav Patel,39,Male,Delhi,Delhi,Retired,29983.51,711,Premium Savings,29137.92,2022-08-07
C103116,Ankit Panda,34,Female,Ahmedabad,Gujarat,Salaried,87047.38,740,Salary,170649.69,2025-11-23
C103117,Karan Roul,28,Male,Kochi,Kerala,Business,108975.54,703,Salary,94421.83,2022-11-23
C103118,Rohan Sahu,46,Male,Indore,Madhya Pradesh,Salaried,81080.61,652,Savings,35882.48,2017-11-26
C103119,Pooja Das,53,Male,Chandigarh,Chandigarh,Salaried,59116.42,772,Savings,110911.9,2017-11-11
C103120,Sahil Gupta,31,Male,Ahmedabad,Gujarat,Business,32187.61,787,Savings,51276.54,2021-10-08
C103121,Sneha Panda,30,Female,Mumbai,Maharashtra,Salaried,103051.48,598,Premium Savings,42025.38,2023-05-21
C103122,Amit Kumar,41,Female,Chennai,Tamil Nadu,Student,75645.91,648,Current,117717.72,2025-06-17
C103123,Pooja Das,32,Male,Ahmedabad,Gujarat,Self-Employed,167505.54,695,Savings,275544.01,2015-04-05
C103124,Nisha Gupta,35,Male,Pune,Maharashtra,Salaried,29148.4,670,Savings,80147.31,2016-07-28
C103125,Pooja Sahu,43,Female,Kolkata,West Bengal,Business,88388.76,739,Savings,65540.31,2016-05-03
C103126,Amit Dasgupta,18,Male,Pune,Maharashtra,Salaried,74391.51,825,Current,110917.44,2022-03-15
C103127,Aarav Dasgupta,49,Male,Bhubaneswar,Odisha,Salaried,45568.57,680,Savings,23627.29,2019-08-10
C103128,Amit Panda,37,Male,Jaipur,Rajasthan,Business,116447.71,807,Savings,104461.73,2019-10-17
C103129,Vivaan Jain,32,Female,Bengaluru,Karnataka,Salaried,68622.67,610,Savings,43791.98,2019-06-12
C103130,Priya Gupta,35,Male,Chennai,Tamil Nadu,Salaried,32852.97,735,Savings,56547.35,2024-01-15
C103131,Vivaan Das,36,Male,Delhi,Delhi,Business,51534.25,666,Salary,66933.7,2020-06-15
C103132,Ananya Behera,19,Male,Jaipur,Rajasthan,Business,32637.46,736,Savings,43702.54,2023-12-14
C103133,Aditi Dasgupta,51,Male,Lucknow,Uttar Pradesh,Self-Employed,42506.18,591,Savings,50439.14,2015-07-16
C103134,Priya Kumar,36,Female,Bengaluru,Karnataka,Self-Employed,80999.06,621,Current,98859.03,2024-04-29
C103135,Aditi Mishra,40,Male,Chandigarh,Chandigarh,Business,94768.2,736,Savings,82023.66,2020-12-04
C103136,Aditi Mishra,46,Male,Chennai,Tamil Nadu,Self-Employed,62115.77,664,Current,73661.94,2015-09-04
C103137,Rahul Mohanty,26,Male,Hyderabad,Telangana,Salaried,36408.13,684,Savings,54055.88,2025-03-28
C103138,Rohan Rao,41,Male,Kochi,Kerala,Retired,67844.47,824,Savings,66299.1,2020-09-29
C103139,Rohan Dasgupta,33,Female,Chandigarh,Chandigarh,Salaried,81875.76,714,Savings,59338.56,2019-03-10
C103140,Aditya Das,44,Female,Chandigarh,Chandigarh,Self-Employed,18590.89,764,Savings,37906.61,2015-03-08
C103141,Nisha Kumar,18,Male,Bengaluru,Karnataka,Student,58638.8,656,Premium Savings,85173.78,2021-05-06
C103142,Sneha Mishra,35,Male,Guwahati,Assam,Business,49537.44,618,Savings,23997.82,2019-11-26
C103143,Ananya Patel,30,Male,Chennai,Tamil Nadu,Student,92932.59,700,Savings,167277.67,2015-05-12
C103144,Ankit Panda,40,Female,Chennai,Tamil Nadu,Salaried,67996.91,608,Savings,107933.19,2025-10-06
C103145,Neha Patel,41,Female,Bhubaneswar,Odisha,Salaried,71788.67,660,Savings,22571.84,2020-08-27
C103146,Rahul Sahu,29,Male,Lucknow,Uttar Pradesh,Student,42194.17,720,Savings,50432.14,2024-10-16
C103147,Neha Mohanty,29,Female,Mumbai,Maharashtra,Salaried,55049.99,698,Savings,90825.4,2023-12-14
C103148,Sneha Mehta,35,Female,Chandigarh,Chandigarh,Business,92421.53,727,Salary,96183.83,2018-09-01
C103149,Rohan Mohanty,27,Female,Delhi,Delhi,Salaried,53071.99,744,Savings,112406.53,2023-11-11
C103150,Rohan Dasgupta,44,Male,Indore,Madhya Pradesh,Business,60545.88,627,Salary,21233.27,2021-01-15
C103151,Ankit Verma,32,Male,Kolkata,West Bengal,Self-Employed,23630.94,644,Savings,63683.1,2020-07-08
C103152,Karan Panda,18,Male,Guwahati,Assam,Salaried,52965.26,563,Savings,47508.87,2018-03-03
C103153,Kavya Gupta,32,Female,Chennai,Tamil Nadu,Self-Employed,18187.48,681,Salary,33576.76,2021-06-12
C103154,Aditi Panda,26,Female,Kolkata,West Bengal,Business,41407.15,753,Salary,47457.92,2018-09-29
C103155,Ananya Sharma,20,Female,Jaipur,Rajasthan,Salaried,56955.3,802,Savings,46110.23,2022-02-11
C103156,Pooja Sharma,24,Male,Delhi,Delhi,Self-Employed,83864.31,717,Savings,166752.63,2015-10-02
C103157,Isha Dasgupta,37,Male,Hyderabad,Telangana,Self-Employed,31746.9,794,Savings,500.0,2023-03-28
C103158,Neha Nayak,49,Male,Guwahati,Assam,Salaried,67549.42,730,Savings,110092.11,2015-11-06
C103159,Aarav Sahu,39,Female,Kochi,Kerala,Business,123347.37,712,Premium Savings,111684.06,2021-05-04
C103160,Kavya Verma,30,Male,Kochi,Kerala,Salaried,38664.58,665,Current,67319.4,2016-01-13
C103161,Neha Sharma,41,Male,Chandigarh,Chandigarh,Salaried,23487.16,550,Premium Savings,10238.13,2025-12-04
C103162,Rohan Patel,31,Female,Guwahati,Assam,Salaried,64505.16,785,Savings,58846.58,2021-04-05
C103163,Riya Sharma,29,Male,Bhubaneswar,Odisha,Business,28552.22,702,Current,61691.35,2023-10-03
C103164,Arjun Panda,24,Male,Delhi,Delhi,Student,35053.8,795,Savings,36874.96,2016-04-05
C103165,Rohan Behera,18,Male,Chennai,Tamil Nadu,Salaried,91392.96,643,Salary,74259.15,2020-12-18
C103166,Vivaan Das,32,Female,Bhubaneswar,Odisha,Salaried,154412.53,850,Savings,106644.49,2016-10-10
C103167,Rohan Reddy,38,Female,Delhi,Delhi,Salaried,31720.2,689,Salary,24083.12,2023-12-16
C103168,Ananya Nayak,35,Female,Guwahati,Assam,Business,36662.42,660,Savings,52856.31,2020-10-04
C103169,Amit Behera,32,Male,Chandigarh,Chandigarh,Salaried,43181.2,691,Current,60445.46,2024-06-28
C103170,Vivaan Gupta,27,Female,Bengaluru,Karnataka,Business,40692.29,716,Current,44090.07,2024-07-19
C103171,Sahil Dasgupta,42,Female,Delhi,Delhi,Salaried,159276.88,700,Salary,136272.31,2015-12-26
C103172,Nisha Patel,23,Female,Guwahati,Assam,Student,41079.98,672,Savings,51089.26,2021-06-08
C103173,Nisha Mishra,44,Female,Guwahati,Assam,Self-Employed,44436.87,588,Current,102313.95,2025-05-06
C103174,Rohan Das,26,Male,Hyderabad,Telangana,Retired,133784.57,653,Savings,38575.81,2020-04-02
C103175,Ananya Roul,28,Male,Kolkata,West Bengal,Salaried,75528.13,775,Savings,66597.18,2021-11-03
C103176,Amit Roul,21,Male,Chandigarh,Chandigarh,Self-Employed,94592.46,648,Savings,64198.87,2022-04-17
C103177,Rohan Sharma,31,Female,Lucknow,Uttar Pradesh,Business,33413.87,593,Premium Savings,40184.59,2017-02-20
C103178,Rohan Mishra,46,Female,Chennai,Tamil Nadu,Self-Employed,41088.75,636,Premium Savings,53615.34,2023-06-07
C103179,Ananya Reddy,41,Female,Guwahati,Assam,Salaried,31046.56,699,Savings,24970.63,2015-10-27
C103180,Vivaan Singh,46,Male,Bhubaneswar,Odisha,Retired,85458.17,656,Salary,22198.38,2023-08-09
C103181,Ananya Mehta,41,Male,Jaipur,Rajasthan,Salaried,107901.3,687,Salary,94469.73,2022-09-02
C103182,Ananya Patel,25,Male,Mumbai,Maharashtra,Salaried,39545.71,653,Savings,28445.98,2019-11-01
C103183,Arjun Behera,33,Female,Bengaluru,Karnataka,Self-Employed,45015.21,771,Current,74817.33,2024-03-03
C103184,Amit Mehta,28,Male,Pune,Maharashtra,Self-Employed,46111.56,737,Salary,48481.18,2018-02-08
C103185,Ankit Mehta,49,Female,Ahmedabad,Gujarat,Business,23484.95,849,Savings,54850.69,2020-03-22
C103186,Vivaan Mishra,24,Male,Delhi,Delhi,Salaried,37967.52,680,Savings,40922.01,2020-01-23
C103187,Sneha Panda,45,Male,Chandigarh,Chandigarh,Salaried,84152.41,686,Current,164760.99,2024-12-21
C103188,Isha Dasgupta,45,Female,Ahmedabad,Gujarat,Self-Employed,33982.75,782,Savings,30291.65,2024-11-15
C103189,Riya Nayak,54,Male,Pune,Maharashtra,Salaried,57885.86,730,Savings,71687.44,2023-04-15
C103190,Karan Behera,32,Male,Delhi,Delhi,Student,26787.16,644,Salary,31762.83,2016-09-15
C103191,Karan Mishra,43,Male,Chandigarh,Chandigarh,Student,50812.01,741,Savings,33798.13,2022-04-18
C103192,Karan Das,59,Male,Kochi,Kerala,Salaried,40346.58,731,Salary,79552.39,2018-09-15
C103193,Ankit Mishra,30,Other,Lucknow,Uttar Pradesh,Salaried,28090.01,588,Savings,63663.94,2015-10-27
C103194,Sneha Das,21,Female,Chennai,Tamil Nadu,Student,84948.53,663,Savings,39638.12,2017-01-14
C103195,Nisha Sahu,18,Male,Pune,Maharashtra,Salaried,87617.28,717,Current,60900.18,2022-04-07
C103196,Rahul Sharma,43,Female,Delhi,Delhi,Salaried,32268.35,799,Salary,64560.93,2021-06-14
C103197,Riya Sharma,18,Male,Ahmedabad,Gujarat,Salaried,48834.27,750,Salary,40078.74,2018-10-23
C103198,Ananya Panda,32,Female,Indore,Madhya Pradesh,Salaried,56357.11,668,Salary,80493.69,2020-02-03
C103199,Riya Mishra,40,Female,Guwahati,Assam,Business,20271.46,659,Current,32857.93,2020-12-01
C103200,Arjun Singh,38,Female,Jaipur,Rajasthan,Self-Employed,25506.47,757,Savings,56093.04,2023-10-05
C103201,Sahil Gupta,40,Male,Lucknow,Uttar Pradesh,Retired,111585.33,547,Current,41811.39,2022-10-07
C103202,Aditya Das,38,Male,Chennai,Tamil Nadu,Salaried,30615.71,653,Savings,49045.2,2023-04-17
C103203,Nisha Patel,49,Male,Kolkata,West Bengal,Self-Employed,109873.96,797,Savings,154187.48,2024-03-13
C103204,Pooja Mehta,26,Female,Bengaluru,Karnataka,Retired,26241.86,724,Savings,16012.47,2025-08-21
C103205,Aditi Jain,29,Female,Kochi,Kerala,Business,79019.01,656,Savings,82449.96,2019-11-07
C103206,Priya Behera,28,Male,Kochi,Kerala,Business,46345.14,627,Savings,87955.42,2024-12-21
C103207,Aditi Behera,44,Female,Bengaluru,Karnataka,Salaried,50069.48,760,Savings,59721.39,2015-03-29
C103208,Rahul Patel,45,Male,Chandigarh,Chandigarh,Business,152642.4,710,Savings,250926.82,2019-07-03
C103209,Arjun Singh,41,Male,Jaipur,Rajasthan,Salaried,27592.13,691,Savings,13749.03,2021-06-12
C103210,Amit Rao,48,Male,Jaipur,Rajasthan,Self-Employed,76284.68,729,Savings,108342.42,2018-04-18
C103211,Sneha Roul,24,Male,Bengaluru,Karnataka,Self-Employed,74571.06,716,Savings,99455.18,2015-01-27
C103212,Aditya Rao,53,Male,Hyderabad,Telangana,Self-Employed,348050.84,711,Savings,329895.92,2021-12-29
C103213,Pooja Nayak,51,Male,Guwahati,Assam,Business,30414.25,619,Savings,55983.04,2024-04-15
C103214,Nisha Verma,43,Male,Chennai,Tamil Nadu,Business,38979.72,638,Savings,30540.63,2019-05-17
C103215,Sahil Das,54,Male,Indore,Madhya Pradesh,Salaried,86150.04,754,Savings,121023.81,2015-03-19
C103216,Aditya Sharma,19,Female,Jaipur,Rajasthan,Salaried,49263.73,741,Salary,84334.0,2015-02-04
C103217,Sneha Das,31,Male,Kolkata,West Bengal,Business,42634.13,730,Savings,91288.28,2017-07-11
C103218,Aditi Gupta,29,Female,Pune,Maharashtra,Salaried,93127.03,667,Current,27014.54,2018-08-13
C103219,Aditya Panda,43,Male,Pune,Maharashtra,Salaried,47499.56,755,Savings,82129.82,2019-10-16
C103220,Karan Mohanty,25,Female,Hyderabad,Telangana,Salaried,33676.85,681,Savings,32787.81,2016-09-08
C103221,Priya Behera,44,Female,Bhubaneswar,Odisha,Salaried,82002.42,790,Savings,17177.27,2017-11-26
C103222,Arjun Panda,50,Male,Lucknow,Uttar Pradesh,Retired,67609.03,656,Savings,61109.64,2024-08-05
C103223,Rahul Das,43,Male,Guwahati,Assam,Salaried,46305.82,671,Savings,39898.05,2017-07-01
C103224,Sneha Mohanty,39,Female,Pune,Maharashtra,Self-Employed,45112.86,695,Salary,60934.56,2021-07-21
C103225,Aditya Mishra,26,Female,Mumbai,Maharashtra,Business,33252.65,760,Salary,55468.41,2022-07-25
C103226,Arjun Rao,28,Male,Bhubaneswar,Odisha,Salaried,81952.23,703,Savings,25611.29,2023-08-11
C103227,Ananya Mishra,48,Male,Jaipur,Rajasthan,Student,45117.67,707,Savings,34467.18,2018-08-30
C103228,Sneha Singh,44,Female,Guwahati,Assam,Salaried,36014.37,680,Savings,46231.12,2020-12-20
C103229,Neha Gupta,36,Female,Pune,Maharashtra,Student,27120.17,722,Savings,37129.63,2020-02-18
C103230,Kavya Mehta,32,Male,Jaipur,Rajasthan,Salaried,68239.13,700,Salary,97227.92,2022-05-01
C103231,Rahul Bose,18,Male,Jaipur,Rajasthan,Salaried,41579.72,654,Premium Savings,61795.9,2022-06-18
C103232,Sneha Gupta,25,Male,Chennai,Tamil Nadu,Salaried,18180.72,713,Savings,25770.14,2017-03-31
C103233,Sneha Kumar,55,Male,Mumbai,Maharashtra,Salaried,28375.76,715,Salary,42812.36,2023-08-20
C103234,Rahul Sharma,23,Male,Bengaluru,Karnataka,Student,48368.79,850,Current,79670.3,2024-03-18
C103235,Aditi Sahu,38,Male,Indore,Madhya Pradesh,Salaried,49121.04,665,Current,73744.91,2021-06-10
C103236,Arjun Mohanty,46,Male,Jaipur,Rajasthan,Self-Employed,48104.94,650,Savings,79451.32,2025-05-18
C103237,Amit Sharma,23,Male,Guwahati,Assam,Salaried,44559.14,723,Savings,65244.62,2018-12-23
C103238,Aarav Panda,38,Female,Hyderabad,Telangana,Business,24425.16,640,Current,40759.82,2025-01-06
C103239,Nisha Das,45,Male,Lucknow,Uttar Pradesh,Business,33999.01,635,Current,59427.35,2024-11-14
C103240,Riya Gupta,36,Male,Chandigarh,Chandigarh,Self-Employed,105468.31,612,Premium Savings,184246.97,2023-01-07
C103241,Priya Singh,65,Male,Chennai,Tamil Nadu,Salaried,97247.44,655,Current,155208.98,2024-09-22
C103242,Sahil Patel,19,Female,Delhi,Delhi,Self-Employed,75581.13,656,Savings,118931.42,2021-06-20
C103243,Karan Das,47,Female,Kochi,Kerala,Salaried,71992.33,622,Premium Savings,156208.83,2016-09-17
C103244,Arjun Reddy,34,Female,Chandigarh,Chandigarh,Salaried,90463.72,689,Savings,163783.82,2017-02-12
C103245,Ananya Mishra,44,Male,Guwahati,Assam,Self-Employed,29692.55,551,Savings,35205.69,2023-09-02
C103246,Priya Verma,40,Female,Guwahati,Assam,Retired,56005.16,737,Current,66241.49,2016-08-30
C103247,Aarav Mehta,29,Male,Jaipur,Rajasthan,Student,29701.16,669,Savings,55865.87,2017-04-24
C103248,Arjun Gupta,38,Male,Jaipur,Rajasthan,Self-Employed,29985.99,678,Premium Savings,80884.68,2018-06-17
C103249,Karan Singh,18,Female,Lucknow,Uttar Pradesh,Self-Employed,67340.98,743,Savings,100193.05,2017-01-13
C103250,Arjun Panda,42,Female,Lucknow,Uttar Pradesh,Retired,92577.48,729,Savings,158309.7,2016-02-18
C103251,Arjun Nayak,39,Female,Jaipur,Rajasthan,Self-Employed,49437.84,664,Savings,68820.95,2015-04-18
C103252,Amit Patel,42,Female,Indore,Madhya Pradesh,Salaried,136221.66,734,Current,130516.22,2020-12-24
C103253,Isha Mohanty,47,Female,Hyderabad,Telangana,Student,61794.51,806,Savings,69444.36,2021-10-01
C103254,Kavya Panda,40,Male,Kolkata,West Bengal,Salaried,35877.17,639,Savings,500.0,2025-08-04
C103255,Pooja Singh,37,Male,Pune,Maharashtra,Salaried,30254.12,754,Current,10511.8,2024-06-21
C103256,Sahil Mohanty,27,Male,Bengaluru,Karnataka,Self-Employed,96284.32,633,Savings,33879.37,2015-06-11
C103257,Aditi Singh,29,Female,Lucknow,Uttar Pradesh,Salaried,59026.45,781,Savings,82547.25,2023-09-28
C103258,Ananya Gupta,48,Male,Ahmedabad,Gujarat,Salaried,79770.94,659,Current,140165.56,2016-06-05
C103259,Rahul Singh,50,Female,Delhi,Delhi,Salaried,12749.01,656,Savings,8863.45,2021-01-21
C103260,Aditya Bose,34,Male,Lucknow,Uttar Pradesh,Self-Employed,62922.44,780,Salary,48981.46,2018-11-28
C103261,Riya Mishra,36,Male,Hyderabad,Telangana,Retired,41506.8,752,Savings,68065.27,2025-09-15
C103262,Sahil Mehta,27,Male,Ahmedabad,Gujarat,Salaried,25553.27,661,Savings,39521.35,2015-10-11
C103263,Riya Kumar,48,Male,Kochi,Kerala,Salaried,53136.17,713,Savings,85697.83,2018-09-03
C103264,Nisha Das,43,Female,Chandigarh,Chandigarh,Salaried,100266.4,659,Savings,122320.26,2024-10-05
C103265,Aarav Nayak,55,Male,Lucknow,Uttar Pradesh,Self-Employed,191283.91,601,Salary,130645.89,2018-07-15
C103266,Riya Rao,27,Male,Bhubaneswar,Odisha,Business,62835.3,717,Current,60120.7,2025-05-30
C103267,Kavya Patel,32,Male,Guwahati,Assam,Self-Employed,37236.99,682,Savings,71752.56,2017-07-31
C103268,Neha Rao,38,Male,Guwahati,Assam,Salaried,36021.17,644,Savings,32535.91,2022-05-19
C103269,Sneha Panda,42,Male,Chandigarh,Chandigarh,Self-Employed,93415.38,790,Savings,50238.64,2017-05-05
C103270,Karan Roul,34,Male,Delhi,Delhi,Self-Employed,31786.84,646,Current,18819.35,2017-04-06
C103271,Amit Das,27,Female,Mumbai,Maharashtra,Salaried,77452.76,714,Salary,117585.66,2018-05-25
C103272,Nisha Panda,45,Male,Mumbai,Maharashtra,Salaried,64641.58,775,Savings,75046.94,2016-10-30
C103273,Riya Sahu,43,Male,Hyderabad,Telangana,Salaried,60827.32,688,Savings,45077.75,2019-10-04
C103274,Ananya Kumar,27,Female,Guwahati,Assam,Retired,23216.61,657,Salary,25544.72,2018-01-15
C103275,Ananya Behera,50,Male,Kochi,Kerala,Student,45195.89,724,Salary,44327.75,2017-08-12
C103276,Vivaan Das,48,Male,Delhi,Delhi,Business,24664.04,735,Savings,27419.84,2025-07-02
C103277,Priya Mohanty,37,Female,Lucknow,Uttar Pradesh,Student,39797.22,762,Savings,75965.62,2025-04-25
C103278,Riya Nayak,37,Male,Pune,Maharashtra,Business,91081.93,827,Salary,60541.37,2017-06-08
C103279,Neha Gupta,42,Female,Mumbai,Maharashtra,Student,108246.93,675,Salary,73113.53,2023-08-30
C103280,Vivaan Bose,27,Male,Pune,Maharashtra,Salaried,61868.12,718,Savings,62678.24,2018-12-26
C103281,Priya Bose,36,Female,Kochi,Kerala,Salaried,40191.11,622,Savings,79712.25,2015-04-22
C103282,Ananya Bose,18,Female,Chennai,Tamil Nadu,Business,131734.41,748,Premium Savings,139618.18,2016-07-16
C103283,Isha Roul,45,Male,Kochi,Kerala,Self-Employed,39899.28,717,Current,52734.34,2024-11-03
C103284,Riya Das,20,Male,Chennai,Tamil Nadu,Salaried,29450.34,693,Salary,38899.68,2025-01-29
C103285,Priya Sahu,51,Male,Hyderabad,Telangana,Salaried,80672.59,665,Savings,87039.75,2025-08-04
C103286,Kavya Singh,33,Male,Chennai,Tamil Nadu,Salaried,70745.36,682,Salary,74113.69,2019-12-06
C103287,Sneha Das,34,Female,Guwahati,Assam,Salaried,40809.56,720,Current,70991.75,2016-05-19
C103288,Aarav Bose,30,Female,Bhubaneswar,Odisha,Salaried,58116.93,642,Savings,70557.16,2024-05-09
C103289,Sahil Jain,33,Male,Guwahati,Assam,Self-Employed,70141.96,685,Savings,76549.85,2025-08-19
C103290,Kavya Singh,50,Female,Ahmedabad,Gujarat,Student,61519.64,706,Savings,81058.43,2019-03-17
C103291,Nisha Das,18,Male,Indore,Madhya Pradesh,Business,70792.26,605,Salary,148441.36,2015-04-15
C103292,Ananya Nayak,49,Female,Mumbai,Maharashtra,Business,41645.36,637,Salary,88481.99,2019-12-24
C103293,Karan Mehta,39,Female,Chandigarh,Chandigarh,Student,73461.98,662,Savings,109269.3,2024-09-23
C103294,Ananya Reddy,24,Female,Bhubaneswar,Odisha,Salaried,55533.7,807,Savings,65239.72,2023-05-06
C103295,Nisha Jain,25,Male,Chandigarh,Chandigarh,Salaried,42429.23,651,Savings,77363.46,2024-07-30
C103296,Rohan Dasgupta,53,Female,Pune,Maharashtra,Salaried,48043.01,701,Savings,47492.11,2023-04-19
C103297,Rohan Das,27,Male,Chennai,Tamil Nadu,Student,52116.79,637,Savings,82385.34,2017-05-04
C103298,Rohan Verma,24,Female,Bengaluru,Karnataka,Salaried,24838.01,655,Savings,500.0,2019-04-08
C103299,Aarav Kumar,47,Male,Guwahati,Assam,Business,38751.54,611,Savings,59889.7,2015-07-21
C103300,Riya Das,39,Male,Delhi,Delhi,Salaried,56998.86,749,Premium Savings,53282.79,2020-01-05
C103301,Ananya Jain,27,Female,Hyderabad,Telangana,Retired,26161.48,619,Savings,56820.97,2019-12-02
C103302,Rohan Nayak,38,Female,Kolkata,West Bengal,Salaried,39109.88,764,Savings,61501.74,2019-06-24
C103303,Pooja Das,26,Male,Ahmedabad,Gujarat,Business,204156.72,735,Salary,185002.98,2017-03-24
C103304,Riya Sahu,47,Female,Chandigarh,Chandigarh,Salaried,29554.65,700,Savings,64065.66,2017-04-22
C103305,Karan Panda,47,Female,Kolkata,West Bengal,Salaried,44533.22,766,Current,59649.96,2023-08-24
C103306,Sahil Das,41,Female,Chennai,Tamil Nadu,Self-Employed,34771.17,850,Savings,61138.84,2019-04-08
C103307,Aarav Reddy,40,Female,Lucknow,Uttar Pradesh,Retired,51575.91,736,Savings,70379.45,2021-08-14
C103308,Rohan Das,54,Male,Kochi,Kerala,Self-Employed,35132.55,632,Savings,42594.02,2024-02-19
C103309,Amit Gupta,36,Female,Bhubaneswar,Odisha,Student,48112.86,802,Savings,59196.33,2016-05-25
C103310,Aditya Nayak,24,Male,Jaipur,Rajasthan,Business,37044.96,717,Savings,69737.15,2016-01-16
C103311,Nisha Panda,40,Male,Delhi,Delhi,Business,98263.58,842,Savings,140913.37,2025-11-14
C103312,Rohan Behera,57,Female,Jaipur,Rajasthan,Salaried,57525.8,672,Salary,74531.24,2016-12-18
C103313,Aarav Sharma,26,Female,Bengaluru,Karnataka,Salaried,31680.4,788,Savings,88699.45,2020-09-06
C103314,Aditi Sahu,32,Female,Chennai,Tamil Nadu,Salaried,87336.74,705,Savings,78432.08,2025-03-29
C103315,Sneha Das,40,Female,Kochi,Kerala,Retired,32469.02,850,Savings,10528.6,2021-06-26
C103316,Pooja Patel,35,Female,Delhi,Delhi,Retired,23268.23,687,Current,4500.27,2023-02-15
C103317,Rahul Sahu,26,Male,Kochi,Kerala,Business,54908.04,850,Salary,38006.23,2020-10-16
C103318,Sneha Sharma,47,Other,Bhubaneswar,Odisha,Salaried,157013.0,734,Savings,79805.73,2016-05-13
C103319,Sahil Mehta,59,Male,Kochi,Kerala,Salaried,20128.12,760,Salary,52790.32,2016-10-29
C103320,Vivaan Panda,38,Female,Mumbai,Maharashtra,Retired,26450.89,816,Current,47446.08,2023-06-27
C103321,Ananya Sahu,27,Female,Jaipur,Rajasthan,Salaried,83197.92,654,Savings,30548.3,2017-05-08
C103322,Karan Das,21,Female,Jaipur,Rajasthan,Student,38631.05,768,Savings,62640.67,2016-05-07
C103323,Aditya Rao,39,Male,Kolkata,West Bengal,Salaried,77007.66,686,Savings,70027.3,2025-07-20
C103324,Ankit Patel,47,Female,Indore,Madhya Pradesh,Salaried,34699.12,715,Premium Savings,21644.64,2020-06-26
C103325,Aarav Mishra,41,Female,Pune,Maharashtra,Business,59466.46,710,Salary,50544.95,2023-04-22
C103326,Aditi Reddy,36,Female,Bengaluru,Karnataka,Salaried,143565.85,742,Current,215819.58,2021-10-13
C103327,Vivaan Reddy,30,Male,Delhi,Delhi,Salaried,28511.54,739,Current,55372.89,2019-01-07
C103328,Nisha Mishra,25,Female,Pune,Maharashtra,Retired,96582.89,668,Savings,63348.63,2023-05-29
C103329,Amit Verma,44,Female,Bengaluru,Karnataka,Business,79931.65,713,Premium Savings,79684.97,2018-07-21
C103330,Karan Dasgupta,45,Female,Chennai,Tamil Nadu,Business,24245.93,553,Salary,18732.02,2019-08-28
C103331,Aditi Das,21,Female,Guwahati,Assam,Business,74793.31,769,Savings,51076.42,2017-02-21
C103332,Rahul Das,52,Male,Delhi,Delhi,Salaried,57247.08,815,Salary,46857.8,2017-05-11
C103333,Ankit Mohanty,42,Male,Lucknow,Uttar Pradesh,Salaried,57825.79,717,Savings,36786.91,2016-01-07
C103334,Aditya Reddy,50,Male,Jaipur,Rajasthan,Self-Employed,66182.62,601,Savings,99637.89,2023-12-20
C103335,Nisha Mishra,23,Male,Hyderabad,Telangana,Salaried,45360.06,753,Salary,68912.89,2020-09-07
C103336,Sneha Sharma,22,Female,Lucknow,Uttar Pradesh,Salaried,57161.9,655,Current,35233.36,2019-01-13
C103337,Vivaan Sahu,35,Male,Pune,Maharashtra,Business,62811.11,717,Current,29298.49,2020-05-11
C103338,Aarav Bose,41,Male,Mumbai,Maharashtra,Salaried,82902.49,750,Current,129041.42,2017-11-11
C103339,Rahul Mohanty,54,Male,Pune,Maharashtra,Business,23745.54,741,Savings,40265.2,2020-09-14
C103340,Kavya Patel,43,Female,Ahmedabad,Gujarat,Salaried,111868.09,775,Savings,187843.27,2016-04-03
C103341,Priya Jain,34,Male,Delhi,Delhi,Salaried,29134.51,715,Current,46088.75,2025-08-06
C103342,Sahil Jain,26,Male,Guwahati,Assam,Salaried,83615.49,716,Savings,43573.19,2020-02-15
C103343,Arjun Sahu,48,Male,Chennai,Tamil Nadu,Student,57456.49,753,Savings,62955.27,2015-03-08
C103344,Vivaan Rao,26,Male,Chennai,Tamil Nadu,Salaried,27185.87,700,Current,44899.1,2015-01-30
C103345,Neha Singh,52,Other,Lucknow,Uttar Pradesh,Self-Employed,73538.8,660,Premium Savings,91137.47,2019-04-06
C103346,Sneha Nayak,33,Male,Ahmedabad,Gujarat,Business,32699.49,734,Savings,53525.9,2024-01-04
C103347,Karan Bose,52,Female,Pune,Maharashtra,Salaried,99005.04,632,Savings,110184.2,2019-09-17
C103348,Ananya Sharma,43,Other,Chandigarh,Chandigarh,Self-Employed,37202.43,700,Premium Savings,69356.91,2019-06-28
C103349,Aarav Panda,35,Female,Indore,Madhya Pradesh,Student,24169.48,615,Savings,10469.1,2025-10-13
C103350,Priya Mishra,31,Other,Pune,Maharashtra,Self-Employed,127861.54,669,Salary,257535.63,2024-08-13
C103351,Pooja Das,33,Female,Chandigarh,Chandigarh,Salaried,60767.87,672,Savings,61611.47,2016-02-14
C103352,Karan Gupta,40,Male,Pune,Maharashtra,Self-Employed,88613.86,641,Salary,86441.04,2018-12-23
C103353,Neha Reddy,37,Female,Delhi,Delhi,Self-Employed,34433.28,777,Savings,72611.5,2019-01-16
C103354,Pooja Sahu,30,Male,Indore,Madhya Pradesh,Salaried,19430.37,771,Premium Savings,1037.16,2025-08-09
C103355,Rahul Mishra,34,Male,Chandigarh,Chandigarh,Salaried,138198.98,790,Savings,114666.18,2018-06-23
C103356,Arjun Roul,37,Female,Kolkata,West Bengal,Salaried,54805.93,693,Current,82083.87,2024-05-19
C103357,Karan Sahu,18,Male,Hyderabad,Telangana,Salaried,72065.59,677,Salary,38086.44,2015-09-25
C103358,Arjun Sharma,41,Female,Lucknow,Uttar Pradesh,Salaried,78922.07,757,Salary,123884.28,2019-11-14
C103359,Aditi Gupta,26,Female,Mumbai,Maharashtra,Salaried,45735.19,713,Savings,63620.43,2025-08-10
C103360,Ankit Reddy,24,Male,Kochi,Kerala,Salaried,62287.42,713,Savings,23550.9,2024-07-04
C103361,Neha Nayak,19,Female,Ahmedabad,Gujarat,Student,132159.18,540,Savings,210296.98,2022-04-24
C103362,Rahul Roul,18,Male,Delhi,Delhi,Self-Employed,54027.36,754,Savings,48692.21,2018-05-16
C103363,Arjun Jain,22,Male,Pune,Maharashtra,Student,92341.06,746,Current,106172.58,2017-07-28
C103364,Ananya Gupta,29,Female,Jaipur,Rajasthan,Self-Employed,18396.26,705,Savings,47919.77,2022-11-12
C103365,Ankit Kumar,56,Male,Bengaluru,Karnataka,Salaried,102043.74,758,Salary,175691.92,2015-12-12
C103366,Karan Mohanty,31,Female,Chandigarh,Chandigarh,Salaried,23812.98,744,Current,18472.81,2022-04-18
C103367,Rohan Mohanty,38,Female,Hyderabad,Telangana,Business,95823.51,660,Savings,132568.27,2022-03-21
C103368,Kavya Jain,40,Male,Ahmedabad,Gujarat,Salaried,68181.98,691,Savings,58008.69,2024-02-01
C103369,Isha Verma,37,Female,Bengaluru,Karnataka,Salaried,52173.61,639,Savings,54932.3,2019-05-16
C103370,Kavya Sahu,35,Female,Indore,Madhya Pradesh,Salaried,52068.47,800,Savings,47175.04,2024-10-27
C103371,Vivaan Sahu,24,Male,Jaipur,Rajasthan,Salaried,47862.44,769,Current,71253.46,2020-04-14
C103372,Karan Gupta,51,Male,Jaipur,Rajasthan,Salaried,35021.6,652,Current,34526.4,2015-03-06
C103373,Aditi Nayak,54,Female,Bengaluru,Karnataka,Salaried,49109.19,745,Premium Savings,29819.38,2025-09-01
C103374,Rohan Behera,19,Male,Lucknow,Uttar Pradesh,Salaried,185261.01,723,Savings,350434.61,2025-10-24
C103375,Vivaan Gupta,26,Female,Kolkata,West Bengal,Business,112573.0,660,Salary,106503.02,2018-01-30
C103376,Neha Reddy,33,Male,Pune,Maharashtra,Salaried,34065.37,713,Salary,34396.0,2023-03-08
C103377,Kavya Mehta,26,Female,Ahmedabad,Gujarat,Self-Employed,63724.0,761,Savings,78500.35,2022-04-05
C103378,Priya Kumar,41,Female,Bhubaneswar,Odisha,Self-Employed,57981.37,766,Premium Savings,33170.75,2025-01-23
C103379,Isha Dasgupta,29,Male,Delhi,Delhi,Self-Employed,50859.75,850,Premium Savings,50378.74,2018-08-17
C103380,Pooja Sharma,58,Female,Lucknow,Uttar Pradesh,Salaried,31683.8,711,Savings,60654.66,2015-07-05
C103381,Aditya Rao,48,Female,Jaipur,Rajasthan,Self-Employed,70286.31,690,Savings,96261.51,2016-07-30
C103382,Aditi Behera,38,Female,Chennai,Tamil Nadu,Salaried,87590.5,742,Salary,133418.46,2024-07-03
C103383,Nisha Roul,46,Female,Jaipur,Rajasthan,Salaried,34767.7,693,Savings,29661.36,2017-10-16
C103384,Rohan Nayak,47,Female,Jaipur,Rajasthan,Self-Employed,161237.91,667,Salary,255065.6,2016-12-27
C103385,Rohan Patel,30,Female,Chennai,Tamil Nadu,Salaried,127031.49,645,Savings,174475.35,2021-05-01
C103386,Rohan Nayak,28,Female,Jaipur,Rajasthan,Salaried,74353.02,482,Savings,108876.3,2015-02-07
C103387,Riya Mishra,37,Female,Delhi,Delhi,Salaried,27935.19,753,Savings,28360.83,2016-06-08
C103388,Pooja Nayak,45,Male,Guwahati,Assam,Salaried,68587.34,599,Savings,96694.61,2020-10-25
C103389,Sahil Gupta,37,Other,Mumbai,Maharashtra,Salaried,64226.83,648,Salary,68994.12,2016-09-29
C103390,Aditya Rao,20,Male,Lucknow,Uttar Pradesh,Retired,72935.0,724,Current,96424.09,2016-07-28
C103391,Rohan Mishra,28,Male,Mumbai,Maharashtra,Salaried,131905.87,684,Current,192683.0,2022-10-18
C103392,Sahil Verma,35,Male,Mumbai,Maharashtra,Salaried,49926.28,845,Savings,82189.34,2020-04-08
C103393,Neha Mehta,35,Male,Mumbai,Maharashtra,Self-Employed,169633.09,607,Savings,220954.17,2023-07-20
C103394,Karan Bose,56,Male,Delhi,Delhi,Self-Employed,68779.83,850,Salary,99429.95,2015-06-09
C103395,Sneha Panda,22,Male,Delhi,Delhi,Retired,46879.4,795,Current,81624.97,2015-09-08
C103396,Sahil Mohanty,41,Male,Hyderabad,Telangana,Student,205817.66,764,Premium Savings,74066.72,2021-09-08
C103397,Nisha Sharma,51,Female,Bhubaneswar,Odisha,Business,86814.51,799,Savings,149786.74,2023-12-31
C103398,Rohan Verma,59,Male,Hyderabad,Telangana,Retired,42829.6,731,Savings,86311.91,2017-05-09
C103399,Ankit Dasgupta,32,Male,Lucknow,Uttar Pradesh,Salaried,57607.47,594,Premium Savings,59598.1,2024-09-18
C103400,Ananya Mishra,41,Male,Chennai,Tamil Nadu,Self-Employed,78000.2,738,Savings,157113.76,2023-04-19
C103401,Sneha Singh,42,Male,Bengaluru,Karnataka,Student,50620.65,609,Savings,44940.34,2022-05-31
C103402,Neha Dasgupta,38,Male,Bhubaneswar,Odisha,Self-Employed,59203.61,671,Savings,8479.51,2018-04-15
C103403,Nisha Patel,35,Female,Hyderabad,Telangana,Retired,35088.42,700,Current,48578.24,2019-03-03
C103404,Sahil Mohanty,40,Female,Chandigarh,Chandigarh,Salaried,21768.77,646,Current,47205.52,2021-12-04
C103405,Rohan Roul,18,Female,Chennai,Tamil Nadu,Salaried,58315.26,766,Savings,94065.55,2019-08-27
C103406,Isha Sahu,43,Female,Bengaluru,Karnataka,Retired,59403.22,691,Premium Savings,46982.16,2024-03-26
C103407,Sahil Reddy,37,Male,Lucknow,Uttar Pradesh,Salaried,73497.32,732,Salary,16890.0,2016-10-07
C103408,Aarav Sharma,34,Male,Chandigarh,Chandigarh,Business,40062.02,704,Savings,90077.83,2019-09-14
C103409,Aditi Mehta,56,Male,Guwahati,Assam,Salaried,26312.08,713,Savings,44632.6,2016-12-07
C103410,Amit Bose,29,Female,Lucknow,Uttar Pradesh,Business,32343.23,647,Salary,23113.54,2016-12-16
C103411,Priya Mehta,32,Male,Delhi,Delhi,Student,98290.93,629,Savings,100032.91,2025-07-02
C103412,Kavya Gupta,56,Female,Mumbai,Maharashtra,Salaried,38118.39,695,Current,47044.98,2020-10-25
C103413,Rohan Reddy,28,Male,Bhubaneswar,Odisha,Salaried,43128.7,642,Savings,45233.61,2025-10-28
C103414,Sneha Gupta,30,Male,Lucknow,Uttar Pradesh,Salaried,46316.85,796,Savings,50994.55,2016-09-12
C103415,Amit Mehta,35,Other,Mumbai,Maharashtra,Student,39123.81,616,Savings,82225.62,2023-04-28
C103416,Nisha Behera,44,Female,Hyderabad,Telangana,Business,37564.79,850,Current,51635.98,2024-01-29
C103417,Aarav Patel,38,Female,Hyderabad,Telangana,Salaried,34063.12,725,Savings,41954.95,2024-02-02
C103418,Nisha Mishra,23,Female,Indore,Madhya Pradesh,Salaried,118830.05,710,Premium Savings,76575.02,2022-07-01
C103419,Kavya Dasgupta,31,Female,Chennai,Tamil Nadu,Business,79948.97,670,Savings,73606.41,2017-01-13
C103420,Aditya Gupta,30,Female,Kolkata,West Bengal,Business,109249.54,748,Salary,181204.48,2019-02-04
C103421,Neha Patel,35,Female,Mumbai,Maharashtra,Salaried,122054.79,692,Savings,177192.0,2024-11-09
C103422,Ankit Rao,40,Male,Delhi,Delhi,Salaried,15103.09,725,Salary,13642.82,2025-05-16
C103423,Neha Kumar,40,Female,Bengaluru,Karnataka,Business,66435.61,760,Premium Savings,107657.91,2016-03-24
C103424,Ankit Mishra,18,Female,Chennai,Tamil Nadu,Self-Employed,39842.53,749,Savings,42879.53,2023-10-27
C103425,Pooja Bose,47,Male,Guwahati,Assam,Retired,101654.37,786,Savings,139164.64,2016-10-27
C103426,Isha Gupta,39,Female,Chennai,Tamil Nadu,Self-Employed,36580.82,740,Savings,7963.33,2015-05-03
C103427,Sahil Roul,50,Female,Kochi,Kerala,Business,30801.11,643,Salary,20688.66,2020-07-30
C103428,Pooja Patel,40,Male,Mumbai,Maharashtra,Self-Employed,24993.3,570,Salary,42585.83,2017-04-15
C103429,Sneha Jain,47,Male,Kochi,Kerala,Retired,46565.6,719,Savings,61150.9,2018-06-07
C103430,Aditya Dasgupta,41,Male,Bengaluru,Karnataka,Salaried,90972.12,720,Savings,58568.42,2019-07-12
C103431,Pooja Verma,49,Female,Guwahati,Assam,Salaried,63321.51,830,Savings,28969.47,2022-01-05
C103432,Neha Gupta,41,Female,Jaipur,Rajasthan,Salaried,28385.45,697,Savings,51317.46,2019-03-09
C103433,Neha Mohanty,35,Male,Delhi,Delhi,Student,179701.24,729,Savings,93827.21,2025-03-12
C103434,Rahul Jain,59,Female,Pune,Maharashtra,Self-Employed,78616.33,756,Savings,77741.72,2024-06-08
C103435,Amit Jain,45,Male,Kolkata,West Bengal,Salaried,84344.43,738,Savings,132600.71,2017-12-22
C103436,Riya Reddy,42,Female,Jaipur,Rajasthan,Self-Employed,111508.3,760,Salary,181652.09,2021-12-22
C103437,Ananya Nayak,23,Male,Chandigarh,Chandigarh,Salaried,22314.01,652,Savings,13874.5,2018-08-08
C103438,Aditya Bose,23,Male,Mumbai,Maharashtra,Salaried,33316.22,642,Savings,25630.34,2015-04-27
C103439,Ananya Bose,39,Female,Guwahati,Assam,Salaried,86486.6,687,Savings,72350.75,2023-10-14
C103440,Aditi Panda,37,Male,Delhi,Delhi,Self-Employed,35213.41,564,Premium Savings,18548.22,2015-04-16
C103441,Vivaan Patel,30,Male,Kolkata,West Bengal,Business,47279.45,702,Salary,58554.34,2018-09-20
C103442,Rahul Mohanty,37,Male,Indore,Madhya Pradesh,Business,52697.91,662,Savings,98068.6,2015-04-27
C103443,Kavya Das,52,Male,Chennai,Tamil Nadu,Student,27242.01,726,Salary,32365.71,2024-12-19
C103444,Nisha Kumar,43,Male,Pune,Maharashtra,Salaried,45100.07,688,Salary,82289.93,2020-04-11
C103445,Aarav Bose,25,Other,Guwahati,Assam,Business,90950.0,639,Premium Savings,105852.67,2015-05-21
C103446,Ankit Mehta,35,Female,Kochi,Kerala,Salaried,82148.85,790,Salary,114795.86,2023-03-30
C103447,Vivaan Mohanty,28,Female,Jaipur,Rajasthan,Salaried,101442.41,710,Savings,145585.95,2024-10-11
C103448,Riya Jain,32,Female,Kochi,Kerala,Salaried,95848.13,761,Savings,170209.25,2016-08-14
C103449,Aarav Nayak,32,Male,Mumbai,Maharashtra,Salaried,68755.99,717,Salary,53181.59,2025-03-31
C103450,Amit Verma,31,Male,Lucknow,Uttar Pradesh,Salaried,65825.44,735,Premium Savings,70839.05,2019-07-28
C103451,Neha Sahu,23,Male,Bengaluru,Karnataka,Salaried,63222.81,617,Savings,33912.72,2015-07-10
C103452,Vivaan Mehta,35,Female,Indore,Madhya Pradesh,Self-Employed,38956.95,788,Savings,46672.82,2021-01-18
C103453,Vivaan Mishra,30,Female,Delhi,Delhi,Salaried,31213.9,762,Savings,76048.16,2019-03-25
C103454,Amit Mohanty,18,Male,Kolkata,West Bengal,Self-Employed,37639.52,704,Savings,37312.78,2023-07-21
C103455,Sahil Sahu,57,Male,Ahmedabad,Gujarat,Salaried,45971.29,724,Savings,97618.35,2021-09-17
C103456,Nisha Bose,47,Male,Guwahati,Assam,Salaried,38345.18,770,Savings,9094.01,2023-02-07
C103457,Amit Roul,32,Female,Lucknow,Uttar Pradesh,Salaried,69057.58,681,Premium Savings,99879.44,2020-11-21
C103458,Aarav Jain,36,Female,Delhi,Delhi,Salaried,61459.32,602,Salary,103286.26,2016-11-26
C103459,Kavya Mohanty,24,Male,Pune,Maharashtra,Salaried,65200.11,682,Salary,120881.1,2016-10-09
C103460,Karan Sharma,53,Female,Pune,Maharashtra,Self-Employed,66726.86,715,Savings,66688.02,2016-02-15
C103461,Sneha Rao,55,Male,Bengaluru,Karnataka,Business,106160.1,703,Salary,96868.9,2015-03-03
C103462,Arjun Dasgupta,38,Female,Lucknow,Uttar Pradesh,Salaried,54741.28,791,Savings,96630.38,2018-11-29
C103463,Rahul Das,46,Female,Guwahati,Assam,Salaried,95768.74,643,Savings,80476.94,2025-01-22
C103464,Rohan Sahu,38,Female,Indore,Madhya Pradesh,Business,73072.72,651,Premium Savings,52090.22,2017-07-01
C103465,Neha Rao,23,Male,Mumbai,Maharashtra,Salaried,102373.88,636,Current,172785.81,2016-01-13
C103466,Nisha Gupta,32,Male,Chandigarh,Chandigarh,Salaried,133670.74,733,Savings,118746.91,2019-09-16
C103467,Aditya Behera,37,Male,Mumbai,Maharashtra,Self-Employed,75527.02,606,Premium Savings,93335.65,2015-09-29
C103468,Aarav Bose,31,Male,Kolkata,West Bengal,Self-Employed,58230.29,753,Premium Savings,88718.82,2016-04-05
C103469,Pooja Bose,34,Female,Bengaluru,Karnataka,Self-Employed,58023.75,644,Salary,14280.58,2025-11-11
C103470,Isha Sahu,35,Female,Hyderabad,Telangana,Business,42467.62,655,Savings,61108.41,2020-05-02
C103471,Priya Roul,35,Male,Chennai,Tamil Nadu,Salaried,41689.88,820,Savings,28119.35,2020-03-17
C103472,Isha Mehta,37,Male,Lucknow,Uttar Pradesh,Salaried,90332.53,785,Savings,149633.65,2019-08-28
C103473,Aditi Patel,25,Male,Lucknow,Uttar Pradesh,Salaried,32372.67,713,Current,41417.77,2024-08-07
C103474,Sneha Rao,29,Female,Kochi,Kerala,Business,133681.24,620,Premium Savings,126800.84,2025-01-26
C103475,Karan Panda,23,Female,Ahmedabad,Gujarat,Student,50596.65,836,Premium Savings,96156.11,2021-01-07
C103476,Neha Roul,46,Male,Ahmedabad,Gujarat,Salaried,265463.15,692,Premium Savings,151564.61,2019-12-09
C103477,Ankit Das,18,Male,Indore,Madhya Pradesh,Salaried,37566.76,721,Savings,42768.58,2016-07-04
C103478,Isha Behera,48,Female,Lucknow,Uttar Pradesh,Salaried,63113.65,764,Salary,77559.3,2024-08-10
C103479,Isha Rao,50,Female,Pune,Maharashtra,Salaried,45323.07,577,Salary,15515.44,2021-10-06
C103480,Sneha Sharma,33,Male,Bhubaneswar,Odisha,Salaried,35557.0,663,Savings,79802.95,2024-01-29
C103481,Priya Mehta,18,Female,Lucknow,Uttar Pradesh,Self-Employed,98733.41,701,Savings,93072.7,2022-02-21
C103482,Aarav Nayak,32,Female,Mumbai,Maharashtra,Retired,29942.49,713,Salary,48288.66,2015-01-03
C103483,Nisha Singh,35,Female,Jaipur,Rajasthan,Salaried,37920.51,620,Savings,33148.3,2018-06-29
C103484,Rahul Kumar,26,Female,Hyderabad,Telangana,Salaried,75929.78,726,Premium Savings,48929.48,2020-05-04
C103485,Pooja Patel,31,Male,Pune,Maharashtra,Salaried,82852.48,707,Savings,145718.86,2020-04-07
C103486,Sahil Dasgupta,51,Female,Lucknow,Uttar Pradesh,Salaried,25579.63,813,Savings,38680.07,2025-02-01
C103487,Neha Reddy,43,Male,Pune,Maharashtra,Salaried,75736.14,770,Premium Savings,116904.94,2025-02-15
C103488,Riya Jain,27,Male,Guwahati,Assam,Business,59040.77,687,Premium Savings,40995.17,2017-11-18
C103489,Pooja Sharma,20,Male,Ahmedabad,Gujarat,Salaried,33201.18,692,Salary,54125.38,2016-06-09
C103490,Neha Jain,33,Male,Indore,Madhya Pradesh,Retired,35639.28,771,Salary,56185.1,2018-08-15
C103491,Karan Das,34,Male,Bengaluru,Karnataka,Self-Employed,17974.16,723,Premium Savings,38023.39,2022-05-12
C103492,Vivaan Reddy,41,Female,Jaipur,Rajasthan,Self-Employed,141447.36,616,Premium Savings,158340.93,2021-01-20
C103493,Sneha Das,31,Female,Delhi,Delhi,Salaried,96140.86,841,Current,209528.47,2019-02-06
C103494,Nisha Sharma,41,Female,Guwahati,Assam,Business,27066.68,641,Salary,13492.92,2025-09-24
C103495,Kavya Roul,55,Male,Guwahati,Assam,Salaried,85347.61,850,Current,105417.11,2021-11-18
C103496,Nisha Panda,44,Male,Chandigarh,Chandigarh,Salaried,40109.81,733,Savings,39017.75,2022-06-30
C103497,Rohan Bose,36,Female,Mumbai,Maharashtra,Salaried,90965.38,664,Salary,96711.67,2023-01-13
C103498,Aditi Reddy,34,Male,Bhubaneswar,Odisha,Student,41866.78,551,Salary,47457.2,2016-01-30
C103499,Nisha Dasgupta,32,Other,Hyderabad,Telangana,Salaried,45037.18,755,Salary,51500.12,2020-05-11
C103500,Rohan Rao,48,Male,Indore,Madhya Pradesh,Salaried,46933.99,604,Savings,65743.75,2020-07-11
C103501,Arjun Dasgupta,30,Female,Bengaluru,Karnataka,Salaried,38312.94,728,Current,43153.22,2023-05-25
C103502,Rahul Sahu,36,Male,Hyderabad,Telangana,Salaried,118739.55,831,Savings,168407.75,2024-04-27
C103503,Priya Roul,37,Female,Jaipur,Rajasthan,Salaried,90154.33,631,Savings,125210.75,2024-07-21
C103504,Amit Mohanty,31,Female,Kolkata,West Bengal,Salaried,58428.56,753,Current,125630.65,2021-05-28
C103505,Aditya Mohanty,22,Female,Hyderabad,Telangana,Business,96625.79,652,Salary,54534.5,2017-03-14
C103506,Aarav Dasgupta,39,Other,Kolkata,West Bengal,Salaried,22475.9,779,Savings,62169.21,2016-05-30
C103507,Neha Nayak,35,Male,Guwahati,Assam,Business,27985.34,709,Savings,66974.13,2017-06-17
C103508,Aditi Gupta,41,Female,Kolkata,West Bengal,Business,71402.89,704,Premium Savings,83139.01,2020-10-09
C103509,Rohan Jain,31,Male,Guwahati,Assam,Salaried,82424.13,783,Premium Savings,40197.65,2016-06-15
C103510,Nisha Nayak,48,Female,Kolkata,West Bengal,Self-Employed,64136.1,746,Savings,57153.76,2024-01-13
C103511,Rohan Sharma,27,Male,Mumbai,Maharashtra,Business,19528.03,653,Savings,37838.95,2025-07-26
C103512,Karan Panda,53,Female,Bhubaneswar,Odisha,Self-Employed,30662.77,821,Savings,29931.19,2016-08-07
C103513,Riya Mishra,19,Female,Jaipur,Rajasthan,Self-Employed,69162.49,605,Salary,80919.78,2017-07-12
C103514,Aditya Mishra,40,Male,Mumbai,Maharashtra,Business,208907.79,723,Current,352322.23,2022-05-24
C103515,Priya Nayak,41,Male,Kolkata,West Bengal,Salaried,107467.14,652,Current,83677.01,2015-12-03
C103516,Aditi Sharma,28,Male,Ahmedabad,Gujarat,Business,130954.58,608,Salary,179229.79,2023-05-03
C103517,Arjun Nayak,40,Female,Bengaluru,Karnataka,Salaried,66299.49,631,Current,65067.5,2016-01-24
C103518,Ananya Panda,49,Male,Mumbai,Maharashtra,Self-Employed,66036.21,702,Savings,100985.76,2023-01-16
C103519,Aditi Sahu,18,Female,Jaipur,Rajasthan,Salaried,31153.18,728,Salary,51236.35,2019-07-13
C103520,Pooja Sharma,41,Female,Jaipur,Rajasthan,Business,92836.08,774,Salary,64640.68,2018-03-02
C103521,Sneha Behera,18,Female,Chennai,Tamil Nadu,Self-Employed,52830.21,801,Salary,88990.22,2024-12-11
C103522,Rohan Reddy,26,Female,Bhubaneswar,Odisha,Self-Employed,80506.34,723,Premium Savings,50846.19,2021-11-24
C103523,Aditi Mehta,52,Male,Hyderabad,Telangana,Business,55936.14,676,Salary,95721.44,2016-03-07
C103524,Riya Mohanty,30,Female,Lucknow,Uttar Pradesh,Student,64125.9,773,Savings,64695.4,2017-10-20
C103525,Karan Sharma,24,Female,Indore,Madhya Pradesh,Business,52409.23,665,Savings,46150.75,2017-07-15
C103526,Ananya Gupta,34,Other,Pune,Maharashtra,Salaried,62232.46,601,Salary,46720.43,2017-10-23
C103527,Aditi Bose,57,Female,Bengaluru,Karnataka,Student,95332.93,766,Savings,157789.31,2017-01-26
C103528,Rohan Gupta,18,Female,Hyderabad,Telangana,Self-Employed,27409.97,791,Savings,43695.36,2023-03-10
C103529,Amit Dasgupta,25,Male,Kolkata,West Bengal,Self-Employed,24196.93,652,Savings,49402.37,2022-05-24
C103530,Isha Gupta,51,Female,Ahmedabad,Gujarat,Student,69516.12,832,Premium Savings,92679.79,2018-05-18
C103531,Amit Patel,55,Female,Jaipur,Rajasthan,Salaried,121467.78,743,Savings,115337.0,2018-09-08
C103532,Rahul Reddy,35,Female,Bhubaneswar,Odisha,Salaried,139538.8,733,Savings,224356.46,2022-12-20
C103533,Pooja Dasgupta,24,Female,Jaipur,Rajasthan,Self-Employed,28047.73,671,Premium Savings,37264.65,2025-12-03
C103534,Arjun Sahu,57,Male,Lucknow,Uttar Pradesh,Business,44068.82,771,Current,48674.94,2020-03-07
C103535,Kavya Bose,52,Female,Mumbai,Maharashtra,Salaried,24380.04,606,Savings,3067.16,2022-06-30
C103536,Aarav Jain,43,Other,Kochi,Kerala,Self-Employed,40629.6,683,Salary,31249.01,2021-08-16
C103537,Sneha Gupta,28,Male,Hyderabad,Telangana,Salaried,101992.54,657,Savings,76035.31,2020-10-30
C103538,Amit Kumar,36,Female,Pune,Maharashtra,Self-Employed,54611.4,620,Salary,50189.04,2020-10-18
C103539,Priya Bose,34,Male,Guwahati,Assam,Business,44777.35,761,Current,53217.93,2021-06-22
C103540,Nisha Patel,39,Female,Indore,Madhya Pradesh,Salaried,74227.18,727,Savings,97584.88,2024-11-28
C103541,Arjun Jain,51,Male,Chennai,Tamil Nadu,Business,35518.53,757,Salary,31422.14,2017-12-28
C103542,Sahil Panda,45,Female,Bhubaneswar,Odisha,Business,132088.39,687,Savings,166862.11,2023-07-10
C103543,Rahul Bose,25,Male,Lucknow,Uttar Pradesh,Salaried,55220.81,769,Current,51069.87,2025-02-01
C103544,Aditya Mehta,50,Male,Bengaluru,Karnataka,Salaried,44095.0,710,Salary,89861.58,2016-06-23
C103545,Aarav Roul,39,Male,Delhi,Delhi,Salaried,75951.9,674,Savings,30380.28,2018-09-05
C103546,Pooja Patel,43,Male,Delhi,Delhi,Business,92198.2,663,Savings,156993.2,2019-09-25
C103547,Arjun Rao,51,Female,Lucknow,Uttar Pradesh,Salaried,132306.28,576,Premium Savings,159491.12,2019-03-16
C103548,Vivaan Behera,25,Male,Lucknow,Uttar Pradesh,Salaried,49001.47,781,Savings,76623.92,2022-06-01
C103549,Rahul Sahu,36,Female,Mumbai,Maharashtra,Salaried,99949.42,773,Current,58349.05,2016-08-17
C103550,Ankit Patel,31,Other,Jaipur,Rajasthan,Self-Employed,58148.47,850,Savings,25343.28,2021-07-01
C103551,Pooja Patel,20,Female,Delhi,Delhi,Business,39294.09,683,Savings,97087.95,2023-04-05
C103552,Karan Sharma,39,Female,Chandigarh,Chandigarh,Business,35876.66,662,Savings,49049.61,2025-06-25
C103553,Isha Dasgupta,61,Male,Pune,Maharashtra,Salaried,30083.96,594,Savings,30331.6,2024-07-16
C103554,Vivaan Bose,18,Male,Kolkata,West Bengal,Business,36576.34,767,Savings,69432.2,2015-05-21
C103555,Aditya Mohanty,36,Female,Kochi,Kerala,Business,101592.71,752,Current,75388.98,2023-05-22
C103556,Rohan Jain,42,Male,Lucknow,Uttar Pradesh,Salaried,81127.62,806,Savings,35011.07,2025-02-28
C103557,Rahul Bose,37,Female,Mumbai,Maharashtra,Salaried,27789.74,645,Current,57595.75,2023-12-20
C103558,Rohan Behera,35,Male,Kolkata,West Bengal,Student,21048.27,752,Salary,30646.74,2019-04-27
C103559,Neha Dasgupta,23,Female,Chandigarh,Chandigarh,Business,29831.71,671,Savings,65703.57,2022-02-01
C103560,Rohan Nayak,38,Male,Guwahati,Assam,Self-Employed,35878.14,792,Salary,96497.51,2015-07-16
C103561,Ankit Bose,28,Female,Ahmedabad,Gujarat,Salaried,46550.47,740,Savings,37910.11,2023-11-28
C103562,Priya Sharma,18,Male,Kochi,Kerala,Business,104837.14,604,Premium Savings,134072.86,2017-03-21
C103563,Aarav Mohanty,48,Male,Kolkata,West Bengal,Self-Employed,40694.34,696,Premium Savings,54074.31,2025-12-26
C103564,Rahul Bose,46,Female,Jaipur,Rajasthan,Student,138602.23,578,Salary,200726.57,2017-01-16
C103565,Isha Panda,37,Male,Indore,Madhya Pradesh,Retired,21828.65,629,Savings,21024.48,2015-02-28
C103566,Priya Panda,38,Female,Delhi,Delhi,Retired,45403.32,633,Premium Savings,59126.5,2016-08-08
C103567,Rohan Mohanty,47,Female,Bhubaneswar,Odisha,Student,84722.82,663,Premium Savings,69174.85,2022-02-12
C103568,Sahil Reddy,38,Male,Bhubaneswar,Odisha,Salaried,87645.13,688,Savings,112990.37,2015-05-20
C103569,Aditya Sahu,45,Female,Bengaluru,Karnataka,Student,45727.07,716,Current,26551.58,2024-05-14
C103570,Riya Sharma,33,Male,Indore,Madhya Pradesh,Salaried,95420.89,712,Savings,185235.81,2023-11-30
C103571,Neha Panda,49,Female,Guwahati,Assam,Student,85973.68,703,Savings,117590.38,2017-09-01
C103572,Arjun Behera,39,Male,Bhubaneswar,Odisha,Salaried,37794.75,727,Savings,68533.12,2016-10-25
C103573,Sneha Kumar,38,Female,Bhubaneswar,Odisha,Self-Employed,65401.41,624,Current,111074.29,2019-06-14
C103574,Rohan Rao,23,Male,Chandigarh,Chandigarh,Salaried,80989.58,710,Savings,112179.14,2018-08-14
C103575,Sneha Jain,39,Male,Delhi,Delhi,Business,39312.36,798,Savings,95356.37,2015-02-17
C103576,Rahul Sharma,28,Female,Ahmedabad,Gujarat,Salaried,139660.18,694,Salary,74049.43,2021-06-01
C103577,Riya Patel,30,Male,Lucknow,Uttar Pradesh,Salaried,34739.73,737,Savings,78584.33,2020-05-23
C103578,Isha Singh,28,Male,Mumbai,Maharashtra,Business,59536.18,731,Current,27988.9,2020-06-04
C103579,Aarav Mishra,25,Female,Pune,Maharashtra,Business,27659.12,761,Current,75706.09,2024-08-14
C103580,Aditi Kumar,57,Female,Jaipur,Rajasthan,Salaried,58217.23,724,Current,96536.77,2018-11-09
C103581,Pooja Patel,49,Male,Chandigarh,Chandigarh,Salaried,30582.96,760,Savings,32018.52,2017-02-08
C103582,Rohan Sahu,55,Male,Bhubaneswar,Odisha,Salaried,46784.98,738,Current,78407.46,2022-01-19
C103583,Karan Gupta,24,Male,Pune,Maharashtra,Business,22981.84,748,Savings,24220.18,2024-10-01
C103584,Sahil Gupta,37,Male,Indore,Madhya Pradesh,Retired,85390.13,734,Salary,106919.71,2024-02-29
C103585,Karan Mehta,23,Male,Chandigarh,Chandigarh,Self-Employed,66905.9,640,Savings,52040.77,2025-11-20
C103586,Aditi Jain,29,Male,Kochi,Kerala,Salaried,100023.88,629,Savings,98580.38,2021-06-22
C103587,Rohan Gupta,27,Other,Chennai,Tamil Nadu,Salaried,45423.99,682,Savings,70715.44,2019-07-20
C103588,Priya Bose,48,Female,Indore,Madhya Pradesh,Retired,102611.42,806,Salary,209330.74,2020-01-26
C103589,Kavya Sharma,32,Male,Indore,Madhya Pradesh,Salaried,56201.14,694,Salary,87191.3,2017-05-29
C103590,Aditya Das,47,Male,Kolkata,West Bengal,Self-Employed,58532.1,725,Savings,109478.79,2020-01-31
C103591,Aarav Nayak,42,Female,Delhi,Delhi,Salaried,175925.83,577,Savings,84656.91,2021-12-19
C103592,Rahul Nayak,59,Male,Kolkata,West Bengal,Business,42130.06,718,Savings,42237.59,2017-12-12
C103593,Rohan Verma,21,Female,Lucknow,Uttar Pradesh,Student,108032.88,711,Salary,134522.18,2021-02-13
C103594,Karan Sahu,49,Female,Kochi,Kerala,Salaried,71604.64,531,Savings,31239.44,2019-12-07
C103595,Aditi Sharma,47,Female,Chennai,Tamil Nadu,Business,40156.55,724,Salary,41247.69,2016-04-27
C103596,Nisha Reddy,26,Male,Lucknow,Uttar Pradesh,Self-Employed,26674.37,598,Premium Savings,21044.31,2023-05-10
C103597,Rahul Mishra,46,Female,Guwahati,Assam,Salaried,31160.04,658,Premium Savings,61733.67,2018-02-18
C103598,Pooja Verma,39,Female,Lucknow,Uttar Pradesh,Salaried,102432.53,770,Salary,92949.23,2022-05-08
C103599,Amit Sharma,34,Female,Indore,Madhya Pradesh,Self-Employed,142772.57,715,Savings,230966.22,2023-08-14
C103600,Rohan Dasgupta,28,Female,Jaipur,Rajasthan,Salaried,57836.79,676,Savings,46176.45,2020-10-08
C103601,Sahil Panda,29,Male,Hyderabad,Telangana,Business,59529.27,670,Savings,68238.75,2025-05-12
C103602,Pooja Jain,56,Male,Jaipur,Rajasthan,Salaried,84300.06,678,Savings,63807.66,2018-10-13
C103603,Vivaan Mishra,36,Female,Chennai,Tamil Nadu,Salaried,57262.69,715,Savings,80747.0,2018-10-13
C103604,Aditi Jain,44,Female,Pune,Maharashtra,Salaried,100702.26,627,Current,96629.6,2025-01-03
C103605,Pooja Sharma,28,Female,Lucknow,Uttar Pradesh,Salaried,64568.42,778,Current,63466.16,2017-02-02
C103606,Rahul Nayak,28,Female,Indore,Madhya Pradesh,Salaried,59256.82,630,Salary,50605.97,2017-11-11
C103607,Amit Jain,47,Male,Jaipur,Rajasthan,Salaried,37440.99,593,Savings,41038.59,2018-10-28
C103608,Priya Singh,23,Male,Indore,Madhya Pradesh,Business,32702.0,769,Current,65991.26,2024-01-19
C103609,Ankit Patel,32,Female,Bhubaneswar,Odisha,Retired,12000.0,677,Savings,7504.46,2024-10-11
C103610,Ananya Verma,36,Male,Lucknow,Uttar Pradesh,Business,108429.2,710,Salary,167034.67,2020-06-19
C103611,Amit Sahu,37,Female,Chennai,Tamil Nadu,Salaried,50739.23,748,Premium Savings,86423.13,2023-08-29
C103612,Sahil Bose,34,Male,Mumbai,Maharashtra,Student,44128.89,658,Savings,45627.1,2021-02-26
C103613,Aditya Dasgupta,40,Female,Pune,Maharashtra,Salaried,18800.7,714,Savings,52936.88,2020-02-13
C103614,Pooja Verma,43,Female,Bhubaneswar,Odisha,Salaried,38678.01,747,Savings,29537.31,2022-06-09
C103615,Sahil Sharma,43,Male,Ahmedabad,Gujarat,Salaried,35977.93,812,Salary,64046.09,2016-01-31
C103616,Amit Jain,26,Male,Lucknow,Uttar Pradesh,Salaried,35523.98,672,Savings,36828.51,2022-06-29
C103617,Sahil Bose,33,Female,Kolkata,West Bengal,Student,66048.75,675,Salary,50111.26,2024-08-08
C103618,Riya Singh,48,Other,Kochi,Kerala,Salaried,58825.17,742,Salary,40491.08,2018-11-03
C103619,Arjun Verma,45,Female,Guwahati,Assam,Self-Employed,26013.62,719,Salary,46105.8,2023-07-24
C103620,Nisha Mohanty,22,Male,Chennai,Tamil Nadu,Salaried,26937.53,696,Salary,16972.31,2020-10-27
C103621,Kavya Mishra,40,Male,Guwahati,Assam,Business,26910.32,809,Salary,55142.46,2017-12-12
C103622,Isha Verma,18,Male,Guwahati,Assam,Business,148877.31,596,Current,105648.7,2015-09-16
C103623,Sahil Jain,36,Male,Bhubaneswar,Odisha,Salaried,125002.11,613,Savings,87794.86,2023-10-08
C103624,Neha Singh,55,Female,Bengaluru,Karnataka,Business,34417.62,596,Savings,19043.57,2019-02-05
C103625,Karan Singh,27,Female,Delhi,Delhi,Business,18545.11,783,Current,42174.78,2019-10-14
C103626,Amit Sahu,28,Male,Lucknow,Uttar Pradesh,Self-Employed,59012.99,738,Premium Savings,73155.8,2022-03-15
C103627,Vivaan Jain,44,Male,Delhi,Delhi,Self-Employed,56438.43,616,Current,107432.6,2015-04-15
C103628,Sneha Mohanty,21,Male,Kochi,Kerala,Self-Employed,65472.98,697,Current,36866.67,2025-10-26
C103629,Aditi Behera,30,Female,Delhi,Delhi,Salaried,82689.19,703,Current,52112.66,2021-02-03
C103630,Isha Sahu,42,Male,Chennai,Tamil Nadu,Business,70511.12,561,Savings,80249.84,2016-06-01
C103631,Ankit Panda,30,Female,Hyderabad,Telangana,Salaried,29763.76,717,Savings,52250.95,2016-01-23
C103632,Aditya Singh,34,Male,Guwahati,Assam,Salaried,64654.38,628,Savings,57534.93,2017-07-19
C103633,Ananya Panda,43,Female,Lucknow,Uttar Pradesh,Student,87964.75,751,Savings,151715.34,2025-12-07
C103634,Ankit Panda,40,Male,Chennai,Tamil Nadu,Salaried,36933.99,630,Savings,500.0,2020-02-17
C103635,Kavya Das,39,Male,Kochi,Kerala,Salaried,64865.07,719,Current,97613.82,2024-04-22
C103636,Rahul Patel,33,Female,Bengaluru,Karnataka,Salaried,40581.15,789,Salary,51417.43,2016-03-31
C103637,Sahil Das,40,Female,Guwahati,Assam,Salaried,164881.42,768,Salary,183658.39,2016-05-07
C103638,Aditi Bose,35,Male,Mumbai,Maharashtra,Salaried,26511.49,738,Savings,19097.16,2021-03-04
C103639,Sneha Das,41,Male,Chandigarh,Chandigarh,Retired,103866.36,700,Savings,200208.94,2022-12-29
C103640,Rohan Sahu,31,Male,Kochi,Kerala,Salaried,21941.64,607,Savings,27774.55,2018-04-26
C103641,Nisha Behera,34,Male,Guwahati,Assam,Business,147453.4,676,Savings,282902.45,2016-06-01
C103642,Rahul Sharma,26,Female,Kochi,Kerala,Salaried,29355.54,690,Savings,29253.68,2024-10-17
C103643,Sneha Sahu,36,Female,Ahmedabad,Gujarat,Self-Employed,61047.52,686,Current,65793.06,2018-11-24
C103644,Sneha Reddy,28,Male,Hyderabad,Telangana,Retired,22449.69,605,Savings,5327.5,2018-06-11
C103645,Pooja Panda,25,Male,Kochi,Kerala,Salaried,26176.02,733,Savings,40278.9,2020-01-28
C103646,Nisha Sahu,39,Male,Kochi,Kerala,Student,90115.67,628,Current,136205.01,2019-11-22
C103647,Rohan Roul,38,Male,Chennai,Tamil Nadu,Retired,96816.99,805,Savings,129218.46,2021-03-16
C103648,Ananya Jain,44,Male,Jaipur,Rajasthan,Self-Employed,62738.83,715,Current,97317.35,2025-07-15
C103649,Aditi Panda,32,Female,Chandigarh,Chandigarh,Salaried,82675.9,769,Savings,146969.88,2015-12-06
C103650,Aditi Singh,40,Male,Pune,Maharashtra,Business,97711.23,767,Savings,99913.1,2025-11-01
C103651,Nisha Behera,42,Female,Indore,Madhya Pradesh,Student,37751.9,840,Savings,18380.32,2024-09-21
C103652,Riya Mishra,40,Female,Indore,Madhya Pradesh,Salaried,25480.27,717,Savings,47184.28,2025-11-24
C103653,Karan Mehta,28,Female,Chennai,Tamil Nadu,Salaried,54587.03,680,Savings,23849.96,2020-08-29
C103654,Riya Rao,37,Female,Ahmedabad,Gujarat,Salaried,40039.74,681,Savings,55900.58,2017-01-17
C103655,Sneha Dasgupta,40,Female,Bengaluru,Karnataka,Salaried,68106.66,802,Savings,68182.5,2019-06-17
C103656,Isha Mohanty,36,Female,Hyderabad,Telangana,Student,74347.42,619,Salary,32889.69,2024-03-12
C103657,Kavya Mohanty,18,Male,Jaipur,Rajasthan,Salaried,37804.39,648,Savings,22832.77,2025-07-22
C103658,Aditi Das,38,Male,Kochi,Kerala,Salaried,81011.64,720,Savings,44224.82,2024-12-06
C103659,Ananya Sahu,58,Male,Chandigarh,Chandigarh,Self-Employed,78815.47,695,Current,66222.73,2020-09-23
C103660,Aarav Nayak,32,Female,Guwahati,Assam,Salaried,81872.07,768,Salary,84121.35,2017-03-09
C103661,Arjun Mishra,29,Female,Chandigarh,Chandigarh,Salaried,43949.77,618,Savings,46521.53,2016-08-03
C103662,Sahil Bose,40,Male,Lucknow,Uttar Pradesh,Self-Employed,84461.04,701,Savings,153426.12,2024-06-02
C103663,Rohan Patel,39,Female,Jaipur,Rajasthan,Salaried,73210.18,693,Savings,134799.68,2022-08-19
C103664,Isha Gupta,48,Female,Kochi,Kerala,Salaried,78212.91,635,Savings,139181.44,2017-06-27
C103665,Aditi Mishra,23,Female,Ahmedabad,Gujarat,Salaried,138395.69,762,Current,156370.6,2023-09-14
C103666,Arjun Mehta,43,Female,Jaipur,Rajasthan,Self-Employed,65865.12,699,Salary,131090.04,2015-03-10
C103667,Karan Behera,42,Female,Kochi,Kerala,Business,39389.68,696,Salary,68722.67,2017-03-24
C103668,Isha Roul,35,Male,Indore,Madhya Pradesh,Student,29861.89,651,Savings,500.0,2023-03-24
C103669,Aditi Reddy,39,Male,Chennai,Tamil Nadu,Salaried,102278.36,681,Salary,57013.22,2023-05-08
C103670,Rahul Singh,46,Female,Delhi,Delhi,Self-Employed,66943.73,639,Premium Savings,105986.02,2018-12-20
C103671,Sneha Sharma,45,Male,Lucknow,Uttar Pradesh,Student,137805.78,761,Savings,110256.28,2020-11-22
C103672,Aarav Sharma,25,Male,Delhi,Delhi,Salaried,18012.74,772,Savings,14091.48,2021-09-27
C103673,Aditya Nayak,44,Female,Delhi,Delhi,Student,90758.31,814,Salary,77902.04,2023-09-30
C103674,Ankit Patel,35,Female,Bhubaneswar,Odisha,Student,47641.66,733,Salary,37724.12,2016-09-13
C103675,Pooja Jain,37,Female,Pune,Maharashtra,Salaried,45281.41,683,Savings,57513.2,2021-04-24
C103676,Rahul Behera,37,Male,Kolkata,West Bengal,Salaried,36114.3,675,Premium Savings,56767.68,2024-08-23
C103677,Aditya Nayak,34,Female,Ahmedabad,Gujarat,Salaried,90206.12,737,Savings,41207.88,2020-12-13
C103678,Amit Patel,48,Male,Mumbai,Maharashtra,Salaried,77074.93,718,Savings,75566.48,2020-11-20
C103679,Ankit Panda,35,Male,Ahmedabad,Gujarat,Student,29342.09,694,Savings,56255.46,2015-07-12
C103680,Aditya Roul,25,Female,Hyderabad,Telangana,Student,60222.14,688,Savings,40315.39,2023-12-22
C103681,Ankit Kumar,32,Male,Chennai,Tamil Nadu,Salaried,81101.06,781,Savings,108259.28,2020-12-23
C103682,Aarav Roul,38,Male,Lucknow,Uttar Pradesh,Self-Employed,60657.24,677,Savings,91544.87,2019-01-25
C103683,Isha Panda,48,Female,Delhi,Delhi,Self-Employed,101154.13,793,Current,116565.35,2021-01-18
C103684,Kavya Mehta,42,Male,Delhi,Delhi,Salaried,46890.35,717,Savings,40281.79,2017-08-01
C103685,Rahul Dasgupta,27,Female,Chennai,Tamil Nadu,Self-Employed,15917.78,681,Current,33650.07,2022-10-12
C103686,Kavya Singh,61,Female,Bengaluru,Karnataka,Retired,60948.41,654,Savings,58267.08,2025-08-15
C103687,Vivaan Panda,39,Other,Chandigarh,Chandigarh,Salaried,60744.55,695,Savings,40011.73,2020-12-14
C103688,Aditi Dasgupta,49,Male,Jaipur,Rajasthan,Salaried,65266.95,738,Savings,97155.28,2016-11-14
C103689,Neha Mehta,34,Female,Jaipur,Rajasthan,Salaried,101106.22,680,Savings,90573.81,2019-03-14
C103690,Sneha Nayak,41,Male,Bhubaneswar,Odisha,Salaried,18792.89,760,Current,35693.63,2016-10-12
C103691,Rohan Singh,44,Female,Ahmedabad,Gujarat,Salaried,48238.98,677,Current,50547.62,2016-02-15
C103692,Ankit Sharma,48,Male,Pune,Maharashtra,Salaried,33111.19,697,Current,20403.02,2022-08-18
C103693,Priya Behera,47,Male,Kochi,Kerala,Self-Employed,28301.55,621,Savings,32267.71,2016-11-09
C103694,Rahul Patel,45,Female,Chennai,Tamil Nadu,Business,52855.87,741,Salary,53894.84,2022-02-13
C103695,Isha Das,33,Male,Hyderabad,Telangana,Salaried,80909.83,688,Savings,98043.35,2022-02-11
C103696,Amit Mehta,30,Male,Delhi,Delhi,Salaried,64900.4,808,Salary,63808.43,2024-08-19
C103697,Amit Sharma,39,Male,Mumbai,Maharashtra,Business,37682.5,751,Savings,51512.05,2021-12-07
C103698,Nisha Rao,45,Female,Bhubaneswar,Odisha,Student,50770.92,710,Savings,50383.1,2017-07-15
C103699,Neha Sahu,34,Male,Kolkata,West Bengal,Salaried,91723.28,785,Current,102724.99,2024-06-15
C103700,Aditi Kumar,47,Male,Ahmedabad,Gujarat,Salaried,80082.25,731,Salary,81121.83,2025-06-08
C103701,Aditi Gupta,51,Male,Mumbai,Maharashtra,Business,40581.39,771,Current,21184.09,2023-06-04
C103702,Riya Behera,27,Female,Hyderabad,Telangana,Salaried,39162.13,649,Savings,76190.62,2023-01-12
C103703,Sneha Singh,28,Female,Hyderabad,Telangana,Salaried,21397.35,735,Savings,32749.38,2016-09-14
C103704,Nisha Dasgupta,35,Male,Chennai,Tamil Nadu,Salaried,43430.28,738,Premium Savings,30346.22,2021-01-24
C103705,Vivaan Verma,39,Male,Pune,Maharashtra,Salaried,21171.36,605,Savings,22718.55,2025-07-26
C103706,Sneha Dasgupta,31,Male,Hyderabad,Telangana,Salaried,171437.97,803,Savings,274752.59,2025-09-17
C103707,Rahul Sharma,50,Male,Kochi,Kerala,Salaried,34364.3,630,Savings,43611.48,2021-11-02
C103708,Aditya Rao,40,Male,Bhubaneswar,Odisha,Business,101217.6,621,Savings,181872.3,2019-10-03
C103709,Ananya Mishra,36,Male,Indore,Madhya Pradesh,Student,149499.28,520,Savings,185089.74,2024-08-16
C103710,Aarav Mohanty,22,Female,Guwahati,Assam,Retired,61944.82,736,Salary,27967.52,2017-04-08
C103711,Aditi Sahu,23,Female,Indore,Madhya Pradesh,Salaried,52056.27,598,Current,55007.99,2018-02-14
C103712,Neha Kumar,39,Male,Bengaluru,Karnataka,Salaried,26576.63,671,Savings,64536.66,2015-07-20
C103713,Isha Sahu,18,Female,Lucknow,Uttar Pradesh,Business,41670.9,759,Premium Savings,61493.0,2025-10-03
C103714,Nisha Mehta,46,Female,Kolkata,West Bengal,Self-Employed,132888.97,717,Current,206978.26,2025-11-13
C103715,Kavya Singh,34,Female,Chandigarh,Chandigarh,Salaried,66721.16,664,Salary,79111.61,2025-08-22
C103716,Ankit Sharma,68,Female,Jaipur,Rajasthan,Salaried,55864.25,602,Current,23100.49,2019-06-30
C103717,Ankit Mishra,59,Male,Jaipur,Rajasthan,Salaried,113182.43,698,Current,147892.54,2018-04-29
C103718,Ankit Rao,34,Male,Indore,Madhya Pradesh,Salaried,80664.05,761,Savings,125596.16,2019-05-16
C103719,Sahil Kumar,35,Female,Lucknow,Uttar Pradesh,Salaried,50703.91,751,Salary,96456.82,2025-02-07
C103720,Rohan Mehta,46,Male,Chennai,Tamil Nadu,Retired,61946.67,821,Salary,26726.98,2020-11-07
C103721,Amit Reddy,53,Male,Chandigarh,Chandigarh,Salaried,36049.66,663,Savings,77944.64,2025-11-25
C103722,Karan Rao,20,Male,Indore,Madhya Pradesh,Retired,40397.21,619,Salary,15370.17,2019-09-22
C103723,Aditi Mehta,18,Male,Pune,Maharashtra,Student,49100.49,725,Current,66527.03,2025-01-08
C103724,Sneha Kumar,30,Female,Ahmedabad,Gujarat,Salaried,74734.53,719,Savings,134018.68,2020-05-05
C103725,Aarav Patel,42,Male,Chennai,Tamil Nadu,Business,27695.88,705,Premium Savings,36580.93,2020-03-31
C103726,Kavya Rao,41,Male,Chandigarh,Chandigarh,Business,57355.31,656,Savings,78250.3,2018-08-11
C103727,Kavya Roul,47,Male,Guwahati,Assam,Salaried,44385.33,533,Savings,81818.23,2016-07-11
C103728,Rohan Reddy,24,Male,Pune,Maharashtra,Salaried,33509.27,640,Salary,52588.69,2023-02-03
C103729,Kavya Verma,18,Female,Guwahati,Assam,Self-Employed,44516.63,741,Savings,74094.28,2025-07-09
C103730,Vivaan Mishra,45,Male,Kolkata,West Bengal,Self-Employed,15341.5,723,Current,26535.45,2018-05-13
C103731,Neha Reddy,28,Female,Bengaluru,Karnataka,Self-Employed,36257.98,768,Salary,34171.36,2015-01-02
C103732,Nisha Das,18,Female,Chandigarh,Chandigarh,Salaried,30042.57,727,Savings,32960.5,2015-11-03
C103733,Vivaan Singh,37,Female,Delhi,Delhi,Salaried,47152.14,753,Savings,67217.9,2017-10-26
C103734,Priya Behera,44,Male,Bhubaneswar,Odisha,Self-Employed,15696.67,755,Premium Savings,31323.86,2022-12-11
C103735,Nisha Behera,35,Male,Indore,Madhya Pradesh,Salaried,61088.53,706,Savings,67451.76,2021-03-26
C103736,Aditya Panda,31,Female,Delhi,Delhi,Self-Employed,90696.25,707,Current,131426.15,2022-06-29
C103737,Karan Bose,34,Female,Indore,Madhya Pradesh,Student,51563.82,516,Savings,44245.12,2018-06-30
C103738,Kavya Roul,32,Male,Ahmedabad,Gujarat,Self-Employed,72361.09,662,Salary,51846.69,2017-05-05
C103739,Karan Mohanty,23,Male,Bengaluru,Karnataka,Business,41484.98,665,Premium Savings,49802.03,2025-05-08
C103740,Vivaan Roul,29,Male,Bengaluru,Karnataka,Self-Employed,23389.6,698,Savings,24339.75,2023-03-24
C103741,Ankit Das,41,Female,Lucknow,Uttar Pradesh,Self-Employed,55051.19,645,Current,67438.81,2021-11-16
C103742,Ankit Nayak,39,Male,Kochi,Kerala,Self-Employed,79961.18,766,Salary,89077.42,2021-08-29
C103743,Sahil Mohanty,38,Female,Guwahati,Assam,Salaried,26547.08,648,Salary,5027.62,2025-10-04
C103744,Ankit Dasgupta,26,Female,Kolkata,West Bengal,Retired,42583.13,777,Savings,55204.96,2015-10-01
C103745,Aditi Sharma,34,Female,Mumbai,Maharashtra,Salaried,48010.47,643,Savings,16890.22,2015-08-31
C103746,Sahil Rao,18,Female,Ahmedabad,Gujarat,Salaried,263909.8,666,Savings,357568.09,2023-06-21
C103747,Neha Sharma,38,Male,Lucknow,Uttar Pradesh,Salaried,62189.57,661,Salary,105744.28,2019-08-08
C103748,Pooja Dasgupta,50,Female,Indore,Madhya Pradesh,Salaried,19283.85,673,Premium Savings,25598.82,2016-07-28
C103749,Neha Singh,21,Female,Kochi,Kerala,Business,16831.72,782,Current,29272.03,2016-08-11
C103750,Amit Mehta,30,Female,Jaipur,Rajasthan,Salaried,82196.07,684,Savings,145840.78,2020-05-23
C103751,Aditya Sharma,39,Male,Indore,Madhya Pradesh,Business,215745.78,685,Savings,242173.83,2024-03-22
C103752,Kavya Sahu,49,Female,Kochi,Kerala,Salaried,47124.7,657,Premium Savings,89075.12,2016-10-18
C103753,Priya Reddy,32,Male,Delhi,Delhi,Salaried,45598.85,688,Savings,28977.04,2023-07-29
C103754,Aditi Reddy,29,Male,Kolkata,West Bengal,Salaried,69704.09,719,Salary,92975.9,2025-11-25
C103755,Kavya Patel,18,Female,Chennai,Tamil Nadu,Self-Employed,35455.21,691,Current,51421.45,2024-01-19
C103756,Riya Verma,37,Female,Mumbai,Maharashtra,Business,13572.53,695,Salary,4264.51,2025-12-13
C103757,Aditya Rao,56,Female,Bengaluru,Karnataka,Salaried,97302.88,771,Savings,184335.47,2025-08-30
C103758,Amit Das,39,Male,Kochi,Kerala,Salaried,39255.16,723,Savings,28240.71,2025-12-21
C103759,Riya Panda,36,Female,Ahmedabad,Gujarat,Retired,97993.19,630,Salary,54458.63,2017-09-20
C103760,Ananya Reddy,39,Male,Ahmedabad,Gujarat,Salaried,36190.28,699,Current,54432.77,2019-05-22
C103761,Sahil Verma,36,Female,Hyderabad,Telangana,Self-Employed,58809.99,670,Savings,64820.11,2023-10-26
C103762,Sneha Roul,28,Male,Hyderabad,Telangana,Salaried,88013.55,739,Savings,96843.48,2016-10-15
C103763,Sahil Patel,44,Female,Pune,Maharashtra,Salaried,99089.77,712,Savings,104432.53,2022-03-31
C103764,Aditi Reddy,38,Female,Jaipur,Rajasthan,Salaried,62519.4,778,Premium Savings,82036.37,2019-09-13
C103765,Riya Verma,36,Male,Kolkata,West Bengal,Salaried,60831.92,657,Savings,104994.88,2019-05-21
C103766,Isha Sharma,26,Male,Bengaluru,Karnataka,Student,77336.93,692,Salary,100035.57,2021-08-19
C103767,Ananya Verma,49,Female,Lucknow,Uttar Pradesh,Self-Employed,70996.21,636,Savings,70320.25,2017-03-03
C103768,Riya Reddy,43,Female,Ahmedabad,Gujarat,Business,27036.39,702,Savings,44169.3,2017-10-15
C103769,Arjun Mehta,30,Female,Jaipur,Rajasthan,Self-Employed,27321.88,605,Salary,52417.55,2024-05-10
C103770,Pooja Gupta,46,Female,Jaipur,Rajasthan,Self-Employed,17242.04,726,Salary,40930.39,2018-12-06
C103771,Sahil Behera,31,Male,Kochi,Kerala,Business,83840.2,701,Savings,129767.98,2015-10-16
C103772,Sneha Verma,28,Male,Ahmedabad,Gujarat,Student,44242.32,715,Savings,64308.65,2017-07-15
C103773,Amit Behera,28,Male,Lucknow,Uttar Pradesh,Salaried,86352.84,756,Current,113177.45,2025-10-20
C103774,Arjun Jain,18,Male,Mumbai,Maharashtra,Salaried,68674.23,720,Savings,103960.96,2025-08-23
C103775,Vivaan Rao,41,Female,Chandigarh,Chandigarh,Business,31689.92,622,Premium Savings,31772.16,2018-02-05
C103776,Kavya Sharma,18,Male,Mumbai,Maharashtra,Retired,51480.9,669,Savings,54484.65,2016-07-29
C103777,Vivaan Nayak,24,Female,Kochi,Kerala,Retired,42827.53,700,Savings,81479.89,2025-01-04
C103778,Aarav Panda,18,Female,Chennai,Tamil Nadu,Self-Employed,39340.73,684,Savings,54545.14,2019-07-03
C103779,Amit Sharma,35,Female,Mumbai,Maharashtra,Salaried,90989.24,692,Savings,71891.28,2016-05-20
C103780,Ankit Mehta,34,Female,Kochi,Kerala,Salaried,218818.39,810,Savings,368031.49,2023-02-21
C103781,Ankit Kumar,33,Male,Kolkata,West Bengal,Retired,101620.49,712,Savings,167347.19,2023-04-18
C103782,Riya Gupta,26,Female,Pune,Maharashtra,Salaried,54190.58,730,Current,30723.23,2021-07-27
C103783,Aarav Mishra,24,Male,Jaipur,Rajasthan,Salaried,109954.04,574,Salary,38770.62,2025-08-04
C103784,Aditi Dasgupta,41,Male,Bhubaneswar,Odisha,Student,141094.47,753,Savings,36306.91,2022-07-16
C103785,Rahul Das,30,Female,Ahmedabad,Gujarat,Salaried,25572.8,850,Current,64407.31,2016-09-13
C103786,Aditya Dasgupta,39,Male,Delhi,Delhi,Business,107878.25,792,Salary,131164.1,2017-04-23
C103787,Aarav Roul,27,Other,Pune,Maharashtra,Self-Employed,83986.69,676,Savings,45897.39,2019-12-22
C103788,Nisha Jain,38,Female,Kochi,Kerala,Salaried,105720.48,850,Premium Savings,71130.16,2016-08-06
C103789,Sneha Das,49,Female,Ahmedabad,Gujarat,Salaried,86025.29,707,Savings,94327.89,2022-07-16
C103790,Vivaan Mishra,42,Male,Indore,Madhya Pradesh,Salaried,48525.15,725,Savings,31393.2,2018-02-02
C103791,Isha Verma,32,Female,Delhi,Delhi,Self-Employed,168243.45,688,Savings,298236.46,2023-07-13
C103792,Riya Dasgupta,39,Male,Lucknow,Uttar Pradesh,Salaried,66294.86,686,Premium Savings,108074.81,2018-09-03
C103793,Sneha Gupta,34,Female,Chandigarh,Chandigarh,Salaried,43313.02,559,Savings,73564.78,2015-02-14
C103794,Aarav Mohanty,36,Male,Kochi,Kerala,Retired,72647.65,756,Savings,115215.27,2022-02-21
C103795,Riya Dasgupta,33,Female,Lucknow,Uttar Pradesh,Salaried,93892.54,686,Salary,82519.77,2016-04-25
C103796,Aarav Singh,34,Male,Pune,Maharashtra,Salaried,57942.54,693,Premium Savings,70263.29,2020-11-02
C103797,Sneha Mehta,38,Male,Indore,Madhya Pradesh,Salaried,68275.99,723,Premium Savings,136774.18,2018-06-28
C103798,Rohan Behera,26,Male,Ahmedabad,Gujarat,Salaried,57739.13,678,Current,117638.61,2020-11-17
C103799,Priya Reddy,26,Male,Ahmedabad,Gujarat,Retired,38255.66,722,Current,72228.07,2016-02-25
C103800,Sneha Nayak,22,Female,Mumbai,Maharashtra,Salaried,34999.36,783,Savings,45130.02,2023-08-27
C103801,Neha Behera,20,Male,Bengaluru,Karnataka,Salaried,25426.3,731,Current,55146.31,2022-01-18
C103802,Karan Roul,24,Male,Ahmedabad,Gujarat,Student,126753.49,695,Savings,229739.67,2021-09-17
C103803,Amit Mehta,38,Female,Ahmedabad,Gujarat,Self-Employed,48640.36,697,Salary,72502.8,2020-04-13
C103804,Neha Singh,27,Male,Indore,Madhya Pradesh,Salaried,12000.0,718,Savings,21365.86,2017-08-09
C103805,Karan Patel,41,Male,Chennai,Tamil Nadu,Student,68403.66,651,Salary,65686.77,2022-05-29
C103806,Karan Behera,36,Female,Kochi,Kerala,Business,67629.08,719,Savings,46919.22,2019-12-01
C103807,Pooja Nayak,18,Male,Chandigarh,Chandigarh,Salaried,19702.02,749,Current,16686.26,2018-05-08
C103808,Sahil Sharma,43,Male,Pune,Maharashtra,Self-Employed,34796.45,711,Current,37303.31,2024-03-21
C103809,Isha Bose,44,Male,Kolkata,West Bengal,Student,33966.48,677,Savings,22267.47,2016-05-26
C103810,Vivaan Sahu,26,Male,Jaipur,Rajasthan,Self-Employed,36564.8,686,Savings,26089.16,2021-01-25
C103811,Kavya Patel,40,Female,Bhubaneswar,Odisha,Business,107163.95,747,Savings,23022.08,2023-05-01
C103812,Isha Behera,27,Male,Delhi,Delhi,Retired,50675.9,633,Premium Savings,70835.98,2021-11-03
C103813,Riya Rao,37,Female,Hyderabad,Telangana,Business,43482.3,652,Premium Savings,59628.1,2020-02-05
C103814,Vivaan Behera,23,Male,Guwahati,Assam,Salaried,101966.84,601,Savings,169541.63,2016-09-21
C103815,Rohan Patel,18,Male,Delhi,Delhi,Salaried,72224.15,707,Savings,68690.32,2015-10-16
C103816,Arjun Behera,32,Male,Delhi,Delhi,Self-Employed,21111.02,761,Savings,38247.93,2024-11-14
C103817,Aditi Reddy,35,Female,Kochi,Kerala,Salaried,39180.93,792,Savings,51732.56,2025-12-23
C103818,Riya Nayak,32,Female,Guwahati,Assam,Retired,65654.91,806,Savings,90868.67,2023-06-17
C103819,Amit Reddy,24,Female,Guwahati,Assam,Salaried,32907.27,660,Salary,50853.51,2025-03-18
C103820,Aditya Roul,32,Other,Chandigarh,Chandigarh,Salaried,167936.9,721,Salary,172600.32,2023-01-28
C103821,Rahul Jain,39,Male,Indore,Madhya Pradesh,Business,58522.8,679,Savings,110594.27,2018-10-30
C103822,Sneha Kumar,36,Male,Kolkata,West Bengal,Self-Employed,36342.08,812,Current,37551.14,2024-10-24
C103823,Arjun Mehta,38,Male,Ahmedabad,Gujarat,Salaried,29657.47,790,Savings,70589.98,2018-01-19
C103824,Riya Gupta,29,Male,Chennai,Tamil Nadu,Salaried,91603.86,716,Current,102580.2,2025-08-25
C103825,Riya Mehta,48,Male,Mumbai,Maharashtra,Self-Employed,38513.51,665,Salary,36001.83,2015-06-17
C103826,Riya Patel,24,Male,Mumbai,Maharashtra,Student,67781.65,481,Current,101528.7,2019-04-12
C103827,Priya Das,41,Male,Lucknow,Uttar Pradesh,Business,29195.0,612,Savings,35173.3,2024-05-25
C103828,Sneha Mishra,48,Male,Bhubaneswar,Odisha,Salaried,57165.01,585,Premium Savings,27604.73,2024-12-29
C103829,Rohan Kumar,41,Male,Chennai,Tamil Nadu,Salaried,38768.03,611,Salary,46199.28,2017-11-12
C103830,Arjun Behera,34,Male,Mumbai,Maharashtra,Business,46240.97,827,Savings,25051.91,2016-04-07
C103831,Sneha Patel,31,Female,Jaipur,Rajasthan,Retired,35494.54,621,Savings,500.0,2022-01-11
C103832,Ankit Mohanty,46,Male,Mumbai,Maharashtra,Salaried,96682.04,636,Salary,166261.84,2020-03-25
C103833,Rohan Singh,22,Female,Jaipur,Rajasthan,Business,41983.68,645,Savings,47963.23,2019-10-11
C103834,Aarav Mehta,26,Female,Chandigarh,Chandigarh,Salaried,50827.2,850,Savings,14131.37,2021-07-24
C103835,Amit Behera,32,Male,Chennai,Tamil Nadu,Self-Employed,52195.95,701,Salary,79767.85,2016-11-20
C103836,Kavya Sharma,48,Male,Kolkata,West Bengal,Business,133497.37,770,Savings,181556.41,2024-10-29
C103837,Kavya Rao,40,Male,Jaipur,Rajasthan,Salaried,89747.75,716,Current,109265.84,2022-12-17
C103838,Sahil Verma,26,Female,Chennai,Tamil Nadu,Self-Employed,84962.3,576,Savings,93766.92,2022-10-03
C103839,Sahil Nayak,33,Male,Ahmedabad,Gujarat,Salaried,23092.21,805,Salary,29643.68,2024-09-15
C103840,Kavya Patel,30,Male,Ahmedabad,Gujarat,Salaried,38333.24,731,Salary,71351.09,2023-11-29
C103841,Riya Singh,29,Male,Pune,Maharashtra,Self-Employed,105749.54,697,Premium Savings,125067.57,2020-06-18
C103842,Karan Reddy,46,Female,Chennai,Tamil Nadu,Salaried,28884.97,819,Savings,54725.6,2023-07-04
C103843,Pooja Reddy,22,Male,Kolkata,West Bengal,Self-Employed,57601.04,682,Savings,22452.88,2018-04-07
C103844,Ankit Jain,52,Female,Bengaluru,Karnataka,Salaried,30613.45,696,Current,500.0,2017-07-09
C103845,Aditya Behera,44,Male,Hyderabad,Telangana,Business,32350.65,683,Salary,35204.59,2020-11-11
C103846,Nisha Mehta,47,Female,Hyderabad,Telangana,Salaried,138624.01,775,Savings,162519.9,2016-02-27
C103847,Amit Panda,31,Female,Kochi,Kerala,Business,81690.04,758,Savings,91801.28,2015-12-29
C103848,Sahil Sahu,35,Male,Kolkata,West Bengal,Self-Employed,94449.03,723,Savings,201466.23,2023-03-17
C103849,Kavya Jain,22,Female,Guwahati,Assam,Retired,84638.65,637,Savings,29919.6,2021-10-07
C103850,Neha Singh,31,Female,Delhi,Delhi,Student,50943.88,681,Current,30100.43,2025-10-06
C103851,Neha Das,41,Male,Lucknow,Uttar Pradesh,Salaried,37598.16,637,Salary,22909.19,2021-09-19
C103852,Amit Mehta,49,Male,Chandigarh,Chandigarh,Salaried,44087.82,780,Savings,100108.55,2024-09-13
C103853,Nisha Jain,25,Female,Kolkata,West Bengal,Self-Employed,49492.87,603,Salary,500.0,2019-01-25
C103854,Aarav Verma,32,Female,Pune,Maharashtra,Self-Employed,146099.88,809,Current,277208.73,2017-09-15
C103855,Amit Sharma,34,Female,Chennai,Tamil Nadu,Salaried,26372.9,789,Savings,76139.35,2024-09-30
C103856,Rahul Jain,22,Female,Ahmedabad,Gujarat,Salaried,40561.5,645,Current,21994.67,2024-07-13
C103857,Aditya Dasgupta,42,Female,Delhi,Delhi,Self-Employed,33288.21,678,Salary,39376.9,2022-06-16
C103858,Ankit Sharma,29,Male,Jaipur,Rajasthan,Student,98344.43,659,Savings,81466.46,2020-07-18
C103859,Rahul Verma,34,Female,Guwahati,Assam,Student,152462.2,733,Premium Savings,127932.23,2024-05-20
C103860,Kavya Dasgupta,31,Male,Guwahati,Assam,Salaried,65180.85,797,Savings,89678.66,2022-11-13
C103861,Pooja Sharma,28,Female,Delhi,Delhi,Salaried,68196.41,782,Salary,90789.27,2025-10-20
C103862,Karan Jain,36,Female,Ahmedabad,Gujarat,Salaried,57833.01,677,Salary,3737.8,2019-11-07
C103863,Isha Jain,34,Female,Hyderabad,Telangana,Salaried,69961.61,787,Current,147269.1,2019-09-24
C103864,Vivaan Mehta,32,Male,Chandigarh,Chandigarh,Business,84147.27,781,Savings,139208.45,2015-08-21
C103865,Vivaan Jain,29,Male,Mumbai,Maharashtra,Business,69507.56,693,Salary,91521.84,2022-02-26
C103866,Amit Patel,39,Male,Mumbai,Maharashtra,Self-Employed,72362.78,704,Savings,64357.24,2016-03-06
C103867,Sneha Jain,53,Female,Bengaluru,Karnataka,Salaried,84251.9,805,Salary,107181.02,2024-09-13
C103868,Amit Sahu,37,Female,Bhubaneswar,Odisha,Salaried,20682.34,774,Salary,500.0,2023-08-20
C103869,Aarav Verma,46,Male,Bengaluru,Karnataka,Student,55060.8,785,Savings,106156.73,2018-02-21
C103870,Vivaan Singh,22,Female,Ahmedabad,Gujarat,Salaried,65052.73,850,Salary,88521.03,2024-06-12
C103871,Isha Reddy,38,Female,Kolkata,West Bengal,Salaried,69145.62,741,Current,48923.67,2023-02-13
C103872,Neha Gupta,25,Male,Ahmedabad,Gujarat,Business,50066.18,726,Current,30388.34,2023-03-20
C103873,Aarav Behera,21,Male,Chandigarh,Chandigarh,Business,60084.18,793,Salary,49197.65,2018-02-03
C103874,Riya Panda,29,Female,Ahmedabad,Gujarat,Student,37017.27,834,Current,54040.18,2025-02-22
C103875,Arjun Sharma,48,Female,Ahmedabad,Gujarat,Salaried,20721.43,665,Savings,26749.17,2017-10-27
C103876,Karan Panda,46,Female,Indore,Madhya Pradesh,Self-Employed,94448.87,692,Current,106186.78,2022-03-07
C103877,Vivaan Panda,38,Female,Bhubaneswar,Odisha,Salaried,29471.65,639,Current,49925.76,2020-09-11
C103878,Arjun Das,21,Other,Kochi,Kerala,Student,50354.28,727,Savings,97531.96,2018-09-08
C103879,Vivaan Mishra,34,Male,Pune,Maharashtra,Business,36427.06,763,Savings,79986.14,2019-09-15
C103880,Aarav Singh,39,Male,Hyderabad,Telangana,Business,131655.45,643,Savings,146933.13,2022-06-24
C103881,Ananya Singh,38,Male,Kochi,Kerala,Salaried,52642.75,779,Savings,69075.28,2024-05-18
C103882,Aarav Behera,18,Male,Lucknow,Uttar Pradesh,Business,46366.73,676,Salary,21721.98,2017-10-26
C103883,Sahil Mehta,27,Male,Chennai,Tamil Nadu,Salaried,82984.96,670,Savings,51000.49,2018-12-31
C103884,Rohan Roul,35,Male,Kolkata,West Bengal,Salaried,180078.7,778,Savings,170034.43,2015-12-07
C103885,Pooja Verma,41,Female,Bhubaneswar,Odisha,Salaried,68749.02,664,Savings,134673.72,2015-02-22
C103886,Nisha Mohanty,18,Female,Pune,Maharashtra,Business,44690.12,614,Premium Savings,50294.61,2016-02-19
C103887,Aditi Verma,34,Male,Bhubaneswar,Odisha,Salaried,80677.51,753,Savings,129588.4,2022-12-30
C103888,Amit Kumar,37,Female,Jaipur,Rajasthan,Student,23158.45,696,Salary,31271.4,2024-01-15
C103889,Nisha Das,44,Female,Guwahati,Assam,Business,56422.57,783,Savings,87418.4,2020-06-11
C103890,Sneha Patel,43,Female,Guwahati,Assam,Salaried,164680.94,759,Savings,118400.72,2017-09-21
C103891,Vivaan Behera,42,Female,Jaipur,Rajasthan,Business,59984.98,591,Savings,55157.75,2021-07-27
C103892,Riya Sahu,28,Male,Delhi,Delhi,Salaried,58358.84,791,Savings,61253.73,2020-07-20
C103893,Vivaan Singh,18,Female,Bhubaneswar,Odisha,Salaried,55627.81,828,Savings,69170.36,2017-06-25
C103894,Pooja Verma,32,Female,Kolkata,West Bengal,Self-Employed,44248.49,772,Current,74254.63,2021-08-18
C103895,Kavya Nayak,46,Male,Delhi,Delhi,Student,65385.67,775,Savings,69338.78,2019-11-12
C103896,Priya Gupta,50,Female,Indore,Madhya Pradesh,Salaried,84245.35,689,Salary,56888.17,2022-06-19
C103897,Sahil Panda,43,Female,Jaipur,Rajasthan,Business,45825.11,674,Savings,54830.75,2017-12-24
C103898,Rahul Patel,40,Female,Indore,Madhya Pradesh,Business,13977.09,719,Current,16606.93,2016-03-01
C103899,Priya Nayak,40,Female,Kochi,Kerala,Salaried,71052.77,765,Savings,99516.46,2023-10-04
C103900,Riya Behera,30,Other,Bhubaneswar,Odisha,Self-Employed,177781.01,763,Salary,89917.15,2024-04-07
C103901,Ankit Nayak,35,Male,Pune,Maharashtra,Business,44718.6,677,Savings,50472.67,2022-12-12
C103902,Priya Mishra,53,Male,Hyderabad,Telangana,Salaried,24488.25,670,Current,35110.06,2020-06-21
C103903,Isha Reddy,27,Male,Bhubaneswar,Odisha,Student,79830.87,608,Salary,76967.53,2021-04-15
C103904,Arjun Dasgupta,52,Female,Bengaluru,Karnataka,Business,143515.2,747,Savings,194050.9,2021-10-20
C103905,Aarav Dasgupta,33,Female,Pune,Maharashtra,Salaried,73588.49,680,Savings,6244.31,2024-05-23
C103906,Arjun Dasgupta,49,Male,Bengaluru,Karnataka,Retired,142012.94,685,Salary,265095.96,2021-05-05
C103907,Aditi Jain,22,Other,Hyderabad,Telangana,Salaried,85102.03,817,Savings,155011.5,2019-03-20
C103908,Ananya Verma,42,Female,Chandigarh,Chandigarh,Student,81133.93,744,Salary,102909.3,2021-10-20
C103909,Isha Roul,29,Female,Pune,Maharashtra,Salaried,41364.9,726,Savings,115958.55,2020-10-26
C103910,Ankit Nayak,22,Male,Bhubaneswar,Odisha,Business,64348.07,759,Savings,98914.25,2024-10-05
C103911,Priya Jain,38,Male,Kolkata,West Bengal,Salaried,54115.69,797,Current,58143.36,2025-05-17
C103912,Sneha Das,46,Female,Bengaluru,Karnataka,Business,53105.4,600,Savings,40150.16,2022-06-27
C103913,Rohan Behera,28,Female,Indore,Madhya Pradesh,Salaried,47832.6,668,Salary,32755.75,2019-04-17
C103914,Ananya Singh,21,Female,Chennai,Tamil Nadu,Salaried,62266.32,690,Savings,27173.17,2015-06-22
C103915,Arjun Rao,35,Female,Lucknow,Uttar Pradesh,Salaried,26959.71,641,Savings,80630.1,2021-09-30
C103916,Aditi Rao,35,Male,Bhubaneswar,Odisha,Student,85951.08,688,Savings,121342.32,2016-03-17
C103917,Vivaan Mehta,41,Female,Guwahati,Assam,Salaried,33939.29,604,Salary,71573.05,2021-08-15
C103918,Neha Jain,45,Male,Guwahati,Assam,Business,47927.24,765,Salary,59078.41,2024-05-26
C103919,Aarav Mishra,35,Male,Hyderabad,Telangana,Business,65966.11,671,Current,107303.85,2023-11-25
C103920,Neha Kumar,55,Male,Ahmedabad,Gujarat,Student,33027.24,718,Savings,44234.0,2022-03-17
C103921,Neha Singh,38,Male,Delhi,Delhi,Salaried,18648.74,708,Current,53702.89,2025-09-12
C103922,Ankit Dasgupta,33,Male,Jaipur,Rajasthan,Student,44552.02,741,Salary,54688.77,2016-02-08
C103923,Neha Sharma,20,Female,Pune,Maharashtra,Salaried,25033.87,545,Savings,47305.43,2021-06-15
C103924,Pooja Sharma,33,Female,Jaipur,Rajasthan,Business,81377.94,734,Savings,125638.84,2016-01-24
C103925,Ankit Mohanty,33,Male,Guwahati,Assam,Business,29163.16,687,Current,13936.1,2016-04-26
C103926,Rahul Sahu,46,Female,Bhubaneswar,Odisha,Salaried,124482.95,731,Salary,106211.72,2025-11-03
C103927,Sneha Sharma,41,Male,Pune,Maharashtra,Salaried,54825.04,628,Current,44552.63,2023-07-27
C103928,Rahul Roul,24,Male,Chandigarh,Chandigarh,Self-Employed,56819.47,732,Savings,85577.29,2017-09-04
C103929,Ananya Reddy,38,Female,Bhubaneswar,Odisha,Salaried,18503.98,789,Savings,22800.05,2019-01-17
C103930,Ananya Bose,43,Female,Pune,Maharashtra,Student,59561.4,717,Savings,71858.88,2021-07-04
C103931,Ananya Sharma,51,Female,Chandigarh,Chandigarh,Salaried,52627.26,658,Premium Savings,105987.69,2022-07-18
C103932,Aditya Verma,45,Male,Bhubaneswar,Odisha,Student,26919.05,661,Salary,70715.02,2022-12-15
C103933,Karan Sharma,44,Female,Bhubaneswar,Odisha,Salaried,57704.25,742,Salary,62066.96,2025-02-18
C103934,Aditya Mohanty,37,Female,Jaipur,Rajasthan,Retired,44188.98,742,Savings,56395.1,2021-10-09
C103935,Amit Reddy,40,Female,Bhubaneswar,Odisha,Business,48818.04,728,Current,112549.94,2019-09-24
C103936,Neha Rao,48,Male,Delhi,Delhi,Business,55788.52,703,Savings,24594.04,2024-02-22
C103937,Arjun Mehta,23,Female,Delhi,Delhi,Salaried,42437.54,718,Current,65032.55,2019-06-01
C103938,Neha Patel,33,Female,Mumbai,Maharashtra,Self-Employed,62984.23,701,Salary,46960.05,2023-01-21
C103939,Ananya Bose,28,Other,Jaipur,Rajasthan,Salaried,52443.04,680,Savings,72352.5,2023-05-07
C103940,Pooja Panda,40,Male,Hyderabad,Telangana,Salaried,71332.77,754,Savings,64825.04,2015-06-13
C103941,Vivaan Verma,48,Female,Delhi,Delhi,Self-Employed,41122.78,725,Savings,70824.37,2018-11-23
C103942,Rahul Das,30,Male,Pune,Maharashtra,Business,30619.2,789,Savings,68474.65,2022-04-04
C103943,Sahil Nayak,18,Female,Lucknow,Uttar Pradesh,Salaried,37242.68,778,Salary,10970.91,2023-11-03
C103944,Aditya Roul,32,Male,Mumbai,Maharashtra,Self-Employed,121606.98,723,Savings,159319.64,2019-12-09
C103945,Amit Panda,45,Male,Hyderabad,Telangana,Self-Employed,93047.93,744,Current,58701.56,2024-07-22
C103946,Priya Nayak,41,Female,Guwahati,Assam,Salaried,107199.51,643,Salary,205843.46,2020-03-02
C103947,Pooja Panda,40,Male,Lucknow,Uttar Pradesh,Self-Employed,111366.42,700,Salary,78909.04,2021-06-06
C103948,Sahil Patel,33,Male,Bhubaneswar,Odisha,Business,42557.59,727,Salary,56955.32,2024-09-06
C103949,Sneha Gupta,23,Male,Bhubaneswar,Odisha,Salaried,64717.38,602,Current,47483.13,2020-11-11
C103950,Ananya Roul,41,Male,Hyderabad,Telangana,Business,57342.65,733,Savings,128991.27,2015-06-02
C103951,Arjun Mehta,28,Female,Delhi,Delhi,Self-Employed,79049.91,643,Savings,12821.84,2025-07-18
C103952,Pooja Panda,58,Female,Guwahati,Assam,Business,46912.8,650,Savings,10337.22,2019-06-22
C103953,Vivaan Mehta,42,Female,Bengaluru,Karnataka,Salaried,57885.62,671,Savings,107252.6,2024-02-13
C103954,Pooja Kumar,30,Male,Bengaluru,Karnataka,Business,57230.24,703,Salary,107727.94,2024-01-12
C103955,Nisha Reddy,30,Female,Ahmedabad,Gujarat,Salaried,73705.51,619,Savings,125843.34,2022-01-16
C103956,Isha Panda,35,Male,Delhi,Delhi,Salaried,78883.94,761,Salary,44331.0,2023-05-08
C103957,Riya Jain,34,Female,Jaipur,Rajasthan,Salaried,57907.81,717,Salary,37009.81,2023-09-21
C103958,Neha Nayak,47,Male,Bengaluru,Karnataka,Student,58881.57,830,Salary,115715.68,2019-11-04
C103959,Sneha Panda,38,Female,Ahmedabad,Gujarat,Business,62276.06,725,Salary,44048.59,2022-07-03
C103960,Karan Sahu,29,Female,Bengaluru,Karnataka,Salaried,136038.3,742,Savings,208676.58,2025-03-08
C103961,Priya Jain,55,Male,Hyderabad,Telangana,Salaried,21238.9,649,Salary,31732.92,2015-04-16
C103962,Arjun Dasgupta,36,Male,Delhi,Delhi,Salaried,32265.85,628,Savings,58187.15,2017-06-03
C103963,Amit Roul,44,Female,Indore,Madhya Pradesh,Salaried,79667.12,745,Premium Savings,83608.41,2021-05-11
C103964,Priya Behera,30,Male,Ahmedabad,Gujarat,Self-Employed,63797.54,634,Salary,81299.54,2017-01-10
C103965,Kavya Gupta,40,Male,Ahmedabad,Gujarat,Business,63551.17,747,Savings,91647.01,2015-04-09
C103966,Riya Mohanty,39,Male,Bengaluru,Karnataka,Retired,79396.61,816,Premium Savings,103383.12,2022-01-26
C103967,Sneha Dasgupta,18,Female,Lucknow,Uttar Pradesh,Retired,61869.62,766,Savings,89206.05,2025-08-10
C103968,Aarav Verma,56,Female,Jaipur,Rajasthan,Self-Employed,40436.3,742,Savings,31467.54,2018-09-09
C103969,Pooja Patel,49,Male,Chennai,Tamil Nadu,Salaried,77725.1,723,Current,128655.52,2016-02-09
C103970,Rohan Mishra,32,Male,Mumbai,Maharashtra,Salaried,55635.48,680,Salary,74747.39,2018-04-12
C103971,Kavya Rao,25,Female,Kolkata,West Bengal,Self-Employed,42998.52,698,Premium Savings,41641.52,2025-04-29
C103972,Aditya Dasgupta,39,Female,Indore,Madhya Pradesh,Self-Employed,80401.4,668,Current,125737.39,2019-08-16
C103973,Sahil Mishra,37,Male,Chandigarh,Chandigarh,Self-Employed,78681.01,619,Savings,65022.67,2023-12-29
C103974,Aarav Kumar,40,Female,Delhi,Delhi,Retired,61895.95,707,Savings,127287.58,2015-04-27
C103975,Nisha Das,38,Male,Guwahati,Assam,Student,141422.06,777,Savings,245534.95,2023-03-06
C103976,Rohan Sharma,41,Male,Jaipur,Rajasthan,Salaried,114101.44,621,Savings,106660.62,2020-02-14
C103977,Aditi Verma,50,Female,Kochi,Kerala,Salaried,95426.34,796,Current,153688.42,2024-07-11
C103978,Neha Rao,42,Female,Guwahati,Assam,Business,225615.96,784,Current,145606.75,2024-12-28
C103979,Amit Roul,26,Male,Delhi,Delhi,Business,50743.24,731,Salary,34915.88,2017-11-04
C103980,Karan Singh,50,Male,Jaipur,Rajasthan,Salaried,42593.13,731,Savings,46154.43,2019-01-08
C103981,Aditi Rao,52,Male,Hyderabad,Telangana,Business,88281.7,693,Savings,143688.43,2024-03-06
C103982,Karan Singh,68,Male,Lucknow,Uttar Pradesh,Business,47864.99,708,Savings,51097.78,2022-08-29
C103983,Karan Panda,25,Male,Pune,Maharashtra,Salaried,55362.0,675,Current,61911.55,2018-11-10
C103984,Sneha Nayak,38,Male,Kolkata,West Bengal,Salaried,31978.93,707,Savings,18911.41,2018-12-14
C103985,Sahil Patel,18,Female,Ahmedabad,Gujarat,Student,76783.97,714,Savings,62403.74,2025-12-01
C103986,Rohan Dasgupta,42,Female,Hyderabad,Telangana,Business,24490.35,827,Savings,28393.57,2025-10-30
C103987,Rahul Mehta,31,Female,Pune,Maharashtra,Salaried,52158.76,742,Salary,29059.17,2017-10-15
C103988,Amit Das,55,Female,Mumbai,Maharashtra,Business,54537.44,691,Savings,128953.19,2018-02-07
C103989,Sneha Mohanty,28,Male,Hyderabad,Telangana,Business,43272.26,699,Savings,16821.67,2020-01-01
C103990,Sneha Behera,19,Male,Guwahati,Assam,Student,20923.34,659,Current,25071.87,2023-10-16
C103991,Nisha Das,31,Male,Bhubaneswar,Odisha,Salaried,20838.16,669,Current,31759.99,2015-07-15
C103992,Sahil Das,18,Female,Kolkata,West Bengal,Retired,36486.36,764,Savings,64574.88,2018-08-22
C103993,Pooja Rao,44,Male,Delhi,Delhi,Salaried,73981.19,673,Savings,79372.09,2020-02-20
C103994,Amit Behera,18,Female,Mumbai,Maharashtra,Self-Employed,64472.7,665,Savings,62306.58,2022-11-03
C103995,Rohan Mishra,36,Female,Bhubaneswar,Odisha,Self-Employed,54505.07,666,Savings,60443.93,2022-02-13
C103996,Riya Mehta,18,Male,Jaipur,Rajasthan,Salaried,33811.79,658,Savings,14314.77,2017-12-13
C103997,Rahul Patel,33,Male,Bengaluru,Karnataka,Salaried,66350.81,778,Savings,32226.61,2023-08-15
C103998,Rahul Mishra,52,Female,Kochi,Kerala,Student,20447.63,714,Savings,26956.81,2023-11-25
C103999,Rohan Sharma,40,Female,Bhubaneswar,Odisha,Self-Employed,14720.35,687,Salary,35786.17,2016-10-19
C104000,Nisha Kumar,27,Female,Mumbai,Maharashtra,Self-Employed,48117.4,707,Savings,22068.7,2017-05-07
C104001,Sahil Sharma,36,Male,Bhubaneswar,Odisha,Salaried,40731.63,719,Savings,40748.38,2021-04-06
C104002,Aditya Sahu,36,Female,Mumbai,Maharashtra,Salaried,96022.01,656,Savings,124483.2,2023-08-24
C104003,Aditi Roul,41,Male,Jaipur,Rajasthan,Salaried,59992.78,615,Premium Savings,100966.92,2024-09-06
C104004,Amit Das,22,Other,Guwahati,Assam,Retired,136351.7,792,Current,173340.24,2021-02-19
C104005,Isha Gupta,42,Female,Chandigarh,Chandigarh,Business,40683.19,769,Current,44256.79,2022-04-09
C104006,Ankit Singh,18,Female,Kochi,Kerala,Retired,71884.3,730,Salary,37783.78,2018-08-11
C104007,Karan Nayak,30,Male,Jaipur,Rajasthan,Salaried,47874.39,765,Savings,49347.08,2023-04-22
C104008,Kavya Reddy,31,Female,Bhubaneswar,Odisha,Business,117598.82,829,Premium Savings,76942.28,2019-07-02
C104009,Aditi Panda,42,Male,Pune,Maharashtra,Salaried,49161.24,670,Savings,80721.84,2023-06-13
C104010,Isha Singh,36,Male,Bengaluru,Karnataka,Business,87992.97,632,Savings,106093.31,2018-11-28
C104011,Aditi Sharma,22,Male,Bhubaneswar,Odisha,Salaried,30406.09,748,Savings,30890.24,2023-10-04
C104012,Kavya Mehta,26,Female,Hyderabad,Telangana,Salaried,43770.77,610,Salary,77166.67,2024-02-23
C104013,Priya Reddy,38,Female,Guwahati,Assam,Self-Employed,52515.55,707,Savings,51173.47,2016-12-05
C104014,Priya Gupta,35,Male,Kochi,Kerala,Salaried,110190.74,686,Current,92487.24,2024-06-21
C104015,Priya Singh,30,Female,Pune,Maharashtra,Self-Employed,16426.25,749,Savings,9801.82,2020-08-09
C104016,Sneha Patel,31,Male,Ahmedabad,Gujarat,Self-Employed,45804.34,674,Savings,81091.51,2024-08-09
C104017,Pooja Mehta,43,Male,Kochi,Kerala,Business,44959.82,783,Savings,74600.67,2015-12-31
C104018,Neha Panda,31,Male,Kochi,Kerala,Retired,17549.01,656,Salary,500.0,2018-09-29
C104019,Aditi Behera,35,Female,Lucknow,Uttar Pradesh,Salaried,42611.05,751,Savings,23994.04,2018-12-11
C104020,Aditya Roul,58,Female,Mumbai,Maharashtra,Salaried,23569.8,662,Current,8488.74,2021-11-29
C104021,Riya Mishra,22,Male,Delhi,Delhi,Business,15263.56,741,Salary,56547.64,2021-01-13
C104022,Arjun Sharma,18,Female,Bhubaneswar,Odisha,Self-Employed,47610.87,639,Salary,51451.37,2023-04-19
C104023,Aarav Jain,44,Male,Hyderabad,Telangana,Salaried,46733.13,703,Salary,66231.27,2024-01-11
C104024,Ankit Mishra,29,Female,Guwahati,Assam,Student,48067.62,791,Premium Savings,69567.6,2024-05-18
C104025,Karan Singh,33,Male,Chennai,Tamil Nadu,Salaried,63206.38,712,Savings,84079.47,2025-10-31
C104026,Rohan Sahu,28,Female,Chandigarh,Chandigarh,Salaried,33908.47,782,Savings,73309.37,2017-07-21
C104027,Rahul Singh,33,Female,Kolkata,West Bengal,Salaried,147275.35,703,Savings,135797.7,2018-07-20
C104028,Kavya Mohanty,52,Female,Delhi,Delhi,Salaried,54002.02,672,Current,32581.81,2024-04-17
C104029,Pooja Mohanty,44,Male,Lucknow,Uttar Pradesh,Salaried,111594.3,716,Savings,98156.81,2018-06-06
C104030,Karan Roul,45,Female,Kochi,Kerala,Salaried,21832.26,745,Salary,38531.62,2016-02-19
C104031,Aditya Sahu,22,Male,Ahmedabad,Gujarat,Salaried,34755.64,581,Savings,25589.9,2025-04-02
C104032,Isha Patel,24,Female,Mumbai,Maharashtra,Salaried,80222.68,739,Savings,65273.29,2023-02-05
C104033,Sneha Jain,18,Male,Bengaluru,Karnataka,Salaried,48556.25,644,Salary,77699.54,2016-01-06
C104034,Ankit Rao,28,Male,Jaipur,Rajasthan,Self-Employed,30480.42,628,Salary,50462.04,2022-03-04
C104035,Aarav Mohanty,46,Female,Lucknow,Uttar Pradesh,Salaried,20007.09,740,Salary,23808.19,2019-07-22
C104036,Aarav Roul,41,Female,Chennai,Tamil Nadu,Salaried,82318.45,792,Savings,84003.96,2018-07-05
C104037,Riya Verma,34,Male,Pune,Maharashtra,Salaried,78705.61,719,Premium Savings,82056.29,2021-12-21
C104038,Vivaan Mishra,36,Female,Delhi,Delhi,Salaried,62875.69,617,Current,43531.12,2020-07-29
C104039,Sneha Patel,29,Female,Jaipur,Rajasthan,Salaried,41870.64,661,Salary,15017.3,2022-03-04
C104040,Priya Behera,38,Female,Hyderabad,Telangana,Salaried,29818.64,678,Savings,50200.61,2017-02-01
C104041,Priya Das,44,Male,Guwahati,Assam,Business,53420.43,718,Current,56341.83,2023-06-26
C104042,Aditi Bose,20,Female,Kolkata,West Bengal,Self-Employed,26679.83,700,Savings,17181.61,2019-04-17
C104043,Ankit Singh,39,Male,Pune,Maharashtra,Student,36377.92,737,Premium Savings,60111.02,2017-04-08
C104044,Ankit Reddy,45,Male,Chennai,Tamil Nadu,Self-Employed,110059.49,770,Savings,75092.8,2017-12-20
C104045,Vivaan Rao,32,Female,Lucknow,Uttar Pradesh,Salaried,19873.23,727,Salary,40796.4,2024-08-07
C104046,Ankit Patel,43,Female,Kochi,Kerala,Salaried,79835.92,763,Current,139254.17,2022-12-07
C104047,Rahul Rao,64,Female,Kolkata,West Bengal,Business,125103.45,687,Savings,15912.75,2020-06-11
C104048,Sahil Sharma,35,Male,Kochi,Kerala,Salaried,86166.03,850,Current,114578.23,2018-12-07
C104049,Neha Rao,40,Male,Bhubaneswar,Odisha,Self-Employed,68466.89,741,Current,98630.75,2018-10-12
C104050,Ananya Bose,29,Male,Pune,Maharashtra,Salaried,42621.9,749,Salary,70625.81,2024-01-14
C104051,Rohan Sahu,38,Male,Ahmedabad,Gujarat,Self-Employed,38555.35,819,Savings,58141.63,2019-11-29
C104052,Pooja Sahu,41,Male,Hyderabad,Telangana,Student,15972.38,711,Salary,12562.86,2025-01-17
C104053,Rahul Verma,38,Male,Chennai,Tamil Nadu,Retired,56130.92,663,Current,29942.23,2019-01-20
C104054,Nisha Sharma,26,Female,Pune,Maharashtra,Salaried,44084.18,790,Savings,82581.63,2023-06-19
C104055,Neha Das,38,Female,Lucknow,Uttar Pradesh,Salaried,37465.27,794,Salary,75223.96,2016-10-14
C104056,Aarav Patel,51,Female,Kochi,Kerala,Business,54395.89,715,Salary,52710.16,2025-10-04
C104057,Amit Jain,40,Female,Guwahati,Assam,Self-Employed,56919.41,819,Current,68136.37,2016-11-21
C104058,Karan Bose,46,Male,Jaipur,Rajasthan,Salaried,38775.04,700,Savings,54766.85,2018-08-15
C104059,Ananya Jain,34,Male,Kochi,Kerala,Business,133556.9,766,Current,109995.47,2015-03-07
C104060,Sahil Sahu,43,Female,Kolkata,West Bengal,Self-Employed,82200.77,804,Savings,73011.25,2016-04-01
C104061,Aditya Nayak,39,Female,Lucknow,Uttar Pradesh,Retired,90042.92,711,Current,154531.71,2017-02-16
C104062,Nisha Mohanty,26,Female,Delhi,Delhi,Self-Employed,51962.21,735,Savings,85975.88,2021-07-11
C104063,Sahil Mehta,39,Male,Hyderabad,Telangana,Salaried,72858.04,772,Savings,122669.09,2018-06-25
C104064,Aditi Rao,26,Male,Kolkata,West Bengal,Self-Employed,33605.7,681,Savings,33134.81,2025-03-11
C104065,Nisha Roul,30,Female,Pune,Maharashtra,Business,79342.62,652,Savings,81087.3,2020-09-04
C104066,Arjun Bose,38,Female,Ahmedabad,Gujarat,Self-Employed,49151.72,792,Savings,35675.55,2022-11-08
C104067,Karan Panda,39,Female,Lucknow,Uttar Pradesh,Self-Employed,31350.88,725,Savings,29226.19,2022-03-15
C104068,Nisha Rao,24,Male,Lucknow,Uttar Pradesh,Retired,54315.6,672,Salary,101527.76,2021-04-14
C104069,Nisha Dasgupta,47,Female,Delhi,Delhi,Self-Employed,46838.4,711,Salary,62124.97,2018-04-28
C104070,Sahil Behera,42,Female,Indore,Madhya Pradesh,Salaried,197358.39,738,Salary,217349.74,2023-06-27
C104071,Aditya Gupta,29,Female,Bengaluru,Karnataka,Business,69881.44,603,Savings,29356.53,2021-04-12
C104072,Aditi Bose,21,Female,Mumbai,Maharashtra,Self-Employed,131128.5,752,Savings,165978.87,2021-01-13
C104073,Neha Patel,35,Female,Delhi,Delhi,Salaried,102467.03,732,Savings,137654.27,2016-12-29
C104074,Nisha Behera,32,Female,Chandigarh,Chandigarh,Salaried,56154.82,813,Salary,120656.97,2019-06-19
C104075,Priya Mehta,37,Female,Kolkata,West Bengal,Business,43089.86,691,Current,37353.37,2021-12-08
C104076,Aarav Nayak,32,Male,Bengaluru,Karnataka,Self-Employed,21119.75,795,Current,25416.18,2022-10-20
C104077,Aditi Roul,18,Female,Hyderabad,Telangana,Business,34066.49,702,Savings,15611.96,2015-11-08
C104078,Rahul Sahu,32,Female,Mumbai,Maharashtra,Salaried,79189.81,714,Savings,116388.51,2017-03-24
C104079,Neha Nayak,33,Male,Bengaluru,Karnataka,Retired,46579.54,723,Salary,91813.6,2016-01-18
C104080,Karan Singh,42,Female,Pune,Maharashtra,Salaried,67628.83,841,Savings,90776.8,2016-01-06
C104081,Rahul Mishra,29,Male,Indore,Madhya Pradesh,Salaried,18005.58,624,Savings,33406.4,2022-12-24
C104082,Nisha Gupta,53,Female,Jaipur,Rajasthan,Salaried,70581.38,737,Savings,31681.33,2021-09-15
C104083,Sneha Kumar,18,Female,Bhubaneswar,Odisha,Self-Employed,100524.15,708,Current,53149.02,2025-04-04
C104084,Rahul Kumar,49,Male,Lucknow,Uttar Pradesh,Salaried,20711.02,703,Premium Savings,3000.2,2024-10-31
C104085,Rohan Dasgupta,34,Male,Ahmedabad,Gujarat,Salaried,67470.69,743,Savings,123201.8,2022-06-09
C104086,Nisha Dasgupta,45,Female,Indore,Madhya Pradesh,Business,115154.79,777,Savings,64833.05,2019-07-16
C104087,Aditya Kumar,37,Female,Guwahati,Assam,Salaried,138570.72,740,Current,224788.65,2024-07-22
C104088,Priya Behera,47,Male,Jaipur,Rajasthan,Self-Employed,41696.15,785,Salary,73387.65,2017-12-14
C104089,Ankit Dasgupta,32,Female,Kolkata,West Bengal,Business,84461.42,689,Current,128780.31,2016-08-20
C104090,Priya Mishra,25,Female,Hyderabad,Telangana,Business,120749.43,702,Salary,203077.72,2023-01-11
C104091,Sahil Sharma,50,Male,Jaipur,Rajasthan,Salaried,68586.31,640,Current,132517.24,2018-10-25
C104092,Aarav Reddy,35,Male,Guwahati,Assam,Self-Employed,111511.29,834,Savings,127517.95,2020-12-22
C104093,Rohan Mohanty,38,Female,Chennai,Tamil Nadu,Salaried,53925.81,693,Current,85506.66,2018-12-20
C104094,Neha Das,48,Male,Bengaluru,Karnataka,Student,68320.23,686,Salary,91198.2,2019-06-14
C104095,Rahul Roul,26,Female,Ahmedabad,Gujarat,Student,39073.64,744,Current,3167.64,2016-06-28
C104096,Nisha Bose,42,Female,Bhubaneswar,Odisha,Salaried,50239.58,777,Current,68131.39,2025-05-01
C104097,Ankit Rao,30,Male,Hyderabad,Telangana,Salaried,69816.97,660,Savings,116452.35,2019-04-27
C104098,Ankit Das,35,Female,Delhi,Delhi,Salaried,37494.44,782,Current,29933.32,2016-02-29
C104099,Rohan Mehta,37,Male,Bengaluru,Karnataka,Salaried,48635.84,685,Current,57688.24,2024-06-23
C104100,Sneha Mohanty,21,Female,Hyderabad,Telangana,Self-Employed,83580.79,798,Salary,74567.69,2025-09-21
C104101,Isha Rao,28,Female,Bengaluru,Karnataka,Self-Employed,170075.05,670,Current,99753.88,2023-04-04
C104102,Aditya Bose,50,Female,Delhi,Delhi,Salaried,17816.8,753,Savings,39827.91,2024-02-19
C104103,Isha Bose,45,Female,Indore,Madhya Pradesh,Business,163114.16,708,Current,295461.83,2024-10-29
C104104,Rahul Singh,35,Female,Kochi,Kerala,Student,47674.84,632,Savings,53960.57,2024-12-13
C104105,Karan Mohanty,38,Female,Pune,Maharashtra,Self-Employed,93506.23,613,Savings,80913.83,2023-12-15
C104106,Isha Dasgupta,33,Female,Pune,Maharashtra,Salaried,104160.62,657,Salary,72820.51,2018-04-18
C104107,Kavya Patel,50,Male,Ahmedabad,Gujarat,Self-Employed,130035.36,770,Savings,225475.47,2021-11-17
C104108,Priya Dasgupta,34,Female,Bhubaneswar,Odisha,Self-Employed,36853.63,579,Current,62072.02,2021-05-24
C104109,Ankit Reddy,38,Female,Kochi,Kerala,Student,48590.79,727,Premium Savings,63286.19,2025-11-20
C104110,Sneha Bose,47,Male,Mumbai,Maharashtra,Salaried,53402.38,721,Savings,82727.84,2015-12-03
C104111,Vivaan Jain,28,Male,Mumbai,Maharashtra,Salaried,45184.07,596,Savings,86394.84,2018-08-19
C104112,Aditya Roul,52,Male,Chennai,Tamil Nadu,Self-Employed,113596.39,653,Salary,152491.17,2017-07-09
C104113,Sahil Panda,21,Male,Guwahati,Assam,Self-Employed,52724.38,653,Savings,56958.0,2019-12-18
C104114,Ananya Jain,52,Male,Chandigarh,Chandigarh,Business,22581.52,708,Salary,57354.65,2024-04-06
C104115,Ankit Mohanty,32,Male,Pune,Maharashtra,Salaried,38829.32,800,Savings,26093.82,2015-06-17
C104116,Nisha Behera,34,Male,Indore,Madhya Pradesh,Self-Employed,23085.7,775,Salary,37874.49,2017-10-04
C104117,Riya Gupta,18,Female,Chennai,Tamil Nadu,Salaried,48508.88,682,Savings,69176.87,2021-02-22
C104118,Sneha Sharma,31,Male,Jaipur,Rajasthan,Salaried,79617.63,651,Premium Savings,121160.79,2016-09-26
C104119,Priya Bose,26,Female,Delhi,Delhi,Business,38373.65,604,Salary,60611.35,2022-06-27
C104120,Neha Mohanty,30,Female,Chandigarh,Chandigarh,Salaried,44064.97,680,Current,16207.01,2018-01-26
C104121,Aditi Gupta,35,Female,Ahmedabad,Gujarat,Salaried,47285.91,647,Salary,43913.51,2015-04-18
C104122,Nisha Jain,46,Female,Hyderabad,Telangana,Business,59426.58,703,Savings,71130.21,2020-07-18
C104123,Karan Dasgupta,38,Male,Kolkata,West Bengal,Self-Employed,73052.53,705,Savings,35873.34,2017-07-08
C104124,Amit Sharma,39,Female,Mumbai,Maharashtra,Salaried,85740.36,674,Savings,74720.28,2024-05-05
C104125,Aditi Mohanty,25,Female,Mumbai,Maharashtra,Self-Employed,190160.32,675,Current,191715.63,2022-10-18
C104126,Rahul Roul,27,Male,Chennai,Tamil Nadu,Salaried,58865.55,660,Salary,26499.66,2017-06-15
C104127,Sneha Kumar,54,Male,Indore,Madhya Pradesh,Salaried,82435.76,672,Current,79939.69,2017-10-01
C104128,Vivaan Dasgupta,29,Male,Guwahati,Assam,Salaried,22969.72,798,Current,16259.56,2024-10-24
C104129,Vivaan Panda,53,Male,Indore,Madhya Pradesh,Salaried,44646.8,739,Current,47549.72,2017-07-14
C104130,Rahul Sahu,34,Male,Chandigarh,Chandigarh,Retired,47399.13,740,Salary,34338.24,2019-12-09
C104131,Aditya Jain,36,Female,Guwahati,Assam,Salaried,31431.48,771,Salary,21420.14,2022-04-07
C104132,Sneha Singh,47,Female,Ahmedabad,Gujarat,Business,40957.59,765,Premium Savings,26739.95,2024-02-07
C104133,Aarav Kumar,49,Female,Lucknow,Uttar Pradesh,Business,51842.83,798,Savings,38347.63,2017-06-03
C104134,Neha Mehta,35,Female,Indore,Madhya Pradesh,Retired,41669.45,743,Savings,35351.36,2016-08-18
C104135,Ananya Mehta,32,Female,Ahmedabad,Gujarat,Salaried,230060.42,718,Premium Savings,115816.86,2015-02-20
C104136,Pooja Bose,35,Female,Kochi,Kerala,Student,72899.71,667,Salary,76457.05,2018-04-30
C104137,Neha Gupta,39,Female,Kochi,Kerala,Retired,165322.1,651,Savings,116113.05,2017-09-25
C104138,Priya Rao,45,Male,Indore,Madhya Pradesh,Salaried,124997.2,762,Premium Savings,199510.68,2025-10-25
C104139,Isha Jain,36,Female,Kolkata,West Bengal,Salaried,38696.45,698,Salary,64125.44,2015-03-27
C104140,Priya Mehta,42,Female,Kolkata,West Bengal,Salaried,56148.02,617,Savings,44000.44,2024-08-13
C104141,Ananya Rao,52,Male,Ahmedabad,Gujarat,Self-Employed,43301.17,569,Salary,54996.33,2021-11-12
C104142,Ananya Kumar,40,Female,Bengaluru,Karnataka,Self-Employed,50316.38,845,Salary,37125.8,2020-06-02
C104143,Rohan Gupta,39,Female,Mumbai,Maharashtra,Salaried,32146.21,641,Savings,37549.96,2024-05-25
C104144,Kavya Sahu,21,Female,Mumbai,Maharashtra,Business,43141.64,660,Current,57943.06,2019-12-03
C104145,Sahil Sharma,18,Male,Jaipur,Rajasthan,Salaried,67025.19,785,Premium Savings,25573.2,2019-08-25
C104146,Aarav Patel,40,Female,Indore,Madhya Pradesh,Business,66059.13,626,Current,82642.08,2021-03-28
C104147,Sneha Bose,35,Male,Lucknow,Uttar Pradesh,Salaried,63225.34,740,Salary,93392.8,2021-03-07
C104148,Pooja Mehta,31,Male,Hyderabad,Telangana,Self-Employed,53224.14,823,Savings,60821.86,2021-05-15
C104149,Isha Sahu,38,Male,Chennai,Tamil Nadu,Salaried,88300.12,842,Salary,35862.55,2017-02-26
C104150,Isha Singh,35,Female,Indore,Madhya Pradesh,Salaried,47749.07,676,Savings,62211.5,2019-08-16
C104151,Ankit Patel,47,Female,Bhubaneswar,Odisha,Business,118236.51,704,Savings,140592.49,2017-02-01
C104152,Ananya Reddy,37,Male,Bengaluru,Karnataka,Salaried,19908.65,679,Current,27832.55,2024-07-05
C104153,Neha Jain,29,Female,Guwahati,Assam,Self-Employed,78931.41,704,Salary,96507.34,2020-10-25
C104154,Ananya Gupta,46,Male,Hyderabad,Telangana,Student,71947.54,789,Current,80944.42,2021-07-07
C104155,Priya Kumar,34,Male,Mumbai,Maharashtra,Salaried,37951.98,614,Premium Savings,30722.16,2019-06-25
C104156,Rahul Das,41,Female,Lucknow,Uttar Pradesh,Business,45238.85,747,Salary,84150.64,2022-01-13
C104157,Sahil Nayak,31,Male,Guwahati,Assam,Salaried,71020.47,692,Savings,42705.85,2021-06-15
C104158,Sahil Reddy,30,Female,Mumbai,Maharashtra,Salaried,91021.67,794,Premium Savings,97822.51,2024-12-18
C104159,Isha Panda,37,Male,Chandigarh,Chandigarh,Salaried,21012.73,791,Savings,42957.6,2025-02-12
C104160,Aditi Rao,36,Male,Bhubaneswar,Odisha,Retired,77701.03,679,Salary,132912.08,2025-12-24
C104161,Ankit Sharma,41,Female,Pune,Maharashtra,Salaried,42760.94,698,Savings,71638.33,2019-05-05
C104162,Rahul Roul,33,Female,Chandigarh,Chandigarh,Student,102129.6,763,Premium Savings,104922.7,2023-05-17
C104163,Karan Bose,18,Male,Chennai,Tamil Nadu,Retired,19999.99,769,Savings,64827.72,2017-12-07
C104164,Neha Dasgupta,32,Female,Indore,Madhya Pradesh,Salaried,211082.2,544,Savings,234818.35,2022-12-04
C104165,Neha Sharma,44,Female,Lucknow,Uttar Pradesh,Self-Employed,33782.95,763,Savings,57797.06,2023-12-08
C104166,Isha Mishra,33,Female,Chandigarh,Chandigarh,Business,120760.81,812,Savings,155864.95,2019-01-30
C104167,Priya Rao,34,Male,Bhubaneswar,Odisha,Salaried,52946.48,722,Savings,37278.77,2024-01-04
C104168,Vivaan Reddy,46,Female,Delhi,Delhi,Salaried,35060.2,767,Savings,500.0,2023-12-28
C104169,Pooja Sharma,29,Female,Kochi,Kerala,Salaried,63633.87,788,Salary,52721.77,2017-12-15
C104170,Amit Sahu,21,Male,Chandigarh,Chandigarh,Business,96868.29,719,Premium Savings,91936.85,2019-11-02
C104171,Karan Patel,34,Female,Hyderabad,Telangana,Business,23414.27,758,Salary,46224.06,2019-02-25
C104172,Aditi Nayak,31,Female,Hyderabad,Telangana,Salaried,80899.45,706,Savings,111045.59,2019-02-02
C104173,Sahil Singh,26,Female,Hyderabad,Telangana,Salaried,54632.83,702,Savings,55575.25,2025-02-03
C104174,Karan Bose,34,Female,Jaipur,Rajasthan,Student,75543.41,662,Savings,77519.81,2025-05-18
C104175,Neha Patel,41,Female,Delhi,Delhi,Salaried,55333.01,716,Savings,40410.85,2025-07-04
C104176,Rohan Patel,36,Female,Mumbai,Maharashtra,Business,40157.34,828,Current,28461.23,2017-08-19
C104177,Priya Patel,39,Female,Chandigarh,Chandigarh,Salaried,29818.09,646,Salary,30207.09,2018-08-04
C104178,Riya Behera,54,Female,Lucknow,Uttar Pradesh,Business,79621.81,745,Current,101892.1,2021-01-22
C104179,Riya Mishra,33,Female,Jaipur,Rajasthan,Student,79386.85,726,Premium Savings,76875.33,2019-01-02
C104180,Aarav Behera,39,Male,Jaipur,Rajasthan,Salaried,79168.85,801,Savings,117375.0,2015-11-12
C104181,Sahil Reddy,31,Male,Kochi,Kerala,Salaried,69582.37,813,Current,78649.21,2025-09-29
C104182,Karan Gupta,28,Female,Ahmedabad,Gujarat,Self-Employed,92473.08,645,Savings,135042.04,2022-10-10
C104183,Nisha Sharma,30,Male,Bengaluru,Karnataka,Salaried,119184.33,668,Savings,167050.61,2016-07-04
C104184,Nisha Sahu,31,Female,Bhubaneswar,Odisha,Salaried,19595.57,671,Current,26916.6,2018-08-10
C104185,Aditya Behera,40,Female,Jaipur,Rajasthan,Business,15170.38,674,Current,25007.58,2024-08-23
C104186,Kavya Behera,59,Female,Bhubaneswar,Odisha,Salaried,141486.49,679,Savings,84768.58,2024-04-12
C104187,Kavya Panda,29,Other,Indore,Madhya Pradesh,Salaried,26304.96,728,Savings,42944.4,2022-11-17
C104188,Kavya Singh,32,Female,Chandigarh,Chandigarh,Business,30262.2,650,Savings,28029.44,2017-10-08
C104189,Sahil Mehta,35,Male,Chandigarh,Chandigarh,Self-Employed,46952.92,659,Savings,84067.92,2023-12-03
C104190,Rahul Dasgupta,40,Female,Bhubaneswar,Odisha,Salaried,22145.82,654,Current,54248.39,2021-01-13
C104191,Sahil Kumar,39,Male,Indore,Madhya Pradesh,Business,44587.81,737,Savings,65084.16,2021-06-29
C104192,Karan Verma,49,Male,Chandigarh,Chandigarh,Business,32650.99,701,Savings,500.0,2016-06-11
C104193,Sneha Behera,18,Male,Chennai,Tamil Nadu,Self-Employed,48375.61,689,Current,58605.37,2016-01-31
C104194,Sahil Bose,18,Male,Hyderabad,Telangana,Salaried,64151.4,650,Current,25315.0,2025-04-15
C104195,Aarav Nayak,31,Male,Ahmedabad,Gujarat,Salaried,45530.72,601,Current,87163.11,2023-10-18
C104196,Priya Patel,47,Male,Bengaluru,Karnataka,Business,44283.28,811,Savings,13640.24,2020-09-09
C104197,Pooja Roul,20,Female,Kochi,Kerala,Business,63385.23,686,Savings,50437.34,2022-12-11
C104198,Ananya Jain,18,Female,Bhubaneswar,Odisha,Business,97679.69,850,Salary,33330.21,2020-05-02
C104199,Kavya Nayak,42,Male,Ahmedabad,Gujarat,Salaried,132815.85,755,Savings,122923.49,2021-01-01
C104200,Isha Sharma,38,Male,Bhubaneswar,Odisha,Self-Employed,48771.06,824,Current,36588.62,2018-07-08
C104201,Nisha Mehta,25,Female,Pune,Maharashtra,Business,150058.05,770,Premium Savings,104449.71,2016-03-05
C104202,Kavya Mishra,26,Female,Lucknow,Uttar Pradesh,Salaried,89078.85,715,Savings,87052.04,2024-01-20
C104203,Nisha Gupta,26,Female,Delhi,Delhi,Salaried,27930.76,666,Salary,69126.38,2024-04-07
C104204,Aarav Mehta,37,Male,Indore,Madhya Pradesh,Self-Employed,27485.78,642,Savings,39768.5,2021-10-10
C104205,Nisha Dasgupta,30,Female,Lucknow,Uttar Pradesh,Business,40037.83,778,Salary,60175.13,2017-07-22
C104206,Vivaan Singh,41,Female,Kolkata,West Bengal,Salaried,121737.29,722,Savings,87497.31,2023-01-28
C104207,Neha Sharma,18,Female,Lucknow,Uttar Pradesh,Self-Employed,41745.06,745,Savings,71093.14,2018-11-27
C104208,Rohan Behera,27,Male,Bengaluru,Karnataka,Self-Employed,19424.53,758,Savings,48110.13,2023-01-18
C104209,Sahil Gupta,25,Male,Hyderabad,Telangana,Self-Employed,48494.33,728,Salary,86861.41,2022-11-15
C104210,Rahul Patel,33,Male,Ahmedabad,Gujarat,Self-Employed,18504.59,674,Salary,17820.12,2022-03-26
C104211,Amit Reddy,31,Male,Chennai,Tamil Nadu,Self-Employed,30786.96,771,Savings,85850.9,2025-12-13
C104212,Ananya Bose,44,Male,Jaipur,Rajasthan,Salaried,39823.91,692,Salary,61107.97,2021-03-19
C104213,Aditi Singh,18,Female,Hyderabad,Telangana,Salaried,59719.05,711,Savings,67552.5,2024-03-17
C104214,Priya Bose,36,Female,Ahmedabad,Gujarat,Self-Employed,96604.22,752,Savings,124834.82,2017-07-06
C104215,Sahil Behera,42,Female,Hyderabad,Telangana,Salaried,80568.52,701,Current,146684.14,2020-03-20
C104216,Aarav Mohanty,55,Female,Bhubaneswar,Odisha,Self-Employed,28751.92,587,Savings,35427.23,2018-01-07
C104217,Karan Nayak,31,Male,Jaipur,Rajasthan,Business,44830.62,773,Salary,18493.83,2021-06-10
C104218,Rahul Patel,39,Female,Pune,Maharashtra,Salaried,57359.57,787,Current,55381.83,2024-05-19
C104219,Amit Kumar,18,Female,Bhubaneswar,Odisha,Self-Employed,47613.64,586,Premium Savings,102819.15,2015-08-06
C104220,Nisha Mohanty,18,Male,Hyderabad,Telangana,Self-Employed,47428.38,637,Salary,31831.35,2020-02-29
C104221,Pooja Rao,44,Male,Lucknow,Uttar Pradesh,Salaried,21323.81,837,Savings,500.0,2021-12-09
C104222,Ankit Dasgupta,36,Female,Pune,Maharashtra,Salaried,29175.5,720,Salary,39982.17,2019-11-29
C104223,Neha Mohanty,48,Female,Guwahati,Assam,Student,44067.22,705,Salary,19732.27,2020-07-29
C104224,Ananya Behera,22,Male,Chennai,Tamil Nadu,Salaried,12000.0,677,Premium Savings,3940.15,2021-08-17
C104225,Ananya Kumar,41,Female,Delhi,Delhi,Self-Employed,78232.69,638,Savings,124199.13,2019-11-22
C104226,Ankit Reddy,55,Female,Mumbai,Maharashtra,Salaried,25851.27,692,Salary,9780.57,2015-09-22
C104227,Isha Sahu,40,Female,Ahmedabad,Gujarat,Salaried,80245.78,768,Savings,79738.41,2025-09-09
C104228,Sahil Bose,39,Male,Hyderabad,Telangana,Salaried,76457.65,704,Current,20226.87,2016-12-02
C104229,Rohan Roul,36,Male,Mumbai,Maharashtra,Business,40784.5,745,Savings,78369.42,2015-04-01
C104230,Aarav Bose,20,Female,Chennai,Tamil Nadu,Salaried,95357.67,820,Salary,119991.81,2021-04-12
C104231,Isha Singh,50,Female,Hyderabad,Telangana,Salaried,82772.16,667,Savings,115287.88,2020-01-11
C104232,Aditi Mehta,30,Male,Kolkata,West Bengal,Business,46404.87,725,Current,86425.26,2021-04-08
C104233,Isha Jain,41,Male,Pune,Maharashtra,Salaried,43613.44,770,Salary,90426.29,2022-04-17
C104234,Isha Gupta,20,Male,Delhi,Delhi,Salaried,100565.7,644,Savings,79343.94,2015-08-24
C104235,Arjun Panda,24,Male,Indore,Madhya Pradesh,Salaried,62485.89,717,Current,80124.25,2025-01-17
C104236,Neha Das,50,Female,Delhi,Delhi,Salaried,97701.47,827,Savings,45986.66,2018-11-24
C104237,Amit Mishra,33,Female,Guwahati,Assam,Self-Employed,14781.81,683,Current,500.0,2020-05-06
C104238,Rohan Sahu,51,Male,Delhi,Delhi,Salaried,58061.34,774,Savings,26692.27,2024-09-23
C104239,Aarav Verma,35,Male,Bhubaneswar,Odisha,Salaried,23098.28,696,Savings,19054.93,2022-12-03
C104240,Riya Jain,18,Female,Indore,Madhya Pradesh,Student,54225.4,822,Savings,56326.56,2016-08-28
C104241,Aditi Gupta,45,Male,Guwahati,Assam,Student,81445.52,598,Salary,152806.54,2015-09-19
C104242,Rohan Mohanty,30,Female,Bhubaneswar,Odisha,Business,143145.31,709,Savings,129214.37,2022-08-25
C104243,Neha Rao,43,Female,Lucknow,Uttar Pradesh,Student,32829.96,609,Savings,55998.09,2018-12-22
C104244,Ankit Bose,36,Female,Kochi,Kerala,Self-Employed,41190.0,659,Savings,70198.31,2015-09-25
C104245,Karan Kumar,21,Male,Chennai,Tamil Nadu,Self-Employed,52184.74,659,Salary,38921.95,2025-09-15
C104246,Pooja Roul,38,Male,Ahmedabad,Gujarat,Self-Employed,32179.87,688,Savings,21222.97,2023-01-23
C104247,Aarav Jain,58,Male,Ahmedabad,Gujarat,Business,94211.39,628,Savings,122993.01,2018-02-04
C104248,Sneha Das,41,Male,Pune,Maharashtra,Self-Employed,52919.99,700,Savings,60438.66,2021-05-22
C104249,Nisha Roul,35,Male,Lucknow,Uttar Pradesh,Salaried,58815.74,735,Salary,63341.57,2017-10-29
C104250,Aditya Verma,47,Female,Bengaluru,Karnataka,Business,77356.79,605,Salary,28571.49,2025-08-16
C104251,Aditya Bose,38,Female,Guwahati,Assam,Business,52872.95,664,Savings,35549.66,2025-01-20
C104252,Aditya Mohanty,38,Female,Bhubaneswar,Odisha,Business,35081.95,850,Salary,23858.75,2023-02-28
C104253,Riya Bose,25,Male,Jaipur,Rajasthan,Salaried,53126.3,726,Savings,107729.98,2015-04-23
C104254,Rahul Nayak,38,Female,Kolkata,West Bengal,Salaried,34344.21,587,Savings,47575.72,2023-01-01
C104255,Rahul Jain,46,Female,Pune,Maharashtra,Salaried,58365.37,614,Savings,124552.53,2021-09-14
C104256,Ananya Mehta,28,Male,Pune,Maharashtra,Self-Employed,95168.49,720,Salary,113505.1,2020-07-03
C104257,Nisha Nayak,50,Female,Ahmedabad,Gujarat,Salaried,28820.74,712,Salary,67791.05,2019-10-31
C104258,Neha Behera,35,Male,Chandigarh,Chandigarh,Salaried,23677.59,667,Savings,30519.94,2022-11-24
C104259,Riya Panda,27,Male,Hyderabad,Telangana,Salaried,56510.17,848,Savings,133534.47,2023-07-28
C104260,Aarav Sahu,46,Male,Bengaluru,Karnataka,Salaried,36054.92,850,Current,17270.07,2025-07-28
C104261,Rahul Mishra,33,Female,Mumbai,Maharashtra,Business,55968.73,688,Savings,114352.03,2016-06-30
C104262,Rahul Mohanty,44,Female,Chandigarh,Chandigarh,Student,65598.65,762,Savings,121498.41,2019-06-12
C104263,Rahul Mishra,33,Male,Indore,Madhya Pradesh,Salaried,16916.78,765,Salary,42777.02,2017-05-31
C104264,Kavya Kumar,35,Male,Delhi,Delhi,Self-Employed,80378.79,774,Savings,123472.6,2022-06-03
C104265,Pooja Behera,41,Male,Ahmedabad,Gujarat,Salaried,28905.03,663,Salary,35233.45,2020-01-26
C104266,Isha Panda,39,Male,Jaipur,Rajasthan,Salaried,54328.11,831,Savings,107543.01,2018-06-23
C104267,Aarav Singh,18,Male,Delhi,Delhi,Business,38270.25,701,Savings,76693.94,2021-01-14
C104268,Rohan Mishra,25,Male,Kochi,Kerala,Business,40599.54,732,Salary,50277.16,2022-10-26
C104269,Kavya Panda,45,Male,Pune,Maharashtra,Business,139631.95,705,Salary,261576.96,2022-07-26
C104270,Vivaan Patel,35,Female,Lucknow,Uttar Pradesh,Salaried,65557.68,696,Current,78184.5,2018-06-01
C104271,Neha Mehta,31,Female,Bhubaneswar,Odisha,Student,90460.37,723,Savings,140136.53,2018-09-15
C104272,Sahil Dasgupta,22,Female,Kochi,Kerala,Salaried,59760.86,628,Current,100273.48,2017-08-10
C104273,Pooja Patel,25,Male,Chandigarh,Chandigarh,Salaried,77350.01,577,Savings,119879.73,2021-05-23
C104274,Riya Gupta,18,Male,Pune,Maharashtra,Salaried,69192.42,691,Salary,114495.64,2023-12-15
C104275,Pooja Mohanty,35,Male,Chennai,Tamil Nadu,Business,63261.95,648,Salary,5743.84,2024-10-27
C104276,Nisha Mehta,30,Male,Jaipur,Rajasthan,Salaried,101116.06,741,Salary,151422.77,2020-09-11
C104277,Sahil Reddy,26,Male,Delhi,Delhi,Salaried,59944.02,733,Current,38358.92,2025-08-11
C104278,Pooja Sahu,35,Female,Delhi,Delhi,Self-Employed,193284.83,706,Salary,207290.03,2019-07-26
C104279,Kavya Mehta,40,Female,Guwahati,Assam,Salaried,93281.85,801,Savings,156757.87,2016-08-13
C104280,Priya Roul,57,Male,Pune,Maharashtra,Salaried,29387.98,705,Savings,59654.45,2023-08-05
C104281,Nisha Bose,21,Male,Jaipur,Rajasthan,Salaried,49910.47,610,Current,74201.91,2021-01-19
C104282,Aditya Dasgupta,48,Female,Ahmedabad,Gujarat,Salaried,68424.15,690,Savings,107932.43,2025-12-28
C104283,Riya Behera,46,Male,Guwahati,Assam,Business,56362.64,781,Current,44954.07,2022-08-22
C104284,Vivaan Mohanty,28,Female,Mumbai,Maharashtra,Self-Employed,80247.34,583,Salary,68106.83,2021-07-31
C104285,Karan Mohanty,38,Female,Delhi,Delhi,Salaried,85258.89,699,Savings,100893.33,2018-07-12
C104286,Isha Reddy,31,Female,Hyderabad,Telangana,Salaried,26038.09,742,Savings,51423.37,2024-09-03
C104287,Ananya Panda,38,Male,Chennai,Tamil Nadu,Business,111266.23,850,Salary,110898.28,2015-01-28
C104288,Aditya Mehta,51,Male,Chennai,Tamil Nadu,Self-Employed,41849.66,784,Savings,67278.02,2025-11-20
C104289,Kavya Behera,42,Male,Chennai,Tamil Nadu,Business,39629.97,714,Salary,43552.42,2021-11-01
C104290,Vivaan Dasgupta,41,Female,Jaipur,Rajasthan,Salaried,39559.9,739,Savings,60701.57,2015-08-05
C104291,Nisha Nayak,32,Female,Chennai,Tamil Nadu,Salaried,85802.68,582,Salary,79204.96,2022-12-26
C104292,Ananya Bose,21,Female,Kolkata,West Bengal,Retired,47486.52,637,Premium Savings,88356.59,2023-06-18
C104293,Aditi Jain,34,Female,Guwahati,Assam,Self-Employed,38182.59,747,Salary,38886.2,2019-01-07
C104294,Rohan Jain,48,Female,Pune,Maharashtra,Salaried,43560.71,715,Salary,99935.92,2021-08-03
C104295,Riya Roul,21,Female,Ahmedabad,Gujarat,Salaried,20496.47,724,Salary,6420.31,2016-05-05
C104296,Isha Gupta,25,Female,Indore,Madhya Pradesh,Salaried,34610.02,707,Savings,60723.77,2023-09-08
C104297,Riya Bose,37,Female,Kolkata,West Bengal,Salaried,27814.63,705,Current,61885.99,2025-12-17
C104298,Pooja Sahu,26,Female,Delhi,Delhi,Student,47431.67,712,Current,66416.46,2015-10-18
C104299,Karan Bose,28,Male,Bengaluru,Karnataka,Student,79252.54,636,Salary,33013.36,2021-11-19
C104300,Aarav Singh,32,Female,Lucknow,Uttar Pradesh,Salaried,74586.9,690,Salary,120290.82,2015-09-18
C104301,Aarav Rao,22,Male,Jaipur,Rajasthan,Salaried,109787.42,624,Salary,191154.16,2020-12-09
C104302,Sneha Reddy,26,Male,Indore,Madhya Pradesh,Business,97127.05,665,Current,156582.45,2019-08-22
C104303,Rahul Mishra,43,Female,Lucknow,Uttar Pradesh,Salaried,41124.54,783,Current,48669.24,2023-03-11
C104304,Nisha Jain,23,Female,Mumbai,Maharashtra,Self-Employed,55579.95,693,Premium Savings,75568.12,2016-10-22
C104305,Arjun Das,20,Female,Delhi,Delhi,Business,54023.94,744,Savings,94889.97,2023-03-20
C104306,Arjun Behera,30,Male,Mumbai,Maharashtra,Self-Employed,16848.37,712,Savings,28124.28,2017-03-08
C104307,Aarav Mehta,43,Female,Bengaluru,Karnataka,Business,28158.25,680,Premium Savings,63170.3,2017-10-16
C104308,Aditya Dasgupta,34,Male,Chandigarh,Chandigarh,Business,50165.4,639,Current,77117.53,2025-12-27
C104309,Riya Kumar,31,Female,Ahmedabad,Gujarat,Retired,50010.86,679,Savings,14848.02,2021-09-29
C104310,Rahul Panda,36,Male,Bengaluru,Karnataka,Salaried,72901.7,717,Salary,39146.44,2023-09-05
C104311,Riya Bose,19,Female,Pune,Maharashtra,Student,70975.59,743,Salary,93310.76,2023-07-06
C104312,Sneha Kumar,41,Female,Kochi,Kerala,Salaried,20768.81,713,Savings,60884.28,2017-01-04
C104313,Isha Singh,40,Male,Mumbai,Maharashtra,Salaried,73153.6,747,Savings,104536.33,2024-05-16
C104314,Aarav Rao,32,Female,Hyderabad,Telangana,Salaried,60676.48,606,Salary,133290.81,2017-01-12
C104315,Aarav Jain,46,Female,Delhi,Delhi,Self-Employed,77493.06,761,Salary,72425.43,2015-05-01
C104316,Sneha Behera,25,Male,Jaipur,Rajasthan,Salaried,98900.0,632,Savings,110152.58,2022-04-13
C104317,Vivaan Kumar,47,Male,Chandigarh,Chandigarh,Student,50843.26,769,Salary,55127.45,2025-06-01
C104318,Vivaan Mohanty,38,Male,Chennai,Tamil Nadu,Self-Employed,109115.47,738,Savings,124354.31,2020-07-20
C104319,Nisha Singh,33,Male,Hyderabad,Telangana,Salaried,33722.42,583,Savings,2722.31,2023-03-04
C104320,Amit Rao,36,Female,Chennai,Tamil Nadu,Business,32693.53,753,Premium Savings,33608.61,2016-05-04
C104321,Rahul Panda,35,Female,Jaipur,Rajasthan,Student,69627.38,770,Savings,48569.79,2018-09-21
C104322,Riya Singh,48,Male,Mumbai,Maharashtra,Business,44903.29,787,Savings,91119.07,2015-12-31
C104323,Sneha Dasgupta,25,Male,Guwahati,Assam,Salaried,63512.14,655,Savings,60938.29,2016-01-21
C104324,Aditi Mishra,28,Female,Bengaluru,Karnataka,Student,164592.6,717,Savings,134575.21,2025-08-11
C104325,Amit Gupta,46,Male,Jaipur,Rajasthan,Business,68289.46,750,Premium Savings,73060.45,2019-07-11
C104326,Isha Sahu,30,Male,Guwahati,Assam,Salaried,61807.61,753,Savings,48758.76,2021-06-09
C104327,Ankit Behera,45,Male,Chennai,Tamil Nadu,Salaried,34098.79,732,Savings,80732.98,2022-11-11
C104328,Pooja Patel,53,Female,Bhubaneswar,Odisha,Salaried,21592.46,677,Salary,6369.0,2025-08-23
C104329,Amit Mehta,32,Female,Indore,Madhya Pradesh,Student,52848.67,769,Savings,5045.9,2022-09-08
C104330,Vivaan Sahu,43,Female,Ahmedabad,Gujarat,Salaried,98900.26,770,Salary,138134.03,2019-05-06
C104331,Kavya Mehta,24,Male,Chennai,Tamil Nadu,Salaried,46049.52,695,Savings,27099.68,2024-01-10
C104332,Pooja Bose,44,Female,Kolkata,West Bengal,Student,68589.37,654,Savings,99356.76,2019-07-28
C104333,Aditi Sahu,38,Female,Indore,Madhya Pradesh,Salaried,120530.96,658,Premium Savings,60570.56,2019-04-11
C104334,Isha Mishra,41,Female,Lucknow,Uttar Pradesh,Student,118886.25,794,Savings,87446.91,2022-10-23
C104335,Karan Mehta,30,Male,Delhi,Delhi,Salaried,69629.05,767,Salary,44374.85,2020-04-27
C104336,Ananya Mohanty,19,Female,Ahmedabad,Gujarat,Self-Employed,60394.12,704,Salary,21381.63,2016-07-21
C104337,Aarav Rao,41,Female,Jaipur,Rajasthan,Salaried,23857.17,692,Savings,36517.85,2024-07-02
C104338,Pooja Mishra,18,Male,Jaipur,Rajasthan,Student,38889.57,590,Savings,52515.68,2018-11-07
C104339,Arjun Das,33,Male,Ahmedabad,Gujarat,Business,47130.37,700,Salary,87893.08,2017-01-19
C104340,Karan Kumar,45,Female,Bhubaneswar,Odisha,Student,34417.01,628,Current,69276.04,2016-01-28
C104341,Priya Mehta,38,Female,Jaipur,Rajasthan,Business,63053.43,715,Savings,35946.89,2018-06-28
C104342,Priya Patel,55,Female,Chennai,Tamil Nadu,Salaried,157392.03,782,Salary,195049.19,2018-12-25
C104343,Priya Mohanty,46,Female,Pune,Maharashtra,Salaried,126735.48,641,Salary,216688.27,2016-12-27
C104344,Vivaan Verma,29,Female,Ahmedabad,Gujarat,Self-Employed,62895.03,721,Savings,58763.91,2022-12-06
C104345,Rahul Reddy,36,Male,Guwahati,Assam,Self-Employed,84438.37,770,Savings,72899.61,2019-10-29
C104346,Isha Rao,36,Male,Kolkata,West Bengal,Student,36840.61,719,Savings,95328.22,2024-11-09
C104347,Aditi Behera,20,Female,Pune,Maharashtra,Salaried,123048.96,671,Current,113088.58,2017-10-29
C104348,Amit Bose,27,Male,Hyderabad,Telangana,Business,23295.3,706,Salary,56993.04,2020-08-08
C104349,Sahil Gupta,30,Male,Chennai,Tamil Nadu,Retired,90866.25,767,Salary,107673.22,2016-01-07
C104350,Sahil Patel,18,Female,Bengaluru,Karnataka,Salaried,72233.76,722,Savings,37545.62,2017-01-25
C104351,Ankit Verma,36,Female,Guwahati,Assam,Student,36292.48,705,Salary,15089.37,2017-12-03
C104352,Isha Dasgupta,34,Male,Guwahati,Assam,Salaried,49033.34,780,Salary,70946.09,2019-07-03
C104353,Karan Kumar,19,Male,Pune,Maharashtra,Business,29473.58,738,Salary,46350.07,2017-04-01
C104354,Aditya Nayak,40,Male,Bhubaneswar,Odisha,Salaried,30172.51,627,Current,39001.47,2017-07-17
C104355,Aditya Nayak,43,Male,Bengaluru,Karnataka,Salaried,22925.58,746,Salary,38326.09,2018-12-09
C104356,Kavya Patel,38,Female,Chandigarh,Chandigarh,Salaried,83886.6,767,Salary,98708.05,2022-04-05
C104357,Arjun Singh,33,Male,Indore,Madhya Pradesh,Retired,106726.87,625,Salary,165492.02,2022-02-05
C104358,Amit Mehta,42,Female,Bhubaneswar,Odisha,Business,16749.01,558,Savings,38807.31,2015-12-01
C104359,Vivaan Roul,43,Female,Bengaluru,Karnataka,Salaried,151169.42,637,Salary,54814.4,2018-10-23
C104360,Sneha Dasgupta,39,Female,Kolkata,West Bengal,Retired,54637.95,698,Salary,66717.58,2020-01-25
C104361,Pooja Kumar,28,Male,Chennai,Tamil Nadu,Self-Employed,64505.63,771,Savings,128813.53,2023-06-07
C104362,Priya Jain,39,Female,Hyderabad,Telangana,Student,24471.43,647,Savings,13001.06,2016-01-21
C104363,Riya Behera,48,Male,Bengaluru,Karnataka,Salaried,113725.47,741,Salary,97779.53,2020-11-15
C104364,Aditya Patel,30,Male,Pune,Maharashtra,Salaried,61403.74,517,Savings,54335.15,2017-11-21
C104365,Nisha Mohanty,57,Female,Kolkata,West Bengal,Business,102892.79,717,Savings,84552.43,2015-03-25
C104366,Pooja Behera,31,Male,Ahmedabad,Gujarat,Salaried,107641.39,679,Savings,124464.85,2024-11-10
C104367,Pooja Dasgupta,36,Female,Pune,Maharashtra,Self-Employed,114607.6,841,Savings,61492.95,2021-10-18
C104368,Vivaan Singh,29,Male,Delhi,Delhi,Salaried,38504.64,582,Premium Savings,65769.85,2015-09-07
C104369,Amit Nayak,38,Male,Kochi,Kerala,Salaried,49055.59,704,Salary,61357.66,2021-03-31
C104370,Sahil Verma,19,Female,Pune,Maharashtra,Salaried,39287.13,582,Savings,53111.69,2015-08-31
C104371,Neha Bose,31,Female,Pune,Maharashtra,Retired,89984.39,669,Savings,154830.85,2022-08-28
C104372,Ankit Gupta,25,Male,Hyderabad,Telangana,Salaried,66050.68,594,Savings,93918.64,2019-03-09
C104373,Neha Rao,37,Female,Kolkata,West Bengal,Salaried,99024.06,850,Savings,67234.3,2016-01-27
C104374,Nisha Nayak,46,Male,Hyderabad,Telangana,Self-Employed,101427.02,682,Savings,94437.56,2016-11-21
C104375,Aarav Mishra,42,Female,Kochi,Kerala,Business,21270.91,691,Salary,38222.62,2015-01-08
C104376,Neha Sahu,18,Male,Chandigarh,Chandigarh,Business,115613.97,702,Salary,200641.52,2025-10-21
C104377,Ankit Sharma,56,Female,Guwahati,Assam,Business,92787.02,631,Salary,153856.87,2020-12-07
C104378,Aditya Sahu,39,Female,Lucknow,Uttar Pradesh,Salaried,44892.0,774,Salary,19619.56,2015-02-21
C104379,Karan Singh,28,Female,Chennai,Tamil Nadu,Salaried,66667.61,747,Salary,30222.21,2015-01-20
C104380,Aditi Mehta,38,Female,Kochi,Kerala,Business,51383.39,765,Current,64056.01,2018-08-31
C104381,Kavya Roul,38,Male,Guwahati,Assam,Student,77181.81,626,Premium Savings,123841.06,2019-04-25
C104382,Kavya Bose,29,Female,Kolkata,West Bengal,Self-Employed,44838.41,779,Salary,13617.87,2018-06-08
C104383,Karan Kumar,38,Male,Guwahati,Assam,Salaried,71574.81,771,Current,122027.84,2015-04-24
C104384,Ananya Panda,30,Male,Delhi,Delhi,Salaried,57074.14,690,Salary,14362.92,2023-12-21
C104385,Kavya Verma,32,Male,Chennai,Tamil Nadu,Salaried,43363.87,763,Savings,49002.63,2025-02-24
C104386,Pooja Das,29,Female,Jaipur,Rajasthan,Business,61063.12,723,Premium Savings,61736.0,2021-05-15
C104387,Aditi Singh,22,Male,Jaipur,Rajasthan,Salaried,243688.67,601,Savings,108874.47,2021-04-26
C104388,Pooja Mishra,37,Male,Chennai,Tamil Nadu,Salaried,37723.68,693,Current,71693.69,2019-03-16
C104389,Arjun Bose,42,Female,Jaipur,Rajasthan,Salaried,47935.88,674,Savings,32479.14,2024-08-20
C104390,Sneha Dasgupta,41,Female,Delhi,Delhi,Salaried,38086.94,711,Salary,25348.94,2015-10-12
C104391,Karan Patel,44,Male,Bengaluru,Karnataka,Salaried,40348.9,771,Premium Savings,19263.7,2025-09-19
C104392,Rahul Panda,39,Male,Bengaluru,Karnataka,Salaried,86143.03,598,Savings,94940.12,2016-12-07
C104393,Aditya Mehta,31,Female,Ahmedabad,Gujarat,Business,81537.95,676,Salary,8279.85,2017-02-11
C104394,Riya Verma,44,Female,Delhi,Delhi,Salaried,54822.91,652,Savings,48738.86,2022-02-20
C104395,Ankit Das,22,Male,Mumbai,Maharashtra,Self-Employed,96717.69,654,Savings,53150.27,2021-12-18
C104396,Amit Mishra,27,Female,Chennai,Tamil Nadu,Salaried,85091.49,651,Savings,32325.86,2020-08-02
C104397,Rohan Nayak,26,Female,Lucknow,Uttar Pradesh,Salaried,50302.23,709,Savings,80156.77,2017-01-14
C104398,Aditya Jain,47,Female,Lucknow,Uttar Pradesh,Self-Employed,23658.15,739,Current,973.96,2021-01-01
C104399,Ananya Reddy,45,Female,Hyderabad,Telangana,Self-Employed,86809.31,728,Salary,146211.4,2017-06-13
C104400,Riya Verma,41,Female,Delhi,Delhi,Business,60379.44,717,Savings,123835.49,2025-12-10
C104401,Sahil Dasgupta,47,Female,Bhubaneswar,Odisha,Self-Employed,55676.39,745,Savings,100550.18,2018-11-15
C104402,Amit Panda,27,Male,Pune,Maharashtra,Business,42563.91,850,Savings,10044.25,2016-02-02
C104403,Neha Jain,39,Female,Chennai,Tamil Nadu,Salaried,82838.27,714,Savings,81778.25,2024-10-12
C104404,Aarav Mohanty,35,Female,Kochi,Kerala,Self-Employed,66620.09,771,Savings,77600.37,2022-08-30
C104405,Karan Nayak,44,Male,Indore,Madhya Pradesh,Business,48282.91,768,Savings,65652.49,2025-03-27
C104406,Ankit Jain,35,Female,Kolkata,West Bengal,Salaried,28031.62,821,Savings,16898.67,2016-09-25
C104407,Kavya Gupta,32,Male,Kochi,Kerala,Salaried,98957.87,741,Salary,97397.64,2021-09-22
C104408,Sneha Das,41,Male,Chennai,Tamil Nadu,Self-Employed,76709.92,650,Savings,124858.08,2019-03-13
C104409,Arjun Verma,45,Male,Guwahati,Assam,Salaried,63294.9,725,Salary,37835.93,2021-06-09
C104410,Nisha Verma,29,Female,Indore,Madhya Pradesh,Salaried,12757.35,721,Savings,22525.02,2016-12-25
C104411,Riya Nayak,35,Female,Bengaluru,Karnataka,Self-Employed,53865.56,758,Current,54263.06,2024-12-30
C104412,Aditya Rao,25,Male,Kochi,Kerala,Retired,48166.86,648,Salary,81195.86,2019-12-11
C104413,Sahil Behera,18,Female,Mumbai,Maharashtra,Student,39140.61,787,Savings,63943.81,2022-12-03
C104414,Arjun Sahu,38,Male,Bhubaneswar,Odisha,Salaried,83276.18,705,Premium Savings,56557.65,2024-06-27
C104415,Aditya Mohanty,42,Female,Delhi,Delhi,Self-Employed,81492.11,760,Savings,160156.86,2024-11-12
C104416,Aarav Mehta,39,Female,Guwahati,Assam,Salaried,69936.44,725,Current,70203.39,2023-08-29
C104417,Aarav Das,18,Female,Guwahati,Assam,Salaried,97336.42,713,Savings,167508.54,2016-12-28
C104418,Rohan Reddy,32,Female,Guwahati,Assam,Business,31345.45,720,Savings,5857.85,2020-09-09
C104419,Isha Kumar,18,Male,Mumbai,Maharashtra,Salaried,42855.05,749,Savings,44553.93,2016-09-01
C104420,Sneha Panda,50,Female,Kochi,Kerala,Salaried,57309.64,832,Salary,58472.84,2024-02-18
C104421,Riya Reddy,25,Female,Hyderabad,Telangana,Retired,39065.2,574,Savings,22237.76,2024-03-08
C104422,Ankit Kumar,49,Male,Kochi,Kerala,Business,82045.69,740,Salary,87386.64,2019-12-29
C104423,Amit Nayak,45,Female,Kolkata,West Bengal,Business,41269.46,708,Premium Savings,22434.47,2015-05-05
C104424,Sahil Rao,27,Female,Kochi,Kerala,Student,112329.52,693,Savings,122112.25,2021-12-23
C104425,Sneha Patel,25,Male,Bengaluru,Karnataka,Business,32956.73,551,Savings,39992.6,2015-06-08
C104426,Nisha Gupta,40,Female,Kolkata,West Bengal,Salaried,177669.34,743,Premium Savings,285046.39,2025-06-27
C104427,Riya Roul,28,Female,Kochi,Kerala,Self-Employed,167913.12,697,Salary,115807.72,2021-01-10
C104428,Kavya Mohanty,37,Female,Bhubaneswar,Odisha,Salaried,52207.12,651,Premium Savings,75169.91,2024-12-17
C104429,Ankit Sharma,31,Male,Indore,Madhya Pradesh,Salaried,103309.25,708,Savings,119634.63,2025-09-29
C104430,Rahul Panda,18,Male,Bhubaneswar,Odisha,Business,44128.14,686,Salary,61891.53,2023-11-25
C104431,Rahul Dasgupta,18,Male,Lucknow,Uttar Pradesh,Salaried,96028.09,592,Savings,55386.1,2025-07-20
C104432,Sneha Nayak,38,Female,Chennai,Tamil Nadu,Salaried,49926.16,711,Salary,96994.3,2016-05-07
C104433,Amit Roul,30,Female,Chennai,Tamil Nadu,Salaried,27121.89,743,Premium Savings,41141.96,2024-01-20
C104434,Aarav Singh,30,Female,Jaipur,Rajasthan,Salaried,12000.0,669,Savings,40314.6,2025-06-23
C104435,Neha Verma,43,Male,Bengaluru,Karnataka,Student,47443.56,722,Savings,81178.41,2018-06-30
C104436,Aarav Panda,48,Male,Indore,Madhya Pradesh,Self-Employed,64123.93,712,Savings,100685.04,2025-06-26
C104437,Nisha Jain,33,Female,Bhubaneswar,Odisha,Self-Employed,114320.65,773,Current,229746.16,2018-04-08
C104438,Rohan Kumar,33,Female,Hyderabad,Telangana,Self-Employed,56119.14,698,Savings,79976.64,2016-03-17
C104439,Riya Roul,41,Female,Jaipur,Rajasthan,Self-Employed,95481.62,757,Current,104483.06,2018-11-30
C104440,Neha Jain,22,Female,Delhi,Delhi,Business,42848.27,685,Savings,58693.12,2022-08-29
C104441,Pooja Mohanty,38,Female,Chandigarh,Chandigarh,Self-Employed,45687.73,833,Salary,43689.79,2017-01-08
C104442,Arjun Behera,42,Female,Guwahati,Assam,Student,98204.58,677,Savings,105356.47,2021-08-14
C104443,Sneha Sahu,43,Female,Hyderabad,Telangana,Retired,14179.0,660,Savings,41473.06,2020-10-24
C104444,Neha Sahu,18,Male,Mumbai,Maharashtra,Retired,55394.17,698,Savings,119348.49,2016-11-16
C104445,Aditya Sharma,28,Female,Jaipur,Rajasthan,Business,44139.47,658,Savings,33430.52,2025-02-04
C104446,Rahul Mehta,27,Female,Chennai,Tamil Nadu,Student,116241.43,624,Savings,71518.85,2016-02-13
C104447,Sneha Mishra,37,Male,Delhi,Delhi,Salaried,41132.47,752,Salary,20772.99,2020-07-31
C104448,Sahil Das,41,Male,Chennai,Tamil Nadu,Student,73072.71,506,Premium Savings,128418.11,2017-03-02
C104449,Vivaan Singh,51,Male,Mumbai,Maharashtra,Student,91301.53,658,Savings,103785.3,2021-10-07
C104450,Rahul Singh,31,Female,Kochi,Kerala,Student,24201.28,618,Salary,24760.03,2016-09-27
C104451,Amit Gupta,31,Male,Bengaluru,Karnataka,Business,50941.58,714,Savings,56362.54,2021-11-16
C104452,Aditi Panda,47,Male,Bengaluru,Karnataka,Salaried,43377.16,563,Salary,84128.47,2025-04-26
C104453,Riya Patel,39,Female,Kochi,Kerala,Salaried,92554.2,741,Savings,103391.59,2018-10-13
C104454,Aditya Roul,49,Male,Bhubaneswar,Odisha,Salaried,79728.59,748,Savings,129822.09,2025-07-08
C104455,Pooja Sahu,39,Female,Ahmedabad,Gujarat,Business,48379.3,599,Current,3936.6,2020-02-06
C104456,Riya Mishra,24,Male,Pune,Maharashtra,Salaried,30915.53,717,Salary,27199.07,2025-05-31
C104457,Neha Rao,23,Female,Mumbai,Maharashtra,Salaried,97350.11,739,Savings,87133.4,2022-05-21
C104458,Ananya Behera,20,Male,Delhi,Delhi,Self-Employed,52991.11,766,Savings,103705.72,2021-02-22
C104459,Aarav Kumar,43,Male,Mumbai,Maharashtra,Self-Employed,22583.65,610,Salary,43311.78,2024-04-29
C104460,Kavya Mohanty,48,Male,Jaipur,Rajasthan,Student,23677.47,600,Salary,14921.77,2019-05-12
C104461,Aditi Reddy,54,Female,Chandigarh,Chandigarh,Business,69967.55,803,Salary,45773.37,2023-10-17
C104462,Priya Singh,44,Female,Indore,Madhya Pradesh,Business,27265.98,652,Savings,32032.12,2020-01-09
C104463,Ankit Gupta,48,Male,Jaipur,Rajasthan,Self-Employed,152954.32,671,Salary,82546.33,2025-08-02
C104464,Sneha Kumar,30,Female,Bengaluru,Karnataka,Business,32849.76,746,Savings,54893.85,2016-04-21
C104465,Sahil Nayak,24,Male,Jaipur,Rajasthan,Salaried,54989.09,629,Salary,115882.96,2022-07-02
C104466,Aarav Behera,45,Other,Lucknow,Uttar Pradesh,Salaried,60030.02,688,Savings,99752.09,2021-03-21
C104467,Rohan Roul,40,Female,Kochi,Kerala,Student,36824.94,763,Salary,46980.68,2015-09-26
C104468,Amit Verma,37,Female,Mumbai,Maharashtra,Business,16045.5,613,Current,34903.99,2018-10-17
C104469,Aditya Mohanty,40,Female,Hyderabad,Telangana,Business,61088.61,672,Current,101501.6,2017-10-05
C104470,Ankit Jain,39,Female,Indore,Madhya Pradesh,Salaried,36344.8,632,Savings,79959.34,2019-02-06
C104471,Ananya Sahu,49,Female,Kochi,Kerala,Salaried,58640.72,655,Current,43046.84,2016-08-02
C104472,Ankit Singh,49,Female,Kochi,Kerala,Self-Employed,51421.23,782,Current,62277.68,2017-09-07
C104473,Sneha Patel,41,Female,Guwahati,Assam,Salaried,63570.11,796,Salary,66462.41,2025-10-08
C104474,Arjun Dasgupta,44,Female,Kolkata,West Bengal,Salaried,129847.64,722,Salary,133287.95,2024-03-02
C104475,Sneha Mishra,41,Female,Delhi,Delhi,Salaried,40728.68,740,Savings,63063.86,2020-07-03
C104476,Kavya Singh,31,Female,Lucknow,Uttar Pradesh,Self-Employed,42498.49,738,Savings,45697.21,2017-02-10
C104477,Sneha Roul,44,Female,Pune,Maharashtra,Self-Employed,22002.25,661,Salary,33990.33,2023-11-27
C104478,Aditya Panda,22,Female,Delhi,Delhi,Retired,49401.56,720,Premium Savings,18536.69,2019-07-14
C104479,Nisha Verma,47,Male,Chandigarh,Chandigarh,Self-Employed,68907.27,621,Savings,80448.99,2015-06-20
C104480,Sneha Behera,24,Male,Bhubaneswar,Odisha,Student,42157.43,643,Current,97484.2,2019-01-07
C104481,Priya Verma,39,Male,Kolkata,West Bengal,Self-Employed,69156.36,699,Savings,47631.46,2015-08-29
C104482,Nisha Das,28,Male,Chennai,Tamil Nadu,Self-Employed,49884.16,636,Salary,69866.01,2025-04-12
C104483,Rohan Rao,42,Male,Lucknow,Uttar Pradesh,Salaried,26872.05,622,Savings,20173.78,2025-04-30
C104484,Pooja Jain,36,Other,Delhi,Delhi,Salaried,65295.62,659,Premium Savings,46256.36,2020-05-21
C104485,Sahil Reddy,20,Female,Delhi,Delhi,Self-Employed,49113.09,780,Current,121848.91,2024-02-04
C104486,Ankit Behera,40,Female,Pune,Maharashtra,Salaried,58841.65,806,Savings,71374.02,2024-06-17
C104487,Vivaan Sharma,30,Male,Lucknow,Uttar Pradesh,Business,40266.13,703,Salary,27012.7,2025-03-15
C104488,Karan Dasgupta,45,Female,Chennai,Tamil Nadu,Self-Employed,38354.11,743,Current,34301.43,2022-05-25
C104489,Priya Sharma,36,Female,Guwahati,Assam,Student,59973.88,668,Salary,55755.34,2022-12-08
C104490,Rohan Mehta,40,Female,Chandigarh,Chandigarh,Retired,48448.59,571,Savings,62054.96,2023-06-18
C104491,Priya Reddy,26,Male,Ahmedabad,Gujarat,Salaried,141980.0,647,Savings,148065.9,2024-05-29
C104492,Karan Gupta,30,Female,Mumbai,Maharashtra,Salaried,85339.29,685,Salary,146521.99,2021-08-18
C104493,Ankit Gupta,31,Female,Delhi,Delhi,Business,74223.85,714,Current,84894.59,2016-02-09
C104494,Riya Jain,45,Female,Chennai,Tamil Nadu,Salaried,49884.92,698,Savings,68308.83,2024-07-04
C104495,Kavya Singh,53,Female,Hyderabad,Telangana,Salaried,18047.74,687,Savings,51911.2,2020-10-30
C104496,Rohan Dasgupta,28,Female,Pune,Maharashtra,Business,35274.35,668,Current,68189.6,2016-01-08
C104497,Riya Mishra,47,Female,Bengaluru,Karnataka,Retired,38525.55,727,Savings,3502.28,2022-06-10
C104498,Nisha Sharma,18,Female,Jaipur,Rajasthan,Business,47280.21,616,Savings,25786.01,2022-05-06
C104499,Ankit Rao,24,Female,Pune,Maharashtra,Self-Employed,54000.08,757,Savings,69349.23,2018-08-05
C104500,Amit Mishra,26,Female,Delhi,Delhi,Salaried,78899.46,667,Current,44832.95,2025-03-24
C104501,Aditya Gupta,22,Male,Bengaluru,Karnataka,Self-Employed,63915.59,839,Savings,56701.46,2020-11-29
C104502,Ananya Gupta,20,Male,Guwahati,Assam,Salaried,104052.43,685,Savings,52957.22,2021-04-25
C104503,Sneha Reddy,40,Male,Kochi,Kerala,Self-Employed,46329.88,674,Savings,15178.92,2021-06-13
C104504,Ananya Rao,34,Male,Hyderabad,Telangana,Salaried,63356.2,668,Salary,101646.95,2022-11-16
C104505,Ankit Panda,40,Male,Lucknow,Uttar Pradesh,Student,66449.85,674,Salary,124197.73,2020-12-18
C104506,Karan Singh,43,Male,Jaipur,Rajasthan,Business,62958.93,744,Salary,24687.18,2020-11-06
C104507,Ananya Reddy,39,Female,Ahmedabad,Gujarat,Business,111315.98,702,Current,162413.05,2019-06-03
C104508,Arjun Gupta,43,Male,Pune,Maharashtra,Retired,85576.36,769,Salary,70278.42,2023-06-28
C104509,Nisha Mohanty,35,Male,Bhubaneswar,Odisha,Salaried,26619.96,735,Current,36948.59,2021-02-15
C104510,Isha Bose,24,Female,Bhubaneswar,Odisha,Salaried,51647.98,707,Savings,84580.63,2022-03-19
C104511,Pooja Panda,47,Female,Ahmedabad,Gujarat,Business,54578.92,729,Savings,89916.34,2017-04-03
C104512,Priya Roul,30,Female,Jaipur,Rajasthan,Retired,179590.77,783,Savings,80601.47,2018-03-03
C104513,Aditya Singh,27,Female,Chennai,Tamil Nadu,Self-Employed,45876.27,748,Savings,9328.48,2018-08-05
C104514,Aarav Nayak,34,Male,Jaipur,Rajasthan,Salaried,32039.42,723,Current,69808.71,2016-07-08
C104515,Aarav Panda,27,Male,Mumbai,Maharashtra,Business,69994.19,732,Premium Savings,48554.03,2020-01-09
C104516,Priya Nayak,32,Male,Bhubaneswar,Odisha,Salaried,72289.24,630,Savings,78195.97,2023-07-25
C104517,Amit Mohanty,39,Male,Mumbai,Maharashtra,Self-Employed,52813.04,850,Current,65157.69,2017-03-22
C104518,Kavya Sahu,39,Male,Guwahati,Assam,Salaried,48724.87,739,Savings,73237.89,2018-04-14
C104519,Neha Kumar,27,Other,Mumbai,Maharashtra,Student,92687.2,746,Current,128908.08,2025-08-03
C104520,Isha Roul,31,Male,Chandigarh,Chandigarh,Salaried,34393.04,703,Savings,46785.09,2022-01-09
C104521,Vivaan Bose,47,Male,Hyderabad,Telangana,Student,45595.49,556,Savings,50123.03,2019-10-13
C104522,Ananya Bose,41,Male,Bhubaneswar,Odisha,Salaried,41270.62,688,Savings,70904.36,2019-07-14
C104523,Vivaan Patel,57,Female,Mumbai,Maharashtra,Salaried,100381.23,710,Salary,75512.9,2019-11-18
C104524,Arjun Dasgupta,48,Male,Ahmedabad,Gujarat,Retired,64351.16,652,Savings,49476.76,2019-03-25
C104525,Kavya Mishra,47,Male,Guwahati,Assam,Salaried,30617.95,651,Current,24761.19,2015-12-04
C104526,Aditya Nayak,22,Male,Jaipur,Rajasthan,Self-Employed,32357.79,683,Premium Savings,14143.12,2020-07-01
C104527,Karan Panda,44,Male,Bhubaneswar,Odisha,Salaried,154116.92,755,Current,29786.29,2015-04-08
C104528,Aditya Mehta,35,Male,Lucknow,Uttar Pradesh,Business,99793.49,787,Savings,132138.07,2020-07-05
C104529,Aditya Reddy,30,Female,Hyderabad,Telangana,Salaried,87372.96,716,Savings,137133.46,2016-03-03
C104530,Sahil Mishra,38,Male,Pune,Maharashtra,Salaried,55371.72,668,Current,109829.07,2018-08-09
C104531,Neha Rao,45,Female,Jaipur,Rajasthan,Business,126089.69,681,Savings,75522.12,2021-04-17
C104532,Riya Sahu,41,Female,Mumbai,Maharashtra,Salaried,29977.9,711,Salary,44329.4,2020-06-05
C104533,Rohan Kumar,27,Female,Chandigarh,Chandigarh,Salaried,83218.14,719,Current,114474.08,2021-11-02
C104534,Aarav Rao,43,Male,Hyderabad,Telangana,Business,43100.42,733,Current,84592.86,2019-05-12
C104535,Riya Reddy,30,Male,Bhubaneswar,Odisha,Self-Employed,47963.57,676,Premium Savings,88113.52,2018-06-06
C104536,Riya Mohanty,38,Male,Chandigarh,Chandigarh,Salaried,81983.44,739,Salary,142100.84,2020-07-31
C104537,Arjun Patel,33,Female,Mumbai,Maharashtra,Self-Employed,50824.4,734,Current,52822.63,2023-10-26
C104538,Aditi Jain,34,Female,Guwahati,Assam,Student,43304.14,679,Current,59383.26,2023-08-23
C104539,Isha Mehta,44,Male,Bengaluru,Karnataka,Salaried,41887.88,593,Salary,54089.63,2018-03-22
C104540,Neha Nayak,26,Female,Ahmedabad,Gujarat,Self-Employed,18445.92,647,Salary,22017.48,2023-08-24
C104541,Rahul Mehta,55,Female,Indore,Madhya Pradesh,Business,83687.96,807,Savings,66075.43,2022-09-02
C104542,Pooja Patel,18,Female,Kolkata,West Bengal,Salaried,31616.74,595,Current,47807.88,2022-11-02
C104543,Neha Dasgupta,30,Male,Pune,Maharashtra,Salaried,152850.2,791,Savings,238755.27,2015-08-14
C104544,Aarav Singh,40,Female,Lucknow,Uttar Pradesh,Salaried,46952.96,593,Savings,69856.42,2020-11-30
C104545,Neha Panda,42,Male,Guwahati,Assam,Business,113015.51,655,Premium Savings,94556.95,2024-04-27
C104546,Karan Mishra,35,Female,Hyderabad,Telangana,Salaried,20335.46,681,Savings,11568.05,2015-06-20
C104547,Aditya Verma,35,Male,Bengaluru,Karnataka,Business,82240.58,821,Savings,99319.19,2017-02-09
C104548,Sahil Das,40,Male,Mumbai,Maharashtra,Self-Employed,94730.77,707,Savings,88566.46,2025-08-14
C104549,Karan Sharma,34,Female,Chennai,Tamil Nadu,Salaried,112650.85,691,Savings,145910.5,2016-01-01
C104550,Sneha Patel,50,Female,Indore,Madhya Pradesh,Self-Employed,23734.08,644,Savings,35160.52,2018-06-11
C104551,Vivaan Das,44,Male,Indore,Madhya Pradesh,Retired,37368.87,739,Savings,101336.41,2025-01-02
C104552,Karan Patel,45,Male,Mumbai,Maharashtra,Salaried,75521.22,672,Salary,60363.07,2021-08-03
C104553,Rohan Bose,26,Female,Lucknow,Uttar Pradesh,Self-Employed,59678.77,690,Salary,70595.49,2023-05-22
C104554,Neha Mehta,35,Female,Bhubaneswar,Odisha,Self-Employed,64630.15,682,Savings,41146.1,2025-02-04
C104555,Priya Sharma,33,Female,Delhi,Delhi,Salaried,45113.23,752,Salary,19802.39,2021-05-28
C104556,Priya Singh,26,Female,Bhubaneswar,Odisha,Salaried,129059.36,755,Savings,96725.69,2021-02-01
C104557,Rohan Nayak,40,Male,Hyderabad,Telangana,Salaried,230901.03,647,Savings,184154.68,2016-12-11
C104558,Arjun Kumar,31,Female,Jaipur,Rajasthan,Salaried,58237.07,664,Premium Savings,123812.09,2022-03-10
C104559,Ankit Singh,43,Female,Delhi,Delhi,Salaried,70577.75,658,Savings,50792.13,2018-07-08
C104560,Aarav Jain,25,Female,Kochi,Kerala,Business,56727.96,717,Savings,45254.02,2023-04-16
C104561,Neha Rao,53,Male,Kolkata,West Bengal,Retired,111448.49,764,Savings,150000.81,2015-07-16
C104562,Vivaan Kumar,27,Female,Mumbai,Maharashtra,Salaried,86777.48,718,Premium Savings,110971.62,2020-12-28
C104563,Priya Reddy,38,Female,Jaipur,Rajasthan,Salaried,30594.61,563,Savings,821.87,2015-04-25
C104564,Sahil Mehta,44,Female,Pune,Maharashtra,Salaried,39265.53,754,Savings,91847.68,2015-07-13
C104565,Nisha Panda,30,Female,Kolkata,West Bengal,Salaried,31570.4,617,Current,31761.74,2025-11-03
C104566,Rahul Sharma,45,Female,Jaipur,Rajasthan,Salaried,242132.59,659,Savings,89736.72,2018-05-25
C104567,Arjun Jain,24,Female,Chandigarh,Chandigarh,Salaried,78003.58,718,Savings,64614.16,2019-04-26
C104568,Neha Mishra,51,Male,Delhi,Delhi,Student,39634.73,700,Savings,33681.54,2017-02-10
C104569,Karan Bose,36,Male,Delhi,Delhi,Salaried,37931.41,762,Current,51735.71,2018-12-11
C104570,Rahul Singh,30,Female,Kolkata,West Bengal,Self-Employed,85644.96,665,Current,131211.35,2025-10-24
C104571,Rahul Singh,33,Female,Pune,Maharashtra,Salaried,90471.9,642,Salary,160624.1,2021-01-11
C104572,Sahil Patel,44,Male,Delhi,Delhi,Salaried,85310.06,685,Savings,72217.05,2015-08-03
C104573,Vivaan Mehta,30,Female,Indore,Madhya Pradesh,Student,43522.44,769,Savings,18263.42,2024-03-28
C104574,Amit Panda,29,Male,Kolkata,West Bengal,Salaried,65075.44,746,Current,120364.92,2024-04-03
C104575,Rahul Das,34,Male,Pune,Maharashtra,Retired,58459.63,711,Savings,18435.51,2022-09-03
C104576,Rohan Patel,24,Male,Chennai,Tamil Nadu,Salaried,32864.4,791,Current,44654.53,2024-10-18
C104577,Ananya Jain,54,Female,Indore,Madhya Pradesh,Self-Employed,33041.41,779,Salary,35556.9,2019-11-12
C104578,Rahul Sharma,30,Male,Chennai,Tamil Nadu,Retired,68986.72,756,Premium Savings,78816.73,2023-04-14
C104579,Arjun Behera,44,Female,Pune,Maharashtra,Salaried,61275.57,628,Current,46761.96,2020-09-13
C104580,Vivaan Reddy,38,Female,Kochi,Kerala,Salaried,74565.4,756,Salary,78339.36,2020-11-16
C104581,Arjun Roul,26,Female,Kolkata,West Bengal,Business,84978.29,692,Salary,86232.3,2024-07-10
C104582,Sahil Dasgupta,36,Male,Lucknow,Uttar Pradesh,Salaried,125460.83,679,Premium Savings,237413.05,2016-12-31
C104583,Ankit Roul,44,Female,Jaipur,Rajasthan,Business,35894.56,661,Salary,23416.75,2020-09-14
C104584,Amit Panda,34,Male,Ahmedabad,Gujarat,Salaried,77786.13,694,Savings,159467.41,2019-02-27
C104585,Arjun Roul,48,Male,Hyderabad,Telangana,Salaried,83045.82,664,Savings,3436.71,2022-08-21
C104586,Amit Das,46,Female,Kochi,Kerala,Salaried,46324.06,716,Salary,69186.37,2022-11-03
C104587,Ananya Das,45,Female,Chandigarh,Chandigarh,Student,58812.71,694,Current,58984.27,2015-07-03
C104588,Isha Jain,31,Male,Hyderabad,Telangana,Salaried,46980.19,719,Savings,76851.81,2025-03-19
C104589,Arjun Roul,25,Female,Indore,Madhya Pradesh,Salaried,175398.04,741,Current,243185.96,2017-05-28
C104590,Rohan Mishra,30,Female,Kolkata,West Bengal,Self-Employed,58265.03,686,Salary,92789.97,2016-02-09
C104591,Aditi Gupta,38,Female,Pune,Maharashtra,Salaried,70503.4,657,Savings,122354.63,2020-02-16
C104592,Priya Sahu,41,Female,Lucknow,Uttar Pradesh,Salaried,47567.12,575,Current,65988.89,2025-08-27
C104593,Ankit Mehta,18,Male,Indore,Madhya Pradesh,Salaried,42247.03,755,Current,84696.58,2017-01-30
C104594,Rahul Roul,36,Female,Ahmedabad,Gujarat,Business,26875.95,710,Savings,53755.15,2025-01-03
C104595,Ankit Das,38,Male,Bhubaneswar,Odisha,Self-Employed,100711.59,694,Savings,62272.19,2017-06-26
C104596,Isha Jain,33,Female,Indore,Madhya Pradesh,Salaried,83929.22,781,Salary,126767.87,2022-12-28
C104597,Ankit Nayak,49,Male,Chennai,Tamil Nadu,Salaried,46606.04,621,Premium Savings,104199.11,2018-08-04
C104598,Aditi Mohanty,40,Male,Chennai,Tamil Nadu,Self-Employed,33519.58,709,Salary,887.53,2015-10-26
C104599,Neha Sharma,49,Female,Hyderabad,Telangana,Business,60720.59,642,Savings,99170.19,2023-01-03
C104600,Rohan Gupta,34,Male,Guwahati,Assam,Salaried,41829.42,748,Savings,42401.12,2017-04-13
C104601,Nisha Bose,45,Male,Bengaluru,Karnataka,Salaried,48677.15,560,Premium Savings,66561.67,2020-07-21
C104602,Neha Sahu,52,Male,Guwahati,Assam,Salaried,27450.25,757,Salary,9815.31,2017-04-26
C104603,Karan Gupta,49,Female,Lucknow,Uttar Pradesh,Business,61974.4,755,Salary,42870.24,2021-05-28
C104604,Rohan Patel,25,Female,Chennai,Tamil Nadu,Retired,62657.6,645,Savings,84677.59,2022-03-08
C104605,Nisha Verma,33,Male,Ahmedabad,Gujarat,Salaried,100426.97,709,Current,49136.16,2021-11-15
C104606,Amit Sahu,33,Male,Ahmedabad,Gujarat,Salaried,50623.98,646,Salary,62889.76,2015-03-05
C104607,Pooja Rao,41,Male,Chandigarh,Chandigarh,Salaried,45781.21,733,Current,68261.19,2015-07-05
C104608,Amit Gupta,43,Female,Delhi,Delhi,Salaried,23362.09,758,Current,34140.07,2025-05-04
C104609,Nisha Dasgupta,28,Female,Bengaluru,Karnataka,Salaried,100772.12,640,Salary,76210.25,2019-04-12
C104610,Ananya Das,37,Male,Pune,Maharashtra,Student,89871.95,621,Salary,42309.78,2017-04-23
C104611,Aditi Rao,18,Male,Delhi,Delhi,Salaried,55876.24,776,Savings,30553.81,2025-02-04
C104612,Amit Verma,50,Male,Pune,Maharashtra,Business,26476.46,831,Savings,20808.16,2022-09-24
C104613,Sneha Reddy,31,Male,Ahmedabad,Gujarat,Salaried,28200.6,737,Salary,32973.96,2016-04-21
C104614,Priya Das,37,Male,Hyderabad,Telangana,Business,40708.01,742,Savings,66237.1,2025-05-13
C104615,Sneha Jain,33,Female,Guwahati,Assam,Self-Employed,93522.99,683,Salary,132521.45,2018-04-04
C104616,Ananya Mehta,47,Male,Mumbai,Maharashtra,Salaried,64522.82,717,Salary,24958.8,2015-01-20
C104617,Nisha Reddy,18,Male,Pune,Maharashtra,Retired,24191.15,728,Salary,35182.31,2025-02-21
C104618,Sahil Rao,36,Female,Chandigarh,Chandigarh,Salaried,68693.17,693,Savings,40786.31,2017-09-11
C104619,Sneha Das,35,Male,Kochi,Kerala,Self-Employed,34667.5,793,Savings,38699.11,2022-05-25
C104620,Ananya Mishra,31,Female,Lucknow,Uttar Pradesh,Student,41269.2,716,Savings,63454.45,2024-02-15
C104621,Isha Patel,53,Female,Kochi,Kerala,Salaried,93858.57,725,Current,59835.44,2025-04-06
C104622,Aditi Sahu,27,Male,Delhi,Delhi,Self-Employed,83793.92,694,Savings,71683.77,2024-04-28
C104623,Neha Nayak,44,Female,Guwahati,Assam,Business,100337.36,701,Savings,88240.46,2018-09-16
C104624,Arjun Gupta,40,Male,Lucknow,Uttar Pradesh,Retired,54304.64,784,Savings,88752.06,2016-12-26
C104625,Kavya Verma,49,Female,Ahmedabad,Gujarat,Business,89388.92,714,Current,82343.76,2019-05-17
C104626,Amit Mishra,29,Female,Chandigarh,Chandigarh,Salaried,39843.46,716,Current,45153.56,2024-04-08
C104627,Sneha Panda,29,Female,Ahmedabad,Gujarat,Business,47735.34,717,Savings,46510.61,2017-07-24
C104628,Ananya Das,47,Female,Chennai,Tamil Nadu,Business,45964.62,681,Savings,51102.99,2019-03-03
C104629,Ankit Mohanty,40,Female,Lucknow,Uttar Pradesh,Business,55726.68,613,Premium Savings,78786.87,2025-04-16
C104630,Sahil Jain,21,Female,Ahmedabad,Gujarat,Student,27106.22,807,Savings,51341.9,2024-05-24
C104631,Neha Mehta,31,Female,Mumbai,Maharashtra,Salaried,48597.91,774,Savings,73776.12,2019-07-05
C104632,Amit Mehta,40,Male,Bengaluru,Karnataka,Salaried,122210.47,786,Savings,212185.78,2015-07-03
C104633,Karan Dasgupta,44,Female,Kochi,Kerala,Self-Employed,30157.77,635,Savings,36156.71,2016-09-30
C104634,Nisha Sahu,29,Male,Pune,Maharashtra,Retired,26475.15,799,Savings,30513.77,2016-08-03
C104635,Rahul Panda,18,Male,Guwahati,Assam,Salaried,27675.7,833,Current,10993.08,2021-09-18
C104636,Riya Mehta,41,Female,Kolkata,West Bengal,Retired,237782.38,773,Premium Savings,182442.41,2017-10-05
C104637,Amit Singh,24,Male,Chandigarh,Chandigarh,Student,71022.86,812,Savings,129380.3,2021-12-21
C104638,Ankit Roul,18,Male,Chandigarh,Chandigarh,Student,47403.08,757,Salary,60904.38,2022-07-01
C104639,Sneha Rao,18,Female,Hyderabad,Telangana,Student,57106.01,650,Salary,57622.5,2017-11-23
C104640,Nisha Singh,44,Male,Jaipur,Rajasthan,Student,62335.73,738,Savings,118595.04,2024-11-21
C104641,Ankit Kumar,37,Male,Jaipur,Rajasthan,Business,38670.84,639,Savings,34551.74,2025-05-05
C104642,Priya Rao,34,Female,Bengaluru,Karnataka,Business,41382.74,666,Savings,51460.19,2019-09-28
C104643,Aditya Das,50,Female,Kochi,Kerala,Salaried,50431.07,726,Salary,20237.0,2022-08-18
C104644,Pooja Sahu,42,Female,Pune,Maharashtra,Salaried,36918.69,717,Savings,28312.87,2021-05-25
C104645,Karan Dasgupta,52,Male,Chennai,Tamil Nadu,Salaried,44213.01,735,Savings,71271.42,2022-12-18
C104646,Amit Mehta,22,Male,Bengaluru,Karnataka,Salaried,66788.68,589,Salary,96489.49,2024-09-07
C104647,Sahil Roul,36,Female,Ahmedabad,Gujarat,Salaried,31781.96,695,Current,67973.13,2025-02-11
C104648,Ankit Sahu,20,Male,Delhi,Delhi,Student,231089.57,741,Savings,70556.61,2022-01-08
C104649,Riya Mehta,34,Female,Bhubaneswar,Odisha,Business,83226.79,754,Current,28728.18,2018-06-22
C104650,Isha Sahu,34,Female,Hyderabad,Telangana,Salaried,27351.92,758,Current,38594.61,2017-04-19
C104651,Amit Panda,42,Male,Bengaluru,Karnataka,Business,14076.21,721,Current,42933.74,2025-07-18
C104652,Aarav Sahu,36,Male,Lucknow,Uttar Pradesh,Self-Employed,37682.9,680,Savings,55514.22,2024-11-08
C104653,Arjun Jain,42,Male,Pune,Maharashtra,Salaried,80136.51,738,Savings,68767.54,2022-04-30
C104654,Riya Singh,43,Female,Kolkata,West Bengal,Student,72030.64,686,Savings,25089.44,2023-04-06
C104655,Ankit Panda,58,Male,Ahmedabad,Gujarat,Salaried,51747.0,764,Premium Savings,89084.59,2025-03-31
C104656,Kavya Panda,33,Male,Bhubaneswar,Odisha,Business,39509.45,733,Savings,24858.91,2018-01-21
C104657,Amit Behera,27,Female,Hyderabad,Telangana,Salaried,33450.31,701,Savings,59597.13,2019-08-04
C104658,Aditi Dasgupta,38,Female,Chennai,Tamil Nadu,Self-Employed,44075.87,655,Savings,50864.29,2022-09-28
C104659,Aditya Sahu,28,Male,Pune,Maharashtra,Business,31516.91,778,Premium Savings,36558.83,2015-02-11
C104660,Arjun Verma,51,Female,Mumbai,Maharashtra,Salaried,44165.79,741,Current,43693.76,2019-08-31
C104661,Amit Bose,33,Male,Mumbai,Maharashtra,Retired,114360.55,842,Savings,90023.72,2024-03-27
C104662,Aditya Kumar,30,Female,Ahmedabad,Gujarat,Salaried,35986.77,739,Premium Savings,92064.36,2019-08-22
C104663,Sneha Bose,31,Female,Bengaluru,Karnataka,Self-Employed,76962.47,745,Salary,37204.79,2019-03-25
C104664,Karan Mohanty,43,Male,Pune,Maharashtra,Student,83698.1,610,Savings,136008.57,2018-02-13
C104665,Aditya Sharma,34,Female,Mumbai,Maharashtra,Retired,30372.95,725,Current,11713.71,2024-06-13
C104666,Amit Sharma,30,Male,Bhubaneswar,Odisha,Salaried,34587.03,684,Salary,66230.08,2025-02-07
C104667,Kavya Roul,53,Other,Kochi,Kerala,Salaried,99013.09,759,Savings,195756.79,2017-02-15
C104668,Kavya Singh,27,Male,Mumbai,Maharashtra,Business,33054.67,727,Savings,62024.92,2024-02-28
C104669,Sneha Patel,36,Male,Delhi,Delhi,Salaried,53288.26,769,Salary,83019.42,2023-09-27
C104670,Kavya Das,43,Male,Ahmedabad,Gujarat,Self-Employed,168902.95,844,Salary,122532.78,2020-06-22
C104671,Aarav Kumar,20,Male,Bhubaneswar,Odisha,Business,94277.35,653,Savings,110922.61,2017-11-04
C104672,Sahil Dasgupta,41,Female,Jaipur,Rajasthan,Self-Employed,57639.61,767,Savings,62366.57,2021-09-24
C104673,Aditi Sahu,25,Female,Delhi,Delhi,Salaried,87333.58,749,Salary,109827.88,2015-02-12
C104674,Kavya Dasgupta,44,Female,Jaipur,Rajasthan,Self-Employed,53334.11,834,Savings,91946.59,2022-01-10
C104675,Aarav Dasgupta,26,Male,Kochi,Kerala,Student,96289.64,751,Salary,19965.1,2022-10-07
C104676,Rahul Jain,43,Male,Hyderabad,Telangana,Self-Employed,17847.92,744,Savings,18534.83,2019-06-08
C104677,Sahil Panda,47,Female,Mumbai,Maharashtra,Business,50944.5,760,Current,97886.61,2015-06-21
C104678,Karan Kumar,45,Male,Kochi,Kerala,Salaried,17458.84,765,Current,13933.1,2022-10-21
C104679,Rahul Kumar,39,Female,Chennai,Tamil Nadu,Salaried,60104.13,800,Savings,75507.82,2023-08-09
C104680,Ankit Jain,34,Female,Chandigarh,Chandigarh,Salaried,48300.18,652,Savings,91313.57,2020-01-14
C104681,Karan Panda,30,Male,Mumbai,Maharashtra,Self-Employed,116249.02,679,Savings,54786.8,2016-06-11
C104682,Ankit Mohanty,51,Female,Lucknow,Uttar Pradesh,Salaried,81356.3,818,Current,76459.54,2022-06-08
C104683,Sneha Das,29,Female,Kolkata,West Bengal,Self-Employed,41181.33,578,Savings,72546.98,2022-09-25
C104684,Priya Gupta,26,Female,Pune,Maharashtra,Business,43987.88,699,Savings,83581.28,2017-07-02
C104685,Rahul Panda,43,Male,Chennai,Tamil Nadu,Business,67810.45,715,Savings,78957.51,2015-10-16
C104686,Rohan Jain,28,Male,Ahmedabad,Gujarat,Salaried,40142.07,694,Savings,52514.05,2022-02-24
C104687,Ankit Verma,26,Male,Bengaluru,Karnataka,Business,54029.39,808,Current,58877.68,2016-04-13
C104688,Sneha Roul,22,Male,Chennai,Tamil Nadu,Business,113467.58,736,Savings,39231.38,2016-04-17
C104689,Karan Behera,31,Male,Indore,Madhya Pradesh,Salaried,34859.01,680,Savings,49672.93,2016-10-12
C104690,Arjun Mohanty,35,Female,Jaipur,Rajasthan,Salaried,42996.22,664,Savings,49585.07,2025-02-12
C104691,Rahul Panda,38,Female,Indore,Madhya Pradesh,Self-Employed,46443.91,723,Current,39340.75,2023-11-15
C104692,Nisha Nayak,46,Female,Kolkata,West Bengal,Salaried,312396.61,781,Savings,559153.34,2020-06-24
C104693,Aarav Roul,41,Male,Delhi,Delhi,Salaried,76850.86,714,Savings,137289.7,2015-09-30
C104694,Sneha Panda,34,Female,Bengaluru,Karnataka,Salaried,102511.07,696,Salary,59508.85,2017-01-21
C104695,Sahil Bose,34,Male,Guwahati,Assam,Salaried,83914.83,660,Salary,151356.84,2021-01-08
C104696,Aditya Kumar,41,Female,Delhi,Delhi,Retired,87077.61,729,Savings,116981.16,2018-09-02
C104697,Rohan Sahu,49,Female,Pune,Maharashtra,Business,71364.36,726,Savings,79560.28,2016-11-16
C104698,Sneha Nayak,37,Female,Kochi,Kerala,Self-Employed,67237.51,658,Salary,54000.87,2025-07-31
C104699,Nisha Mohanty,31,Other,Guwahati,Assam,Retired,24764.81,772,Premium Savings,22831.5,2023-04-20
C104700,Aditya Behera,26,Female,Mumbai,Maharashtra,Self-Employed,66964.24,816,Savings,143633.99,2017-11-16
C104701,Neha Mohanty,22,Male,Bengaluru,Karnataka,Business,51818.34,708,Salary,18254.58,2025-09-17
C104702,Aarav Sahu,43,Male,Indore,Madhya Pradesh,Salaried,74242.33,725,Savings,94162.36,2022-08-20
C104703,Riya Mishra,42,Male,Chandigarh,Chandigarh,Self-Employed,52897.74,633,Savings,115487.45,2023-01-07
C104704,Karan Mehta,42,Male,Chandigarh,Chandigarh,Salaried,83686.15,753,Current,28037.17,2025-06-08
C104705,Amit Behera,35,Female,Guwahati,Assam,Salaried,92230.98,735,Savings,167061.51,2022-10-17
C104706,Arjun Patel,50,Male,Bengaluru,Karnataka,Salaried,12000.0,684,Savings,65603.66,2019-06-20
C104707,Arjun Jain,31,Female,Lucknow,Uttar Pradesh,Salaried,43323.37,657,Savings,37211.05,2018-03-12
C104708,Arjun Das,46,Male,Mumbai,Maharashtra,Salaried,19801.75,825,Salary,38548.85,2021-01-05
C104709,Ananya Panda,36,Male,Kolkata,West Bengal,Salaried,62724.54,730,Salary,119664.9,2018-03-19
C104710,Aarav Kumar,30,Female,Bengaluru,Karnataka,Student,46615.99,645,Savings,72241.91,2018-03-12
C104711,Sneha Mishra,42,Male,Hyderabad,Telangana,Salaried,115936.06,761,Current,44841.33,2024-08-05
C104712,Nisha Behera,40,Female,Ahmedabad,Gujarat,Business,61640.42,720,Savings,75316.82,2021-05-24
C104713,Sahil Panda,40,Female,Hyderabad,Telangana,Self-Employed,42110.27,709,Current,51647.31,2017-12-07
C104714,Vivaan Reddy,37,Male,Bhubaneswar,Odisha,Self-Employed,92161.97,769,Salary,52951.82,2016-03-20
C104715,Karan Mishra,36,Male,Hyderabad,Telangana,Salaried,46169.61,535,Savings,45786.28,2023-07-15
C104716,Amit Gupta,60,Male,Bhubaneswar,Odisha,Student,41822.5,588,Savings,38204.92,2016-05-04
C104717,Sahil Roul,48,Female,Lucknow,Uttar Pradesh,Salaried,68294.36,795,Salary,124229.77,2019-06-06
C104718,Kavya Sahu,43,Female,Delhi,Delhi,Business,133548.87,697,Salary,44077.75,2024-03-24
C104719,Kavya Roul,37,Male,Lucknow,Uttar Pradesh,Self-Employed,87951.61,677,Savings,104645.81,2024-12-06
C104720,Sahil Dasgupta,46,Female,Bengaluru,Karnataka,Salaried,75124.39,618,Salary,160722.21,2024-11-29
C104721,Arjun Nayak,41,Male,Ahmedabad,Gujarat,Salaried,249723.64,718,Premium Savings,325856.05,2017-04-07
C104722,Vivaan Panda,36,Female,Jaipur,Rajasthan,Salaried,36763.58,726,Savings,77235.34,2025-08-28
C104723,Riya Gupta,33,Female,Bengaluru,Karnataka,Student,36315.27,799,Savings,58912.09,2015-12-21
C104724,Aditya Patel,35,Female,Delhi,Delhi,Business,59584.56,729,Savings,108682.76,2021-03-22
C104725,Aditya Sahu,18,Female,Chennai,Tamil Nadu,Retired,126544.96,685,Salary,178078.39,2024-06-29
C104726,Kavya Behera,38,Male,Kochi,Kerala,Salaried,32766.48,731,Savings,21357.6,2020-08-01
C104727,Karan Patel,31,Other,Jaipur,Rajasthan,Salaried,144365.48,777,Savings,177640.42,2017-04-02
C104728,Aditya Gupta,52,Male,Bengaluru,Karnataka,Salaried,24923.62,763,Savings,29419.12,2016-06-04
C104729,Riya Reddy,36,Female,Jaipur,Rajasthan,Retired,51452.72,745,Savings,83970.83,2020-10-23
C104730,Arjun Jain,24,Male,Bengaluru,Karnataka,Salaried,60505.8,723,Salary,55752.41,2015-05-27
C104731,Aarav Nayak,36,Other,Pune,Maharashtra,Salaried,33848.19,667,Savings,66523.42,2020-04-04
C104732,Nisha Panda,26,Female,Chennai,Tamil Nadu,Student,39081.7,638,Salary,59577.37,2020-05-15
C104733,Aditya Sharma,41,Female,Guwahati,Assam,Self-Employed,85240.78,628,Savings,30694.63,2016-03-23
C104734,Vivaan Nayak,39,Male,Jaipur,Rajasthan,Self-Employed,121533.37,731,Premium Savings,133781.53,2016-04-01
C104735,Rohan Patel,46,Female,Guwahati,Assam,Salaried,17189.48,737,Current,37450.24,2017-07-25
C104736,Rahul Bose,28,Female,Bengaluru,Karnataka,Self-Employed,60731.54,776,Savings,89814.14,2015-06-05
C104737,Riya Sahu,36,Female,Chandigarh,Chandigarh,Student,51677.02,742,Salary,77486.67,2024-05-05
C104738,Neha Kumar,22,Male,Jaipur,Rajasthan,Self-Employed,58346.61,773,Savings,67155.92,2019-05-09
C104739,Sneha Dasgupta,43,Male,Hyderabad,Telangana,Salaried,46206.09,697,Current,43770.66,2017-01-25
C104740,Vivaan Reddy,41,Male,Pune,Maharashtra,Salaried,27046.71,755,Premium Savings,23004.22,2015-12-09
C104741,Aditi Behera,41,Male,Indore,Madhya Pradesh,Salaried,128457.3,640,Savings,55905.58,2023-07-21
C104742,Vivaan Mishra,36,Male,Mumbai,Maharashtra,Self-Employed,104059.67,701,Salary,177019.96,2022-10-12
C104743,Ankit Singh,40,Male,Chennai,Tamil Nadu,Salaried,51942.59,586,Savings,78513.73,2024-01-17
C104744,Arjun Roul,52,Male,Chandigarh,Chandigarh,Self-Employed,42045.86,707,Salary,50919.96,2015-10-04
C104745,Sahil Bose,33,Male,Bhubaneswar,Odisha,Self-Employed,39336.03,785,Savings,45630.31,2017-09-17
C104746,Priya Nayak,37,Male,Delhi,Delhi,Business,13266.26,710,Salary,22363.04,2019-11-21
C104747,Riya Gupta,25,Female,Bhubaneswar,Odisha,Salaried,66815.44,752,Savings,54490.19,2021-11-25
C104748,Rahul Patel,27,Female,Kolkata,West Bengal,Business,84479.69,723,Savings,122204.49,2019-02-28
C104749,Karan Mehta,37,Male,Chandigarh,Chandigarh,Self-Employed,59333.81,668,Premium Savings,116609.64,2019-11-30
C104750,Karan Reddy,47,Female,Bengaluru,Karnataka,Salaried,52449.36,693,Savings,118736.42,2023-04-13
C104751,Neha Patel,33,Female,Hyderabad,Telangana,Retired,59186.54,782,Savings,72731.94,2016-08-07
C104752,Kavya Panda,34,Female,Bhubaneswar,Odisha,Salaried,34400.08,752,Current,66055.39,2019-12-16
C104753,Arjun Rao,32,Male,Pune,Maharashtra,Self-Employed,41786.69,665,Premium Savings,54618.8,2021-09-11
C104754,Nisha Kumar,31,Male,Pune,Maharashtra,Salaried,50191.72,615,Salary,30105.29,2023-08-17
C104755,Karan Dasgupta,39,Female,Delhi,Delhi,Self-Employed,80681.18,718,Savings,57700.0,2015-06-18
C104756,Sneha Patel,21,Male,Pune,Maharashtra,Self-Employed,117413.9,667,Salary,161326.88,2022-06-08
C104757,Aditya Mehta,49,Male,Pune,Maharashtra,Salaried,48487.3,693,Savings,47816.45,2025-06-21
C104758,Kavya Kumar,29,Male,Jaipur,Rajasthan,Business,30960.16,610,Premium Savings,43660.38,2020-08-24
C104759,Aditya Rao,43,Male,Hyderabad,Telangana,Self-Employed,56088.96,773,Current,87434.62,2023-08-07
C104760,Arjun Roul,23,Other,Indore,Madhya Pradesh,Business,166276.7,699,Current,112892.16,2025-12-05
C104761,Rahul Kumar,43,Male,Bhubaneswar,Odisha,Salaried,32477.24,709,Current,14827.43,2017-02-13
C104762,Nisha Nayak,43,Female,Guwahati,Assam,Salaried,89527.48,651,Current,114990.47,2023-08-14
C104763,Aarav Singh,40,Other,Jaipur,Rajasthan,Self-Employed,114676.08,687,Salary,161393.87,2017-05-11
C104764,Ankit Mohanty,26,Female,Chandigarh,Chandigarh,Salaried,45119.97,713,Savings,80664.37,2023-02-17
C104765,Aarav Das,38,Male,Chandigarh,Chandigarh,Business,37409.87,665,Savings,47598.06,2018-07-26
C104766,Isha Dasgupta,24,Male,Guwahati,Assam,Salaried,75456.73,691,Savings,27658.33,2015-06-29
C104767,Aditya Nayak,33,Male,Bengaluru,Karnataka,Salaried,66793.28,795,Savings,129681.62,2021-05-18
C104768,Aditya Kumar,46,Male,Ahmedabad,Gujarat,Student,80596.8,591,Savings,135049.85,2015-02-28
C104769,Rahul Dasgupta,44,Female,Chennai,Tamil Nadu,Business,172065.18,717,Savings,264938.78,2025-08-21
C104770,Pooja Nayak,36,Male,Delhi,Delhi,Self-Employed,60292.56,654,Premium Savings,42856.0,2016-09-17
C104771,Priya Singh,26,Female,Chandigarh,Chandigarh,Student,28548.65,792,Savings,43850.53,2018-10-30
C104772,Kavya Reddy,42,Female,Jaipur,Rajasthan,Business,57053.26,693,Premium Savings,85744.35,2024-08-21
C104773,Aditi Roul,36,Female,Mumbai,Maharashtra,Self-Employed,62814.72,637,Salary,54742.53,2025-08-28
C104774,Neha Rao,18,Female,Pune,Maharashtra,Retired,110418.31,691,Current,184869.29,2017-10-24
C104775,Isha Verma,44,Male,Indore,Madhya Pradesh,Business,49358.64,728,Savings,63328.48,2025-05-03
C104776,Kavya Jain,36,Male,Jaipur,Rajasthan,Self-Employed,43918.95,850,Savings,43435.87,2016-12-19
C104777,Ankit Sahu,48,Male,Jaipur,Rajasthan,Salaried,25872.39,568,Premium Savings,29388.56,2018-12-05
C104778,Karan Behera,25,Male,Hyderabad,Telangana,Student,74322.24,627,Salary,140121.78,2020-03-07
C104779,Aditya Mishra,18,Female,Hyderabad,Telangana,Salaried,346834.3,790,Premium Savings,121491.04,2017-04-01
C104780,Riya Reddy,39,Male,Delhi,Delhi,Salaried,48662.47,607,Premium Savings,94731.94,2025-02-09
C104781,Vivaan Rao,39,Male,Indore,Madhya Pradesh,Salaried,70520.85,706,Savings,139925.76,2022-03-23
C104782,Ankit Behera,19,Other,Chandigarh,Chandigarh,Salaried,40691.74,674,Current,36923.38,2015-08-20
C104783,Arjun Jain,26,Male,Chennai,Tamil Nadu,Salaried,27183.94,663,Salary,46075.34,2019-05-22
C104784,Arjun Panda,64,Female,Ahmedabad,Gujarat,Business,69836.93,694,Savings,81898.5,2019-04-06
C104785,Ankit Das,33,Male,Hyderabad,Telangana,Self-Employed,55859.34,683,Savings,101995.8,2016-09-19
C104786,Amit Singh,43,Male,Delhi,Delhi,Salaried,14809.64,774,Savings,500.0,2025-08-14
C104787,Arjun Verma,29,Female,Ahmedabad,Gujarat,Business,133332.9,791,Savings,173159.04,2018-04-10
C104788,Ankit Patel,18,Female,Guwahati,Assam,Self-Employed,69138.63,733,Savings,45846.48,2020-09-01
C104789,Aditya Mishra,34,Male,Guwahati,Assam,Self-Employed,57281.39,690,Savings,37404.38,2015-09-18
C104790,Aditya Mehta,33,Male,Chennai,Tamil Nadu,Salaried,43608.23,722,Current,83108.05,2017-07-11
C104791,Karan Mehta,32,Male,Lucknow,Uttar Pradesh,Student,68734.07,757,Current,58379.46,2017-01-23
C104792,Vivaan Sahu,35,Male,Bhubaneswar,Odisha,Salaried,70499.17,770,Savings,12708.95,2022-01-13
C104793,Aditi Sahu,39,Male,Delhi,Delhi,Salaried,68584.05,729,Salary,30046.39,2017-03-07
C104794,Rohan Jain,34,Female,Indore,Madhya Pradesh,Salaried,98961.35,804,Salary,65834.12,2018-10-07
C104795,Aditya Sahu,23,Male,Indore,Madhya Pradesh,Business,112138.24,665,Savings,146461.88,2022-05-19
C104796,Riya Gupta,41,Male,Delhi,Delhi,Self-Employed,165738.19,779,Savings,228810.44,2023-02-01
C104797,Ananya Mehta,18,Female,Chandigarh,Chandigarh,Salaried,34711.46,751,Savings,54996.32,2019-12-03
C104798,Rohan Mehta,18,Male,Chandigarh,Chandigarh,Salaried,40123.06,665,Salary,45084.24,2015-04-14
C104799,Rohan Rao,43,Male,Chennai,Tamil Nadu,Business,67086.54,720,Savings,23813.31,2024-10-08
C104800,Ankit Reddy,41,Other,Ahmedabad,Gujarat,Business,35831.71,725,Savings,73380.52,2019-12-10
C104801,Aarav Singh,35,Male,Indore,Madhya Pradesh,Salaried,39150.96,696,Savings,26167.47,2015-10-12
C104802,Ananya Nayak,22,Female,Mumbai,Maharashtra,Student,71429.39,695,Savings,65334.94,2024-06-16
C104803,Kavya Reddy,29,Male,Chennai,Tamil Nadu,Retired,90269.21,606,Premium Savings,90428.86,2017-10-03
C104804,Pooja Panda,33,Male,Chandigarh,Chandigarh,Salaried,110951.54,660,Savings,108375.93,2021-09-30
C104805,Riya Behera,20,Male,Lucknow,Uttar Pradesh,Self-Employed,49471.43,690,Current,79764.41,2020-12-04
C104806,Aditi Gupta,29,Male,Kochi,Kerala,Salaried,70956.52,668,Savings,48950.83,2018-03-24
C104807,Isha Bose,43,Male,Chandigarh,Chandigarh,Business,62856.22,649,Savings,61412.93,2021-03-30
C104808,Ananya Sahu,50,Male,Kolkata,West Bengal,Salaried,55536.74,774,Savings,74531.3,2016-10-21
C104809,Sneha Behera,32,Female,Kolkata,West Bengal,Salaried,35111.48,698,Current,61045.26,2016-08-10
C104810,Ankit Bose,44,Female,Kolkata,West Bengal,Business,32739.0,846,Savings,42905.42,2021-02-19
C104811,Nisha Behera,18,Male,Indore,Madhya Pradesh,Business,79360.78,719,Savings,68566.31,2025-10-24
C104812,Amit Patel,43,Female,Chandigarh,Chandigarh,Salaried,34788.35,773,Salary,38430.11,2018-07-24
C104813,Aarav Verma,28,Female,Chandigarh,Chandigarh,Salaried,20697.81,691,Savings,54354.16,2015-08-21
C104814,Arjun Panda,39,Female,Chennai,Tamil Nadu,Salaried,54047.56,662,Current,66896.82,2016-04-01
C104815,Priya Sahu,34,Male,Kochi,Kerala,Self-Employed,122451.54,722,Premium Savings,76430.75,2022-09-05
C104816,Pooja Verma,49,Female,Mumbai,Maharashtra,Business,12000.0,789,Savings,24435.29,2015-09-24
C104817,Sneha Roul,27,Male,Delhi,Delhi,Self-Employed,46934.43,699,Savings,66683.48,2019-08-07
C104818,Ananya Verma,42,Male,Kochi,Kerala,Self-Employed,79734.42,734,Salary,70219.14,2020-10-22
C104819,Isha Nayak,33,Female,Jaipur,Rajasthan,Business,20174.31,722,Savings,70393.42,2020-12-28
C104820,Rahul Das,34,Female,Chennai,Tamil Nadu,Self-Employed,48910.89,699,Premium Savings,38501.29,2015-03-13
C104821,Pooja Reddy,34,Female,Ahmedabad,Gujarat,Self-Employed,29389.33,702,Salary,56678.54,2021-12-08
C104822,Pooja Singh,28,Female,Hyderabad,Telangana,Self-Employed,31607.21,640,Savings,89674.46,2023-01-30
C104823,Sneha Jain,36,Male,Hyderabad,Telangana,Student,44079.87,704,Current,84006.59,2016-11-26
C104824,Rahul Verma,35,Female,Lucknow,Uttar Pradesh,Salaried,29654.14,747,Savings,44805.51,2023-02-13
C104825,Sneha Verma,38,Male,Pune,Maharashtra,Salaried,28328.48,724,Savings,45769.16,2025-06-17
C104826,Aarav Gupta,37,Male,Lucknow,Uttar Pradesh,Salaried,53237.11,717,Current,83751.05,2018-08-10
C104827,Sneha Sharma,44,Female,Bhubaneswar,Odisha,Business,187215.37,752,Current,78082.67,2019-02-26
C104828,Kavya Sharma,45,Male,Bhubaneswar,Odisha,Salaried,83437.01,718,Current,131635.47,2015-06-07
C104829,Vivaan Reddy,25,Female,Jaipur,Rajasthan,Salaried,95882.76,706,Salary,154177.3,2016-08-10
C104830,Ankit Gupta,45,Male,Lucknow,Uttar Pradesh,Retired,85270.41,753,Savings,139598.11,2025-02-09
C104831,Arjun Mishra,24,Female,Pune,Maharashtra,Student,37476.0,714,Savings,66417.87,2016-03-01
C104832,Aarav Jain,42,Male,Guwahati,Assam,Retired,65254.23,690,Savings,147357.5,2022-09-03
C104833,Isha Sahu,42,Male,Bhubaneswar,Odisha,Salaried,100591.23,735,Salary,98032.86,2017-08-15
C104834,Rohan Gupta,18,Female,Delhi,Delhi,Student,86740.32,703,Savings,64570.61,2015-01-25
C104835,Vivaan Bose,37,Male,Delhi,Delhi,Salaried,61211.57,687,Savings,72668.32,2019-04-11
C104836,Pooja Kumar,31,Female,Bengaluru,Karnataka,Salaried,73211.96,715,Savings,68771.18,2015-01-15
C104837,Aarav Sharma,28,Female,Kochi,Kerala,Salaried,213132.46,716,Current,160245.15,2021-04-23
C104838,Neha Sahu,50,Male,Bengaluru,Karnataka,Self-Employed,87271.76,633,Savings,174538.46,2015-08-28
C104839,Riya Behera,29,Female,Chennai,Tamil Nadu,Salaried,46246.95,727,Savings,72282.29,2024-02-15
C104840,Vivaan Gupta,28,Male,Kolkata,West Bengal,Self-Employed,52805.37,825,Savings,76893.0,2019-05-07
C104841,Arjun Rao,37,Female,Kochi,Kerala,Business,30801.09,641,Current,25130.77,2023-08-15
C104842,Rahul Dasgupta,43,Male,Indore,Madhya Pradesh,Salaried,199977.12,672,Salary,377323.15,2021-05-11
C104843,Rahul Sharma,35,Male,Kochi,Kerala,Salaried,132882.0,850,Savings,100369.43,2016-05-05
C104844,Kavya Sahu,48,Male,Bengaluru,Karnataka,Salaried,57575.69,652,Salary,39444.43,2024-08-11
C104845,Rohan Roul,41,Female,Chandigarh,Chandigarh,Student,182506.22,789,Savings,278026.49,2017-07-08
C104846,Isha Kumar,18,Female,Indore,Madhya Pradesh,Salaried,77878.76,690,Salary,118470.46,2023-07-19
C104847,Arjun Verma,31,Female,Chandigarh,Chandigarh,Salaried,43396.02,709,Current,41925.92,2022-01-17
C104848,Rohan Singh,30,Female,Bhubaneswar,Odisha,Salaried,90548.18,696,Savings,105751.41,2015-05-25
C104849,Amit Singh,41,Female,Chennai,Tamil Nadu,Student,68483.11,733,Savings,59670.4,2021-04-27
C104850,Riya Singh,18,Female,Kolkata,West Bengal,Salaried,87195.65,602,Salary,75644.29,2021-02-12
C104851,Rohan Das,61,Male,Hyderabad,Telangana,Salaried,25902.32,717,Savings,56396.48,2015-10-30
C104852,Riya Singh,41,Female,Kolkata,West Bengal,Salaried,35221.63,679,Salary,85432.17,2015-03-23
C104853,Ankit Sharma,37,Female,Bengaluru,Karnataka,Student,124710.14,584,Salary,123577.31,2022-04-11
C104854,Riya Gupta,48,Male,Kochi,Kerala,Salaried,139568.96,778,Salary,156799.29,2024-03-29
C104855,Kavya Mehta,59,Female,Pune,Maharashtra,Self-Employed,119778.62,568,Salary,94767.24,2025-03-19
C104856,Rahul Bose,45,Male,Chennai,Tamil Nadu,Salaried,186342.99,845,Savings,254894.29,2020-05-05
C104857,Karan Verma,45,Female,Jaipur,Rajasthan,Retired,75556.88,745,Premium Savings,129593.0,2025-07-05
C104858,Aditi Panda,37,Female,Kochi,Kerala,Self-Employed,72691.83,617,Salary,104527.67,2021-05-29
C104859,Aditi Nayak,35,Female,Ahmedabad,Gujarat,Self-Employed,33283.75,792,Savings,67208.31,2022-03-26
C104860,Vivaan Sharma,31,Female,Bhubaneswar,Odisha,Salaried,39966.47,656,Salary,19589.09,2019-05-01
C104861,Sahil Reddy,28,Male,Chandigarh,Chandigarh,Salaried,18426.5,659,Salary,40724.6,2018-03-02
C104862,Vivaan Dasgupta,29,Female,Kochi,Kerala,Salaried,46086.31,588,Salary,36225.73,2022-09-09
C104863,Sahil Mohanty,22,Male,Bhubaneswar,Odisha,Self-Employed,17727.97,649,Savings,34281.47,2021-11-28
C104864,Aditi Kumar,35,Male,Kolkata,West Bengal,Retired,99669.99,656,Savings,70552.52,2019-05-04
C104865,Amit Verma,19,Female,Guwahati,Assam,Salaried,68098.32,758,Salary,60173.98,2020-01-16
C104866,Arjun Kumar,38,Female,Bengaluru,Karnataka,Student,18046.29,781,Salary,26731.74,2025-03-17
C104867,Amit Verma,36,Female,Indore,Madhya Pradesh,Salaried,49546.33,624,Current,58884.39,2023-05-23
C104868,Aarav Mehta,37,Male,Bhubaneswar,Odisha,Student,162315.79,723,Savings,227438.03,2017-08-31
C104869,Karan Mehta,31,Female,Pune,Maharashtra,Salaried,51326.99,585,Premium Savings,28299.2,2022-08-29
C104870,Pooja Singh,67,Female,Kochi,Kerala,Salaried,31760.68,723,Savings,28511.39,2020-07-02
C104871,Rohan Bose,50,Male,Ahmedabad,Gujarat,Salaried,20600.33,846,Salary,17484.86,2021-11-14
C104872,Nisha Singh,24,Female,Bhubaneswar,Odisha,Business,20941.39,589,Savings,61676.84,2017-10-21
C104873,Aarav Sahu,38,Female,Jaipur,Rajasthan,Business,73840.12,639,Savings,76858.96,2018-11-14
C104874,Ankit Kumar,30,Female,Bengaluru,Karnataka,Salaried,43323.85,752,Current,82733.8,2025-12-28
C104875,Ananya Rao,26,Other,Chennai,Tamil Nadu,Self-Employed,45344.39,760,Salary,77212.72,2022-02-20
C104876,Riya Patel,23,Male,Pune,Maharashtra,Salaried,43422.27,644,Premium Savings,82938.86,2020-02-07
C104877,Aditi Mohanty,40,Female,Chennai,Tamil Nadu,Salaried,50917.22,801,Savings,35974.89,2020-05-16
C104878,Isha Mishra,29,Female,Guwahati,Assam,Salaried,28005.29,652,Salary,26830.12,2025-04-23
C104879,Aarav Singh,46,Male,Kolkata,West Bengal,Self-Employed,65443.75,814,Current,115661.63,2025-01-28
C104880,Riya Sharma,46,Female,Kolkata,West Bengal,Self-Employed,25149.67,735,Savings,43372.65,2016-09-19
C104881,Aditya Sharma,50,Female,Jaipur,Rajasthan,Business,36292.82,788,Salary,46751.5,2020-02-04
C104882,Ankit Kumar,27,Male,Bengaluru,Karnataka,Business,95898.32,729,Savings,68904.9,2021-01-06
C104883,Aditi Nayak,41,Male,Bhubaneswar,Odisha,Salaried,67643.14,748,Salary,116218.79,2024-11-11
C104884,Priya Mishra,42,Male,Delhi,Delhi,Business,80194.76,751,Savings,71280.11,2019-01-15
C104885,Ankit Reddy,31,Female,Guwahati,Assam,Salaried,179476.95,779,Salary,89550.3,2017-07-05
C104886,Aditi Mehta,28,Female,Kolkata,West Bengal,Business,53224.75,703,Savings,78861.78,2016-08-14
C104887,Rahul Bose,52,Male,Lucknow,Uttar Pradesh,Salaried,55653.02,647,Savings,69156.68,2018-03-20
C104888,Arjun Gupta,38,Male,Mumbai,Maharashtra,Business,47558.32,700,Savings,50636.04,2022-02-22
C104889,Ankit Rao,42,Male,Kochi,Kerala,Self-Employed,43097.09,662,Savings,76793.91,2023-03-14
C104890,Riya Sahu,28,Female,Indore,Madhya Pradesh,Salaried,31547.94,666,Savings,23198.23,2016-12-15
C104891,Pooja Nayak,24,Female,Lucknow,Uttar Pradesh,Business,57602.66,813,Savings,70451.97,2025-10-19
C104892,Rahul Dasgupta,30,Female,Delhi,Delhi,Salaried,66860.6,745,Savings,115749.86,2025-11-06
C104893,Vivaan Das,35,Female,Kolkata,West Bengal,Salaried,68941.4,742,Savings,23219.48,2019-05-11
C104894,Aditya Bose,25,Female,Kolkata,West Bengal,Self-Employed,56981.88,775,Salary,42211.7,2017-11-19
C104895,Riya Behera,36,Male,Delhi,Delhi,Student,91535.52,745,Premium Savings,73212.72,2024-11-21
C104896,Amit Sharma,19,Female,Ahmedabad,Gujarat,Salaried,55897.71,826,Savings,45814.94,2016-10-18
C104897,Sneha Mishra,25,Female,Lucknow,Uttar Pradesh,Salaried,43913.3,569,Savings,24830.5,2019-02-16
C104898,Ananya Rao,43,Female,Hyderabad,Telangana,Self-Employed,33032.43,640,Premium Savings,44678.96,2023-04-20
C104899,Riya Sharma,42,Female,Kolkata,West Bengal,Self-Employed,23462.35,659,Premium Savings,33816.06,2015-03-27
C104900,Amit Mohanty,32,Female,Hyderabad,Telangana,Salaried,122800.55,616,Savings,62595.02,2019-11-04
C104901,Riya Panda,26,Female,Lucknow,Uttar Pradesh,Student,37444.25,712,Current,88132.45,2024-01-13
C104902,Arjun Singh,26,Female,Chandigarh,Chandigarh,Self-Employed,33056.44,715,Salary,34525.34,2018-05-13
C104903,Arjun Mishra,32,Other,Kochi,Kerala,Salaried,43714.82,833,Salary,71389.98,2016-08-12
C104904,Aditi Mohanty,42,Female,Lucknow,Uttar Pradesh,Salaried,47191.76,764,Current,53777.74,2015-06-24
C104905,Sahil Mishra,45,Male,Mumbai,Maharashtra,Salaried,135438.14,672,Savings,255497.08,2020-02-27
C104906,Sneha Behera,31,Male,Mumbai,Maharashtra,Business,45917.77,737,Savings,15711.82,2019-08-08
C104907,Nisha Sharma,24,Female,Kolkata,West Bengal,Salaried,234087.31,586,Salary,286966.19,2022-12-20
C104908,Priya Mehta,39,Male,Pune,Maharashtra,Retired,56960.99,714,Savings,117845.56,2024-11-12
C104909,Riya Mehta,28,Male,Bhubaneswar,Odisha,Salaried,170493.76,711,Savings,90224.86,2021-01-26
C104910,Ananya Rao,31,Male,Pune,Maharashtra,Self-Employed,89926.65,646,Current,157961.84,2024-07-20
C104911,Ananya Panda,49,Female,Kochi,Kerala,Salaried,67081.2,692,Salary,129113.05,2017-07-18
C104912,Nisha Nayak,44,Male,Bhubaneswar,Odisha,Student,130993.76,660,Savings,250575.74,2019-07-06
C104913,Aarav Dasgupta,38,Male,Indore,Madhya Pradesh,Business,101957.86,644,Current,166277.4,2016-05-27
C104914,Sahil Das,23,Male,Pune,Maharashtra,Salaried,77976.44,749,Savings,63085.59,2024-06-03
C104915,Nisha Sharma,38,Female,Pune,Maharashtra,Student,196764.95,772,Salary,238434.87,2022-01-10
C104916,Neha Behera,47,Male,Kochi,Kerala,Salaried,41813.41,738,Salary,106694.89,2018-12-16
C104917,Neha Panda,32,Male,Chandigarh,Chandigarh,Business,31821.13,677,Salary,44321.85,2017-05-02
C104918,Vivaan Nayak,50,Female,Ahmedabad,Gujarat,Business,37917.25,662,Savings,60833.77,2025-07-24
C104919,Ananya Singh,49,Female,Jaipur,Rajasthan,Business,144183.02,679,Savings,70260.17,2019-07-21
C104920,Isha Behera,53,Male,Delhi,Delhi,Student,122150.17,691,Savings,182844.79,2019-09-21
C104921,Riya Sahu,39,Female,Chandigarh,Chandigarh,Student,41200.04,648,Current,68046.37,2024-11-28
C104922,Aarav Jain,42,Male,Delhi,Delhi,Retired,15063.51,773,Savings,30753.55,2019-09-08
C104923,Aditya Patel,50,Female,Lucknow,Uttar Pradesh,Salaried,49112.74,692,Salary,73257.91,2020-03-01
C104924,Sneha Mehta,40,Male,Kolkata,West Bengal,Salaried,31501.58,755,Savings,44933.86,2023-03-24
C104925,Neha Mohanty,31,Male,Chennai,Tamil Nadu,Self-Employed,41916.03,614,Savings,34399.85,2020-01-27
C104926,Amit Mishra,32,Female,Kochi,Kerala,Business,30796.72,660,Savings,500.0,2019-12-24
C104927,Pooja Gupta,38,Female,Kolkata,West Bengal,Self-Employed,22693.7,761,Current,53299.55,2025-09-05
C104928,Ananya Mohanty,23,Male,Jaipur,Rajasthan,Salaried,154948.93,762,Current,299135.81,2019-05-11
C104929,Vivaan Reddy,35,Male,Mumbai,Maharashtra,Student,37762.47,627,Savings,64655.75,2020-03-13
C104930,Sneha Mehta,47,Female,Mumbai,Maharashtra,Retired,119617.66,725,Savings,215418.77,2019-01-29
C104931,Rahul Mohanty,18,Female,Hyderabad,Telangana,Salaried,48695.14,726,Savings,103196.84,2018-10-15
C104932,Neha Reddy,51,Male,Jaipur,Rajasthan,Salaried,29529.53,659,Current,77428.89,2018-08-28
C104933,Amit Sahu,47,Female,Hyderabad,Telangana,Salaried,72771.24,728,Salary,43297.69,2022-06-18
C104934,Riya Reddy,31,Male,Kolkata,West Bengal,Salaried,44356.17,602,Salary,22393.22,2019-06-22
C104935,Ankit Panda,41,Male,Guwahati,Assam,Business,49078.82,645,Salary,109499.6,2016-06-29
C104936,Riya Patel,36,Male,Ahmedabad,Gujarat,Student,59562.81,744,Premium Savings,73536.76,2023-02-10
C104937,Rahul Verma,48,Male,Bengaluru,Karnataka,Salaried,35184.87,707,Savings,58697.62,2020-12-10
C104938,Amit Sharma,46,Male,Chandigarh,Chandigarh,Self-Employed,22549.39,710,Salary,51375.42,2017-04-23
C104939,Isha Gupta,22,Male,Hyderabad,Telangana,Business,53470.76,694,Savings,11406.03,2017-10-04
C104940,Karan Rao,42,Male,Ahmedabad,Gujarat,Salaried,93455.74,740,Salary,171959.39,2017-06-07
C104941,Sneha Behera,34,Male,Bhubaneswar,Odisha,Self-Employed,33497.07,743,Current,75496.1,2022-12-28
C104942,Aditi Das,37,Male,Kolkata,West Bengal,Business,59860.24,756,Salary,103074.47,2017-02-21
C104943,Aditi Jain,29,Male,Mumbai,Maharashtra,Business,125884.16,713,Savings,139494.64,2021-05-17
C104944,Ankit Gupta,53,Female,Jaipur,Rajasthan,Salaried,52350.55,680,Current,63045.4,2017-03-08
C104945,Ankit Mohanty,46,Male,Hyderabad,Telangana,Business,57667.0,669,Salary,70038.12,2025-08-19
C104946,Kavya Das,29,Female,Ahmedabad,Gujarat,Salaried,56695.79,636,Savings,85492.58,2024-10-18
C104947,Priya Sharma,23,Male,Jaipur,Rajasthan,Salaried,37789.97,679,Savings,68061.68,2023-03-07
C104948,Riya Nayak,32,Male,Ahmedabad,Gujarat,Salaried,31848.43,666,Salary,35278.84,2022-05-24
C104949,Rohan Mishra,40,Female,Guwahati,Assam,Salaried,31920.2,809,Savings,25446.99,2023-10-17
C104950,Rahul Gupta,38,Female,Bengaluru,Karnataka,Salaried,67345.36,637,Savings,19412.25,2021-12-09
C104951,Rohan Roul,49,Male,Delhi,Delhi,Salaried,83442.93,772,Current,111316.18,2019-01-28
C104952,Ankit Bose,44,Male,Jaipur,Rajasthan,Self-Employed,85637.94,688,Savings,119184.81,2025-02-04
C104953,Aarav Patel,46,Female,Bengaluru,Karnataka,Self-Employed,44662.52,692,Savings,20279.13,2020-03-12
C104954,Sahil Reddy,39,Female,Guwahati,Assam,Salaried,100348.88,731,Premium Savings,42008.96,2021-02-23
C104955,Pooja Singh,22,Other,Lucknow,Uttar Pradesh,Salaried,65129.87,613,Savings,109618.63,2024-09-02
C104956,Ankit Kumar,34,Male,Guwahati,Assam,Self-Employed,57182.13,653,Savings,41437.76,2023-07-27
C104957,Priya Mehta,47,Male,Chennai,Tamil Nadu,Salaried,12000.0,624,Savings,500.0,2023-11-19
C104958,Amit Jain,35,Female,Chandigarh,Chandigarh,Salaried,35084.45,680,Savings,9809.85,2019-07-31
C104959,Aditi Kumar,41,Female,Bengaluru,Karnataka,Business,23824.85,646,Savings,26800.08,2019-03-16
C104960,Priya Dasgupta,33,Female,Kolkata,West Bengal,Salaried,77650.94,791,Savings,65733.35,2022-03-22
C104961,Priya Mehta,26,Female,Delhi,Delhi,Salaried,57951.21,667,Savings,30079.45,2018-06-11
C104962,Pooja Nayak,35,Female,Lucknow,Uttar Pradesh,Salaried,30500.43,550,Salary,81587.33,2017-05-24
C104963,Nisha Sharma,39,Male,Jaipur,Rajasthan,Salaried,65022.45,683,Current,57978.97,2019-05-29
C104964,Sneha Das,29,Male,Lucknow,Uttar Pradesh,Retired,25138.8,757,Savings,36305.66,2016-08-01
C104965,Kavya Panda,34,Female,Ahmedabad,Gujarat,Salaried,30977.57,811,Salary,24872.55,2020-04-10
C104966,Sneha Sharma,27,Male,Kochi,Kerala,Self-Employed,37214.98,690,Salary,51574.78,2016-03-21
C104967,Rohan Gupta,47,Male,Delhi,Delhi,Business,74025.39,671,Current,75266.12,2021-02-01
C104968,Rohan Verma,33,Male,Kolkata,West Bengal,Salaried,118750.67,704,Savings,152043.64,2022-04-25
C104969,Pooja Patel,51,Male,Ahmedabad,Gujarat,Salaried,39846.26,732,Savings,54030.73,2020-01-27
C104970,Amit Roul,51,Male,Chandigarh,Chandigarh,Business,113827.65,632,Current,191221.95,2018-05-15
C104971,Amit Singh,35,Female,Mumbai,Maharashtra,Student,56452.81,689,Savings,78098.71,2025-02-22
C104972,Aditi Mehta,26,Male,Chennai,Tamil Nadu,Salaried,62627.79,702,Savings,89412.86,2024-05-04
C104973,Aditi Nayak,18,Female,Pune,Maharashtra,Salaried,53103.39,708,Premium Savings,47065.11,2025-09-19
C104974,Ananya Das,21,Male,Pune,Maharashtra,Business,49343.73,696,Salary,89589.08,2023-09-08
C104975,Amit Reddy,22,Male,Mumbai,Maharashtra,Salaried,70031.71,644,Savings,107242.77,2024-10-03
C104976,Priya Dasgupta,50,Female,Kolkata,West Bengal,Salaried,82641.32,727,Savings,77531.63,2021-12-29
C104977,Rahul Bose,37,Female,Ahmedabad,Gujarat,Salaried,33811.36,702,Savings,46247.25,2019-08-16
C104978,Sneha Mishra,40,Male,Chennai,Tamil Nadu,Salaried,49561.68,702,Savings,102343.57,2015-07-28
C104979,Vivaan Gupta,18,Female,Delhi,Delhi,Salaried,137749.18,635,Savings,149728.43,2017-03-27
C104980,Aarav Singh,24,Male,Lucknow,Uttar Pradesh,Salaried,60629.83,747,Current,67011.78,2017-06-08
C104981,Aditi Sahu,45,Other,Chennai,Tamil Nadu,Business,64393.64,643,Premium Savings,83347.27,2018-10-15
C104982,Sneha Das,39,Male,Bhubaneswar,Odisha,Self-Employed,104515.03,810,Salary,169564.44,2021-03-09
C104983,Aditi Behera,35,Male,Bhubaneswar,Odisha,Salaried,41747.88,628,Savings,11664.58,2024-12-24
C104984,Aditya Mohanty,42,Female,Lucknow,Uttar Pradesh,Salaried,53982.23,755,Savings,36477.32,2016-10-03
C104985,Rohan Kumar,52,Female,Jaipur,Rajasthan,Business,86193.77,581,Current,47342.49,2022-05-25
C104986,Kavya Nayak,34,Male,Mumbai,Maharashtra,Salaried,108714.96,558,Savings,192681.04,2019-04-24
C104987,Rohan Behera,37,Female,Lucknow,Uttar Pradesh,Salaried,14976.83,669,Salary,18683.23,2025-07-05
C104988,Rahul Singh,38,Male,Jaipur,Rajasthan,Salaried,36677.57,558,Savings,28524.22,2020-10-20
C104989,Aarav Nayak,60,Female,Indore,Madhya Pradesh,Salaried,31760.78,752,Savings,76780.05,2019-11-04
C104990,Aditya Sahu,18,Male,Bhubaneswar,Odisha,Student,51378.99,704,Current,47801.21,2017-01-08
C104991,Pooja Dasgupta,43,Female,Lucknow,Uttar Pradesh,Self-Employed,33110.92,796,Savings,61606.83,2025-07-30
C104992,Rohan Kumar,35,Male,Indore,Madhya Pradesh,Salaried,79248.72,694,Current,91273.97,2019-12-20
C104993,Ananya Mishra,42,Male,Indore,Madhya Pradesh,Business,60470.7,721,Premium Savings,58916.51,2015-04-08
C104994,Nisha Das,29,Female,Chennai,Tamil Nadu,Salaried,89692.56,688,Salary,127272.06,2022-10-13
C104995,Sneha Jain,36,Other,Jaipur,Rajasthan,Salaried,92896.65,648,Salary,160392.73,2017-04-25
C104996,Aditi Roul,43,Female,Chennai,Tamil Nadu,Salaried,79904.37,679,Savings,98958.35,2019-04-30
C104997,Kavya Sharma,67,Male,Bhubaneswar,Odisha,Self-Employed,45725.15,627,Savings,88750.91,2021-05-13
C104998,Sneha Mishra,44,Male,Indore,Madhya Pradesh,Salaried,58246.61,730,Savings,102951.69,2022-06-25
C104999,Rahul Verma,28,Female,Pune,Maharashtra,Salaried,42685.21,685,Current,85513.92,2016-12-06
C105000,Vivaan Roul,32,Female,Mumbai,Maharashtra,Salaried,25964.46,698,Savings,68520.82,2018-01-24
C105001,Arjun Mishra,31,Female,Ahmedabad,Gujarat,Salaried,92936.5,850,Savings,63147.75,2023-05-14
C105002,Nisha Das,18,Male,Bhubaneswar,Odisha,Business,52514.94,679,Savings,96971.19,2022-08-19
C105003,Isha Patel,33,Female,Jaipur,Rajasthan,Business,24068.32,725,Current,46618.06,2021-04-26
C105004,Ankit Dasgupta,43,Female,Bhubaneswar,Odisha,Business,73895.76,701,Salary,51605.38,2023-08-17
C105005,Ananya Sharma,23,Male,Delhi,Delhi,Self-Employed,48626.14,780,Savings,86491.15,2016-09-30
C105006,Rohan Singh,46,Female,Jaipur,Rajasthan,Student,17715.52,720,Salary,65965.98,2022-03-11
C105007,Vivaan Sahu,41,Female,Lucknow,Uttar Pradesh,Salaried,25836.34,687,Salary,11670.49,2019-07-05
C105008,Arjun Panda,29,Female,Indore,Madhya Pradesh,Salaried,37412.21,850,Savings,49891.33,2021-06-13
C105009,Vivaan Kumar,35,Male,Bengaluru,Karnataka,Salaried,61751.29,649,Savings,144654.77,2023-10-08
C105010,Nisha Mishra,52,Female,Bengaluru,Karnataka,Salaried,84838.05,692,Salary,85471.91,2023-12-25
C105011,Amit Roul,43,Male,Jaipur,Rajasthan,Salaried,83254.83,765,Savings,47658.3,2017-03-21
C105012,Ananya Behera,36,Male,Mumbai,Maharashtra,Salaried,76623.81,652,Salary,77300.86,2016-09-09
C105013,Amit Rao,34,Female,Guwahati,Assam,Salaried,53970.3,755,Savings,64381.13,2019-08-12
C105014,Aditi Rao,37,Female,Kochi,Kerala,Self-Employed,141820.33,674,Savings,233660.29,2018-07-20
C105015,Aditya Behera,31,Male,Indore,Madhya Pradesh,Student,80823.06,770,Savings,67159.01,2020-04-03
C105016,Vivaan Sharma,18,Female,Kolkata,West Bengal,Salaried,62146.29,769,Premium Savings,102872.89,2017-10-03
C105017,Vivaan Sharma,56,Female,Pune,Maharashtra,Salaried,75110.22,699,Savings,62101.21,2024-09-25
C105018,Rohan Panda,38,Male,Ahmedabad,Gujarat,Business,44161.97,640,Salary,72012.35,2023-04-13
C105019,Priya Sahu,40,Female,Jaipur,Rajasthan,Salaried,53295.36,680,Savings,70963.16,2016-06-18
C105020,Arjun Jain,35,Female,Bengaluru,Karnataka,Salaried,17501.01,704,Savings,24552.81,2023-07-21
C105021,Rahul Das,29,Female,Hyderabad,Telangana,Salaried,44461.43,763,Savings,57317.74,2025-06-11
C105022,Priya Jain,34,Male,Chennai,Tamil Nadu,Business,144788.14,726,Savings,66569.83,2020-06-16
C105023,Sahil Rao,20,Male,Kochi,Kerala,Business,59676.58,740,Savings,71881.26,2018-07-19
C105024,Aditya Bose,59,Female,Chennai,Tamil Nadu,Self-Employed,58325.54,728,Premium Savings,39893.71,2021-11-05
C105025,Ananya Verma,24,Male,Bhubaneswar,Odisha,Salaried,95255.76,760,Salary,109852.22,2025-06-18
C105026,Aditi Nayak,26,Male,Chennai,Tamil Nadu,Salaried,66962.79,692,Savings,126406.84,2023-07-24
C105027,Aarav Mohanty,32,Female,Bengaluru,Karnataka,Salaried,35686.31,716,Salary,75586.23,2021-11-13
C105028,Nisha Behera,49,Male,Lucknow,Uttar Pradesh,Student,55720.32,707,Savings,48943.51,2020-12-13
C105029,Rahul Mishra,36,Female,Pune,Maharashtra,Self-Employed,29457.92,677,Premium Savings,69669.16,2023-03-31
C105030,Aarav Nayak,24,Female,Lucknow,Uttar Pradesh,Salaried,60844.41,771,Savings,114468.25,2022-01-16
C105031,Ananya Roul,49,Female,Jaipur,Rajasthan,Business,34694.14,769,Savings,49482.36,2024-10-27
C105032,Rahul Mishra,43,Female,Bengaluru,Karnataka,Salaried,91642.51,783,Savings,67848.68,2015-05-25
C105033,Aditya Jain,41,Male,Delhi,Delhi,Retired,41541.83,655,Salary,33815.27,2022-08-01
C105034,Pooja Mohanty,43,Male,Chennai,Tamil Nadu,Business,34943.97,728,Savings,48224.79,2016-02-02
C105035,Riya Reddy,60,Female,Pune,Maharashtra,Salaried,51690.58,776,Current,75534.22,2023-10-29
C105036,Ankit Mehta,58,Male,Lucknow,Uttar Pradesh,Business,67242.04,803,Premium Savings,71563.78,2015-09-25
C105037,Sneha Nayak,29,Female,Chandigarh,Chandigarh,Self-Employed,28312.42,607,Savings,82983.65,2015-12-18
C105038,Pooja Nayak,52,Female,Kochi,Kerala,Salaried,41290.67,705,Savings,78250.5,2015-03-29
C105039,Amit Mohanty,40,Male,Jaipur,Rajasthan,Business,58274.96,693,Savings,19840.23,2015-02-05
C105040,Aarav Kumar,41,Female,Bhubaneswar,Odisha,Self-Employed,114828.06,808,Savings,96049.81,2025-04-27
C105041,Aditi Nayak,19,Male,Jaipur,Rajasthan,Salaried,13688.27,561,Savings,11909.37,2024-09-01
C105042,Ananya Roul,34,Male,Chandigarh,Chandigarh,Self-Employed,77143.93,637,Savings,87756.84,2024-10-01
C105043,Aditi Kumar,28,Female,Ahmedabad,Gujarat,Self-Employed,44539.31,798,Premium Savings,23384.44,2015-08-05
C105044,Aditya Mohanty,44,Female,Pune,Maharashtra,Salaried,41900.49,674,Savings,35187.43,2018-09-19
C105045,Kavya Sahu,47,Female,Kochi,Kerala,Salaried,37815.28,620,Savings,73833.97,2024-07-24
C105046,Neha Sahu,18,Male,Kolkata,West Bengal,Self-Employed,45023.77,803,Savings,28924.6,2016-01-04
C105047,Priya Patel,36,Male,Kochi,Kerala,Salaried,77384.2,612,Current,75612.26,2018-07-07
C105048,Ananya Das,47,Male,Guwahati,Assam,Student,40939.72,771,Savings,52228.73,2025-06-12
C105049,Kavya Sahu,34,Male,Chennai,Tamil Nadu,Salaried,136942.18,604,Premium Savings,98225.41,2025-02-10
C105050,Aditya Singh,43,Male,Lucknow,Uttar Pradesh,Salaried,77514.1,611,Current,70093.0,2019-01-01
C105051,Aarav Panda,40,Female,Chennai,Tamil Nadu,Salaried,61326.86,718,Salary,31297.3,2017-04-11
C105052,Rohan Dasgupta,39,Female,Ahmedabad,Gujarat,Self-Employed,50199.36,650,Savings,15083.59,2023-05-04
C105053,Aditya Mehta,33,Male,Hyderabad,Telangana,Self-Employed,105821.42,723,Savings,119030.8,2016-09-08
C105054,Kavya Dasgupta,24,Male,Lucknow,Uttar Pradesh,Salaried,114679.81,822,Savings,208694.02,2025-09-28
C105055,Vivaan Sahu,25,Female,Kochi,Kerala,Salaried,29037.06,695,Savings,53591.46,2017-05-22
C105056,Aditya Behera,43,Female,Chandigarh,Chandigarh,Business,37385.74,811,Savings,74911.23,2018-06-13
C105057,Vivaan Singh,36,Female,Pune,Maharashtra,Salaried,77974.34,726,Salary,111963.42,2024-06-05
C105058,Rahul Mishra,35,Male,Indore,Madhya Pradesh,Salaried,92066.18,767,Salary,188642.36,2015-09-28
C105059,Aditya Kumar,32,Male,Chennai,Tamil Nadu,Salaried,46625.42,552,Salary,70468.92,2019-01-26
C105060,Sneha Rao,33,Female,Bengaluru,Karnataka,Salaried,36561.23,746,Salary,69517.4,2021-12-27
C105061,Riya Mohanty,46,Female,Indore,Madhya Pradesh,Salaried,57430.19,736,Current,74446.57,2025-03-13
C105062,Aarav Jain,33,Male,Jaipur,Rajasthan,Salaried,123904.93,682,Savings,95958.41,2018-07-16
C105063,Kavya Sahu,23,Female,Guwahati,Assam,Salaried,56255.4,828,Current,18202.14,2021-07-17
C105064,Karan Mehta,43,Male,Ahmedabad,Gujarat,Business,27444.5,673,Savings,15297.07,2025-02-21
C105065,Amit Singh,34,Male,Pune,Maharashtra,Salaried,58416.83,600,Savings,75215.41,2024-04-15
C105066,Rahul Roul,36,Female,Ahmedabad,Gujarat,Business,84592.42,756,Current,19855.94,2020-01-04
C105067,Kavya Kumar,52,Male,Guwahati,Assam,Business,52017.26,612,Salary,103285.21,2020-04-29
C105068,Riya Verma,36,Female,Kochi,Kerala,Salaried,109872.98,710,Savings,79038.87,2018-10-18
C105069,Nisha Singh,39,Male,Lucknow,Uttar Pradesh,Self-Employed,88548.48,792,Savings,68249.57,2022-11-21
C105070,Aditya Singh,24,Male,Chennai,Tamil Nadu,Salaried,53163.17,737,Current,69654.73,2016-12-18
C105071,Sneha Bose,34,Male,Bengaluru,Karnataka,Salaried,56320.71,689,Salary,96430.02,2018-04-01
C105072,Ankit Bose,42,Male,Kolkata,West Bengal,Student,19972.68,682,Premium Savings,23110.5,2018-05-27
C105073,Ananya Sahu,20,Male,Bhubaneswar,Odisha,Self-Employed,107013.81,787,Savings,49170.51,2016-02-20
C105074,Amit Rao,38,Female,Hyderabad,Telangana,Student,45883.18,626,Salary,50770.06,2023-12-31
C105075,Aditya Reddy,37,Female,Kolkata,West Bengal,Business,44139.58,755,Current,63586.77,2021-04-20
C105076,Ankit Singh,36,Male,Indore,Madhya Pradesh,Salaried,40646.54,848,Savings,39444.9,2016-10-16
C105077,Aditi Nayak,46,Male,Hyderabad,Telangana,Salaried,70705.04,740,Salary,89212.08,2025-02-06
C105078,Karan Sharma,39,Other,Chennai,Tamil Nadu,Salaried,29563.84,690,Savings,30749.35,2024-11-15
C105079,Vivaan Sharma,51,Male,Mumbai,Maharashtra,Business,32009.67,695,Salary,51251.74,2016-09-14
C105080,Amit Mohanty,26,Male,Kochi,Kerala,Student,53433.85,674,Salary,24481.0,2016-10-30
C105081,Priya Mishra,37,Male,Kochi,Kerala,Self-Employed,38968.39,663,Current,32219.82,2019-08-28
C105082,Nisha Dasgupta,37,Female,Chandigarh,Chandigarh,Salaried,66135.9,713,Savings,118017.17,2016-04-30
C105083,Nisha Singh,25,Male,Kolkata,West Bengal,Salaried,39761.3,749,Salary,98263.13,2020-12-20
C105084,Amit Reddy,46,Female,Bengaluru,Karnataka,Business,132237.97,810,Salary,155148.14,2025-03-17
C105085,Karan Singh,59,Male,Bhubaneswar,Odisha,Student,80538.46,578,Salary,110598.88,2021-12-07
C105086,Sahil Sahu,36,Male,Bhubaneswar,Odisha,Salaried,79983.52,546,Savings,24503.09,2019-08-06
C105087,Ananya Behera,41,Male,Delhi,Delhi,Salaried,39433.05,811,Savings,72720.41,2016-10-10
C105088,Isha Jain,37,Female,Chandigarh,Chandigarh,Salaried,206532.34,709,Savings,134194.68,2021-04-19
C105089,Sneha Behera,29,Female,Lucknow,Uttar Pradesh,Salaried,43201.58,712,Savings,32518.34,2021-03-12
C105090,Karan Singh,18,Male,Bhubaneswar,Odisha,Business,37141.6,738,Savings,30955.44,2022-01-19
C105091,Kavya Dasgupta,29,Male,Kochi,Kerala,Self-Employed,81129.09,693,Current,117444.47,2020-04-07
C105092,Sahil Kumar,22,Female,Delhi,Delhi,Self-Employed,61234.37,833,Savings,98347.04,2022-11-06
C105093,Kavya Dasgupta,53,Female,Chandigarh,Chandigarh,Salaried,35065.64,737,Current,46791.83,2018-02-25
C105094,Karan Rao,35,Male,Guwahati,Assam,Salaried,184020.86,676,Current,288950.95,2022-09-27
C105095,Neha Mehta,33,Female,Indore,Madhya Pradesh,Salaried,94058.12,682,Salary,123842.66,2024-07-05
C105096,Nisha Reddy,45,Male,Lucknow,Uttar Pradesh,Business,55121.29,696,Salary,99127.76,2025-02-18
C105097,Priya Roul,25,Male,Mumbai,Maharashtra,Business,206013.92,654,Salary,215837.24,2017-10-18
C105098,Isha Singh,28,Male,Lucknow,Uttar Pradesh,Salaried,85906.74,815,Salary,132859.58,2025-12-12
C105099,Vivaan Kumar,37,Female,Kolkata,West Bengal,Salaried,54641.17,713,Savings,106357.69,2016-04-09
C105100,Arjun Gupta,46,Male,Lucknow,Uttar Pradesh,Salaried,192890.74,629,Savings,324136.91,2022-06-12
C105101,Aarav Jain,41,Female,Bhubaneswar,Odisha,Salaried,79025.83,731,Savings,108205.91,2025-08-08
C105102,Ananya Das,38,Female,Bengaluru,Karnataka,Self-Employed,77147.42,799,Current,47764.69,2016-08-23
C105103,Neha Jain,37,Female,Chandigarh,Chandigarh,Self-Employed,44471.21,774,Salary,80924.06,2025-03-13
C105104,Ankit Das,40,Male,Lucknow,Uttar Pradesh,Salaried,56515.26,656,Savings,48892.75,2019-12-28
C105105,Neha Mohanty,38,Male,Ahmedabad,Gujarat,Business,43879.71,633,Premium Savings,66574.21,2016-02-02
C105106,Amit Verma,26,Female,Mumbai,Maharashtra,Self-Employed,121411.77,798,Salary,211770.17,2023-06-23
C105107,Aditya Singh,36,Female,Bhubaneswar,Odisha,Salaried,22695.24,599,Savings,12224.12,2015-06-11
C105108,Kavya Das,25,Female,Bengaluru,Karnataka,Salaried,116578.16,729,Savings,142546.73,2016-07-09
C105109,Sahil Mehta,37,Male,Bhubaneswar,Odisha,Business,33946.81,668,Premium Savings,40206.8,2024-11-14
C105110,Ananya Mishra,31,Male,Jaipur,Rajasthan,Self-Employed,53275.5,790,Savings,43772.24,2019-04-10
C105111,Amit Rao,61,Female,Chennai,Tamil Nadu,Salaried,46757.01,636,Savings,64315.79,2020-04-20
C105112,Ananya Jain,36,Male,Ahmedabad,Gujarat,Self-Employed,41315.98,653,Savings,85309.1,2019-04-03
C105113,Priya Jain,22,Female,Chennai,Tamil Nadu,Salaried,80375.91,745,Savings,58799.16,2020-05-07
C105114,Aditi Rao,35,Male,Chandigarh,Chandigarh,Business,54843.25,757,Salary,52476.93,2016-11-29
C105115,Neha Gupta,41,Male,Chennai,Tamil Nadu,Student,38095.6,793,Savings,9613.77,2023-08-09
C105116,Isha Mohanty,53,Male,Delhi,Delhi,Self-Employed,59861.33,736,Salary,105550.57,2015-03-23
C105117,Isha Nayak,30,Male,Chennai,Tamil Nadu,Business,37505.42,728,Salary,31728.65,2021-07-28
C105118,Nisha Sahu,20,Male,Chennai,Tamil Nadu,Salaried,40917.45,773,Salary,25284.35,2022-09-19
C105119,Rohan Das,44,Female,Kolkata,West Bengal,Self-Employed,24139.23,616,Salary,30877.42,2024-03-04
C105120,Sahil Panda,22,Male,Mumbai,Maharashtra,Business,42933.97,648,Savings,94923.87,2019-01-24
C105121,Ankit Verma,32,Male,Delhi,Delhi,Self-Employed,72178.75,621,Savings,68385.53,2025-06-10
C105122,Arjun Sharma,33,Female,Chennai,Tamil Nadu,Self-Employed,56134.57,530,Savings,38414.9,2019-12-12
C105123,Ankit Sahu,35,Male,Bengaluru,Karnataka,Student,149249.32,760,Salary,46511.97,2021-07-23
C105124,Rahul Mehta,43,Male,Jaipur,Rajasthan,Salaried,231454.38,798,Premium Savings,347648.55,2021-05-31
C105125,Aarav Sahu,29,Female,Bhubaneswar,Odisha,Salaried,42606.77,741,Savings,38842.42,2017-01-14
C105126,Nisha Singh,33,Female,Hyderabad,Telangana,Business,34778.81,730,Current,66945.59,2020-01-07
C105127,Nisha Sahu,36,Male,Pune,Maharashtra,Business,102384.19,711,Savings,45822.8,2025-01-09
C105128,Priya Jain,37,Male,Chennai,Tamil Nadu,Student,66134.97,709,Savings,101536.43,2015-03-23
C105129,Riya Mehta,37,Female,Delhi,Delhi,Self-Employed,102725.88,815,Savings,127743.36,2025-11-18
C105130,Arjun Singh,40,Male,Lucknow,Uttar Pradesh,Business,68490.16,806,Salary,51939.44,2020-07-07
C105131,Vivaan Sahu,44,Female,Chennai,Tamil Nadu,Business,49424.01,667,Savings,94011.68,2025-08-13
C105132,Rahul Mohanty,40,Female,Hyderabad,Telangana,Salaried,49578.46,777,Savings,102021.12,2022-07-14
C105133,Neha Rao,41,Female,Mumbai,Maharashtra,Business,69780.91,785,Savings,110827.68,2021-05-10
C105134,Rohan Behera,20,Male,Jaipur,Rajasthan,Salaried,48970.62,747,Savings,61055.38,2018-11-09
C105135,Amit Mehta,37,Male,Pune,Maharashtra,Salaried,107561.08,730,Current,110818.39,2024-12-06
C105136,Aarav Behera,41,Female,Kolkata,West Bengal,Salaried,26871.0,728,Savings,12048.21,2018-10-23
C105137,Pooja Panda,43,Male,Mumbai,Maharashtra,Salaried,107244.6,609,Savings,72127.21,2015-12-15
C105138,Karan Gupta,29,Male,Bhubaneswar,Odisha,Salaried,19628.11,603,Current,500.0,2024-12-10
C105139,Sahil Singh,29,Female,Lucknow,Uttar Pradesh,Salaried,59569.25,756,Savings,74155.72,2019-02-24
C105140,Aditya Singh,30,Male,Mumbai,Maharashtra,Salaried,45844.7,633,Salary,49166.04,2015-10-10
C105141,Nisha Kumar,41,Male,Bengaluru,Karnataka,Salaried,23887.08,615,Salary,30569.71,2016-12-26
C105142,Ankit Sahu,46,Female,Kolkata,West Bengal,Salaried,17713.42,570,Savings,35984.32,2016-07-06
C105143,Ananya Sharma,32,Male,Delhi,Delhi,Business,30075.18,674,Savings,38709.22,2021-12-31
C105144,Rohan Singh,45,Male,Ahmedabad,Gujarat,Student,56399.46,729,Salary,85860.99,2018-05-14
C105145,Karan Nayak,37,Male,Ahmedabad,Gujarat,Business,39493.33,735,Savings,67523.07,2022-08-06
C105146,Kavya Mohanty,35,Female,Guwahati,Assam,Salaried,31025.56,760,Savings,47794.7,2019-06-01
C105147,Riya Sharma,34,Male,Lucknow,Uttar Pradesh,Business,115710.08,680,Salary,170919.97,2025-04-13
C105148,Ankit Verma,43,Male,Jaipur,Rajasthan,Salaried,27928.05,712,Savings,36380.35,2016-09-04
C105149,Kavya Panda,39,Female,Chennai,Tamil Nadu,Salaried,79905.74,760,Savings,91084.84,2016-03-30
C105150,Pooja Singh,59,Female,Guwahati,Assam,Business,33729.9,735,Salary,36558.41,2025-06-26
C105151,Ananya Kumar,27,Male,Lucknow,Uttar Pradesh,Self-Employed,29659.72,667,Salary,29554.57,2023-11-14
C105152,Isha Nayak,41,Female,Lucknow,Uttar Pradesh,Business,39457.41,724,Salary,59447.01,2025-10-08
C105153,Vivaan Mohanty,31,Male,Ahmedabad,Gujarat,Self-Employed,77345.86,576,Savings,44859.38,2022-07-02
C105154,Aarav Roul,27,Female,Indore,Madhya Pradesh,Salaried,25868.53,705,Salary,53498.32,2017-03-18
C105155,Amit Behera,36,Male,Kochi,Kerala,Student,64420.61,665,Savings,33640.13,2025-10-13
C105156,Isha Singh,37,Male,Kolkata,West Bengal,Self-Employed,32424.53,804,Savings,50844.0,2022-02-10
C105157,Aditya Nayak,65,Female,Mumbai,Maharashtra,Business,35798.69,641,Savings,56184.3,2018-08-06
C105158,Pooja Dasgupta,34,Male,Guwahati,Assam,Business,68558.41,713,Savings,101977.96,2018-04-12
C105159,Rahul Mishra,25,Male,Chandigarh,Chandigarh,Salaried,181771.2,677,Salary,300378.89,2022-12-23
C105160,Karan Mohanty,39,Male,Bhubaneswar,Odisha,Salaried,33323.87,669,Savings,103124.62,2023-11-22
C105161,Rahul Patel,18,Female,Kolkata,West Bengal,Salaried,81717.45,730,Current,86601.76,2025-08-22
C105162,Nisha Gupta,35,Male,Lucknow,Uttar Pradesh,Salaried,46309.23,678,Savings,80443.9,2023-10-27
C105163,Priya Reddy,36,Male,Lucknow,Uttar Pradesh,Salaried,42360.84,825,Savings,68576.79,2015-12-07
C105164,Sneha Rao,44,Male,Kolkata,West Bengal,Salaried,99145.65,577,Current,60055.28,2018-12-23
C105165,Sneha Mohanty,46,Male,Hyderabad,Telangana,Student,34584.16,746,Salary,72198.61,2021-10-05
C105166,Aarav Jain,31,Male,Hyderabad,Telangana,Student,29153.38,699,Salary,1906.65,2023-12-19
C105167,Karan Sahu,34,Male,Guwahati,Assam,Business,70840.43,702,Salary,105624.03,2020-07-19
C105168,Amit Singh,28,Male,Jaipur,Rajasthan,Salaried,132219.61,725,Savings,272384.54,2015-03-07
C105169,Isha Sahu,25,Male,Chandigarh,Chandigarh,Salaried,83082.18,770,Premium Savings,46027.54,2021-12-22
C105170,Karan Sharma,39,Female,Pune,Maharashtra,Business,25367.62,722,Savings,72749.46,2024-12-28
C105171,Arjun Reddy,23,Female,Lucknow,Uttar Pradesh,Salaried,39208.75,770,Current,50250.87,2021-08-14
C105172,Rahul Singh,32,Female,Jaipur,Rajasthan,Business,94265.21,708,Premium Savings,139687.53,2019-09-08
C105173,Aarav Patel,26,Male,Kochi,Kerala,Student,131228.99,638,Savings,63710.98,2016-11-23
C105174,Isha Nayak,41,Female,Chandigarh,Chandigarh,Salaried,62372.5,699,Savings,118025.11,2019-02-04
C105175,Isha Gupta,54,Male,Kolkata,West Bengal,Business,39996.35,780,Current,79690.95,2024-07-18
C105176,Rahul Jain,23,Other,Bengaluru,Karnataka,Salaried,135998.46,678,Salary,154430.2,2017-11-01
C105177,Sahil Dasgupta,18,Male,Bhubaneswar,Odisha,Business,52789.2,635,Savings,78825.81,2017-02-25
C105178,Karan Roul,35,Male,Pune,Maharashtra,Salaried,39414.69,745,Salary,63180.51,2020-10-03
C105179,Karan Sahu,36,Male,Kolkata,West Bengal,Salaried,35913.75,727,Savings,57384.13,2018-02-21
C105180,Pooja Panda,38,Male,Delhi,Delhi,Business,28504.82,655,Salary,80876.79,2020-11-01
C105181,Sneha Sharma,32,Female,Kochi,Kerala,Business,261334.82,690,Savings,188169.01,2025-02-20
C105182,Isha Das,34,Female,Jaipur,Rajasthan,Self-Employed,120164.3,693,Current,209147.48,2025-04-09
C105183,Riya Behera,40,Other,Mumbai,Maharashtra,Salaried,38335.33,705,Savings,5369.85,2015-04-07
C105184,Sneha Rao,46,Female,Mumbai,Maharashtra,Business,142570.62,747,Savings,260414.55,2020-06-28
C105185,Aditya Roul,18,Male,Guwahati,Assam,Business,73747.67,679,Savings,119864.43,2018-07-28
C105186,Sneha Sharma,32,Male,Kochi,Kerala,Retired,71385.34,750,Savings,29627.38,2025-02-27
C105187,Priya Gupta,38,Other,Chennai,Tamil Nadu,Student,37057.8,670,Salary,30992.85,2016-11-14
C105188,Aditi Nayak,27,Female,Jaipur,Rajasthan,Business,41453.12,813,Salary,60646.06,2015-08-02
C105189,Neha Behera,53,Female,Kochi,Kerala,Business,53731.53,815,Savings,66282.82,2022-04-13
C105190,Rahul Sharma,30,Male,Bhubaneswar,Odisha,Self-Employed,18658.12,649,Savings,20414.37,2017-09-05
C105191,Riya Verma,36,Female,Kolkata,West Bengal,Salaried,42080.4,625,Salary,46862.29,2022-11-09
C105192,Neha Gupta,42,Female,Kolkata,West Bengal,Salaried,55135.98,769,Salary,93855.84,2018-06-09
C105193,Nisha Patel,30,Male,Jaipur,Rajasthan,Business,113020.43,722,Savings,97699.29,2017-12-13
C105194,Arjun Roul,18,Male,Ahmedabad,Gujarat,Business,39182.57,741,Salary,29616.18,2020-01-13
C105195,Rahul Gupta,32,Male,Indore,Madhya Pradesh,Self-Employed,85970.92,662,Savings,117501.16,2019-11-09
C105196,Aditi Verma,46,Female,Pune,Maharashtra,Salaried,17708.8,696,Savings,49712.04,2018-10-14
C105197,Aditya Panda,33,Male,Pune,Maharashtra,Salaried,104501.33,683,Savings,114076.23,2015-06-15
C105198,Karan Verma,28,Male,Guwahati,Assam,Salaried,33520.0,725,Current,34182.79,2018-01-22
C105199,Vivaan Sharma,45,Male,Ahmedabad,Gujarat,Salaried,59085.37,624,Salary,91357.27,2023-05-30
C105200,Aditya Kumar,33,Female,Kochi,Kerala,Self-Employed,68773.73,699,Salary,137579.42,2023-07-09
C105201,Priya Nayak,31,Male,Kolkata,West Bengal,Student,61740.0,623,Savings,104174.03,2022-05-13
C105202,Sneha Kumar,37,Male,Kochi,Kerala,Salaried,51862.93,671,Savings,57142.07,2020-02-20
C105203,Kavya Verma,44,Female,Ahmedabad,Gujarat,Self-Employed,27785.08,699,Savings,25162.08,2022-05-24
C105204,Isha Patel,60,Female,Hyderabad,Telangana,Salaried,33719.82,738,Current,70132.82,2015-11-25
C105205,Riya Patel,44,Male,Jaipur,Rajasthan,Retired,95142.02,743,Savings,142294.02,2018-09-25
C105206,Karan Bose,48,Female,Mumbai,Maharashtra,Student,39597.88,754,Current,50950.95,2021-03-08
C105207,Isha Panda,31,Female,Chandigarh,Chandigarh,Salaried,51962.41,609,Salary,44634.87,2015-05-09
C105208,Vivaan Nayak,26,Male,Ahmedabad,Gujarat,Retired,24208.06,787,Salary,51423.68,2016-06-19
C105209,Sahil Reddy,37,Male,Bhubaneswar,Odisha,Self-Employed,88194.85,663,Savings,60693.76,2024-10-11
C105210,Vivaan Nayak,37,Male,Ahmedabad,Gujarat,Salaried,26618.79,668,Savings,46645.34,2025-12-20
C105211,Vivaan Gupta,25,Male,Kolkata,West Bengal,Self-Employed,91023.05,722,Savings,122252.43,2025-05-23
C105212,Amit Reddy,34,Male,Ahmedabad,Gujarat,Salaried,30656.41,683,Current,26533.46,2021-12-31
C105213,Ananya Jain,40,Female,Guwahati,Assam,Self-Employed,96092.63,729,Savings,39799.42,2015-02-13
C105214,Sneha Bose,40,Male,Delhi,Delhi,Student,55309.2,741,Savings,112261.38,2023-03-29
C105215,Priya Reddy,41,Female,Indore,Madhya Pradesh,Business,40447.98,655,Premium Savings,58757.04,2021-06-07
C105216,Karan Mehta,39,Male,Mumbai,Maharashtra,Salaried,132628.79,693,Savings,179789.19,2015-03-20
C105217,Karan Bose,31,Female,Mumbai,Maharashtra,Salaried,52956.08,695,Savings,50063.68,2018-05-24
C105218,Arjun Gupta,31,Male,Guwahati,Assam,Salaried,45075.39,767,Savings,54808.1,2019-04-09
C105219,Isha Roul,24,Female,Kochi,Kerala,Salaried,90681.02,675,Current,36608.02,2017-03-28
C105220,Kavya Nayak,54,Female,Pune,Maharashtra,Salaried,24363.39,672,Savings,35005.87,2025-02-21
C105221,Pooja Mehta,36,Female,Bhubaneswar,Odisha,Self-Employed,13699.95,639,Current,38914.92,2020-04-09
C105222,Ananya Bose,34,Male,Jaipur,Rajasthan,Business,103982.45,646,Current,164299.46,2019-04-06
C105223,Vivaan Roul,27,Female,Mumbai,Maharashtra,Business,34721.78,617,Premium Savings,31709.83,2019-05-10
C105224,Vivaan Behera,65,Female,Guwahati,Assam,Salaried,88488.76,659,Savings,140083.59,2015-05-28
C105225,Aarav Kumar,25,Female,Chandigarh,Chandigarh,Salaried,56414.29,809,Current,53083.13,2022-10-18
C105226,Sneha Bose,32,Male,Chandigarh,Chandigarh,Salaried,28995.45,750,Savings,70120.14,2022-07-15
C105227,Priya Jain,40,Female,Jaipur,Rajasthan,Salaried,76810.28,788,Savings,83113.5,2018-01-12
C105228,Ankit Mohanty,42,Male,Bengaluru,Karnataka,Salaried,43892.33,643,Savings,65159.67,2022-10-25
C105229,Arjun Rao,46,Female,Delhi,Delhi,Salaried,30410.75,578,Current,13253.99,2019-03-17
C105230,Pooja Dasgupta,54,Female,Delhi,Delhi,Self-Employed,30849.49,726,Savings,46009.67,2018-10-06
C105231,Sahil Patel,41,Male,Bhubaneswar,Odisha,Student,21205.74,825,Savings,15260.55,2019-02-11
C105232,Aditya Behera,25,Male,Pune,Maharashtra,Salaried,68648.33,673,Savings,21787.42,2024-01-03
C105233,Vivaan Singh,33,Male,Ahmedabad,Gujarat,Business,32879.94,712,Savings,24434.48,2020-09-30
C105234,Pooja Kumar,39,Female,Delhi,Delhi,Salaried,53959.62,603,Savings,48216.57,2024-07-28
C105235,Sneha Behera,57,Male,Lucknow,Uttar Pradesh,Student,49768.68,707,Savings,36681.99,2023-10-17
C105236,Isha Dasgupta,22,Male,Chennai,Tamil Nadu,Salaried,32768.81,697,Savings,37179.01,2019-10-05
C105237,Karan Rao,48,Female,Ahmedabad,Gujarat,Salaried,23801.26,569,Savings,25689.58,2019-07-26
C105238,Arjun Sahu,38,Male,Chandigarh,Chandigarh,Salaried,221600.04,638,Savings,173318.73,2022-12-07
C105239,Aditya Kumar,44,Male,Chennai,Tamil Nadu,Salaried,53551.31,632,Salary,107547.6,2018-11-02
C105240,Ananya Bose,35,Female,Indore,Madhya Pradesh,Self-Employed,149933.79,602,Salary,267311.47,2016-06-26
C105241,Sneha Sahu,28,Male,Kolkata,West Bengal,Retired,104381.08,658,Salary,131724.77,2025-07-29
C105242,Isha Sahu,44,Male,Indore,Madhya Pradesh,Business,46094.44,738,Current,85079.59,2018-11-19
C105243,Arjun Reddy,43,Male,Pune,Maharashtra,Salaried,60755.87,664,Salary,102479.74,2023-01-24
C105244,Nisha Panda,46,Female,Mumbai,Maharashtra,Self-Employed,59792.9,780,Savings,32634.2,2017-12-07
C105245,Kavya Jain,36,Female,Bengaluru,Karnataka,Self-Employed,151660.36,681,Current,197068.46,2021-03-12
C105246,Pooja Verma,30,Male,Indore,Madhya Pradesh,Business,86811.73,726,Savings,130883.89,2017-03-01
C105247,Nisha Bose,20,Male,Kolkata,West Bengal,Business,35280.6,737,Salary,50925.12,2020-06-25
C105248,Karan Roul,44,Male,Mumbai,Maharashtra,Self-Employed,66734.6,805,Current,84930.19,2018-02-27
C105249,Rohan Sahu,40,Female,Chennai,Tamil Nadu,Business,85601.78,658,Salary,111499.37,2017-12-28
C105250,Aditya Rao,26,Male,Pune,Maharashtra,Business,28815.33,734,Salary,16039.52,2015-12-08
C105251,Vivaan Mehta,31,Female,Ahmedabad,Gujarat,Salaried,72176.56,643,Savings,118281.46,2025-03-30
C105252,Aarav Mehta,31,Male,Bengaluru,Karnataka,Salaried,115278.64,817,Savings,169539.95,2020-01-17
C105253,Riya Roul,21,Female,Lucknow,Uttar Pradesh,Business,34319.83,637,Savings,21006.1,2025-04-21
C105254,Ananya Roul,28,Female,Guwahati,Assam,Student,37029.24,730,Current,42487.62,2022-07-14
C105255,Sahil Verma,25,Female,Pune,Maharashtra,Salaried,104125.1,806,Current,93395.88,2015-12-14
C105256,Riya Reddy,32,Male,Guwahati,Assam,Retired,45263.6,627,Savings,51704.6,2024-01-13
C105257,Nisha Verma,29,Female,Guwahati,Assam,Salaried,32047.8,744,Premium Savings,7483.66,2022-06-21
C105258,Neha Mehta,20,Male,Hyderabad,Telangana,Salaried,89351.98,640,Premium Savings,41313.69,2025-03-30
C105259,Pooja Singh,56,Male,Lucknow,Uttar Pradesh,Salaried,75535.52,850,Savings,41886.15,2018-07-29
C105260,Riya Verma,49,Male,Pune,Maharashtra,Student,57930.84,582,Salary,41984.96,2024-08-29
C105261,Amit Verma,28,Female,Chennai,Tamil Nadu,Salaried,102089.88,606,Savings,96778.04,2020-09-15
C105262,Amit Mishra,39,Female,Pune,Maharashtra,Salaried,106158.43,632,Current,154503.57,2025-01-17
C105263,Nisha Panda,40,Female,Pune,Maharashtra,Salaried,52550.81,634,Current,102787.11,2016-04-09
C105264,Isha Das,48,Female,Ahmedabad,Gujarat,Self-Employed,162912.41,739,Salary,279441.97,2015-04-05
C105265,Ankit Das,28,Male,Jaipur,Rajasthan,Student,131393.63,822,Savings,180520.7,2024-02-03
C105266,Sneha Jain,47,Female,Bhubaneswar,Odisha,Salaried,18466.7,780,Salary,35543.78,2016-06-10
C105267,Rahul Kumar,31,Female,Delhi,Delhi,Business,31210.94,720,Salary,13334.64,2024-01-16
C105268,Pooja Rao,23,Female,Pune,Maharashtra,Student,15909.6,706,Current,14272.01,2023-07-19
C105269,Priya Dasgupta,43,Male,Chandigarh,Chandigarh,Salaried,46004.53,666,Savings,82771.53,2016-03-14
C105270,Vivaan Reddy,49,Female,Guwahati,Assam,Business,28251.97,730,Current,37352.77,2017-09-22
C105271,Priya Dasgupta,62,Female,Delhi,Delhi,Salaried,35144.15,691,Salary,28227.56,2015-11-01
C105272,Sahil Sahu,24,Female,Indore,Madhya Pradesh,Salaried,100197.74,717,Premium Savings,30474.4,2016-12-26
C105273,Neha Dasgupta,43,Male,Lucknow,Uttar Pradesh,Self-Employed,20950.81,657,Savings,18750.83,2019-03-10
C105274,Kavya Behera,32,Female,Delhi,Delhi,Business,59067.91,627,Savings,97578.62,2015-09-24
C105275,Karan Sharma,44,Female,Mumbai,Maharashtra,Salaried,58871.39,707,Salary,62743.42,2016-09-22
C105276,Karan Sharma,21,Male,Bengaluru,Karnataka,Salaried,52563.35,705,Savings,81797.43,2021-05-31
C105277,Rahul Bose,23,Male,Lucknow,Uttar Pradesh,Student,59101.8,666,Current,86681.8,2023-12-27
C105278,Priya Roul,28,Male,Bhubaneswar,Odisha,Business,16112.22,655,Savings,18410.59,2017-08-28
C105279,Rohan Mohanty,37,Female,Kolkata,West Bengal,Salaried,35236.35,741,Salary,500.0,2023-09-26
C105280,Rohan Rao,30,Male,Indore,Madhya Pradesh,Self-Employed,128507.04,735,Current,93884.78,2015-12-24
C105281,Sneha Sahu,43,Male,Mumbai,Maharashtra,Salaried,28475.79,827,Current,54718.49,2024-09-07
C105282,Nisha Dasgupta,46,Female,Jaipur,Rajasthan,Salaried,137547.48,795,Salary,95028.24,2015-11-05
C105283,Amit Gupta,42,Female,Kolkata,West Bengal,Self-Employed,25370.34,627,Salary,60110.3,2015-02-09
C105284,Priya Reddy,52,Male,Kolkata,West Bengal,Self-Employed,23747.11,693,Salary,15970.0,2023-02-09
C105285,Ananya Patel,40,Male,Kochi,Kerala,Salaried,32585.09,616,Savings,12672.48,2015-02-25
C105286,Rohan Mehta,24,Female,Jaipur,Rajasthan,Business,102342.89,585,Salary,58272.61,2023-04-05
C105287,Rahul Bose,50,Female,Kolkata,West Bengal,Salaried,40730.07,848,Savings,61968.63,2024-01-19
C105288,Ananya Nayak,30,Male,Delhi,Delhi,Self-Employed,66506.99,801,Savings,134558.2,2018-10-29
C105289,Neha Kumar,45,Female,Bhubaneswar,Odisha,Salaried,57273.24,664,Salary,47488.38,2024-10-04
C105290,Amit Sharma,52,Male,Ahmedabad,Gujarat,Salaried,53376.95,786,Current,33984.92,2025-03-11
C105291,Riya Mohanty,41,Female,Kolkata,West Bengal,Salaried,110841.15,795,Savings,111745.68,2021-12-04
C105292,Karan Sharma,21,Male,Pune,Maharashtra,Self-Employed,84071.54,580,Salary,200615.03,2015-10-16
C105293,Riya Panda,27,Male,Delhi,Delhi,Salaried,29333.68,760,Current,25829.1,2016-10-01
C105294,Kavya Singh,49,Male,Jaipur,Rajasthan,Salaried,47264.96,673,Salary,84317.5,2021-07-14
C105295,Aarav Mohanty,34,Male,Ahmedabad,Gujarat,Salaried,143484.22,730,Savings,116527.35,2022-01-08
C105296,Amit Dasgupta,37,Female,Guwahati,Assam,Salaried,65568.29,850,Salary,86863.29,2025-10-30
C105297,Rohan Rao,44,Female,Hyderabad,Telangana,Salaried,23999.14,808,Savings,28831.6,2024-10-09
C105298,Kavya Rao,43,Female,Bhubaneswar,Odisha,Self-Employed,24952.19,697,Savings,34828.57,2025-11-13
C105299,Pooja Kumar,39,Male,Kolkata,West Bengal,Salaried,89739.69,797,Savings,176959.87,2020-03-02
C105300,Arjun Bose,34,Male,Ahmedabad,Gujarat,Self-Employed,80937.21,580,Savings,92648.5,2022-01-28
C105301,Ankit Singh,33,Male,Pune,Maharashtra,Retired,33134.73,738,Salary,69797.34,2024-10-17
C105302,Priya Singh,45,Male,Indore,Madhya Pradesh,Self-Employed,82974.21,739,Current,111016.15,2018-09-17
C105303,Kavya Bose,42,Female,Ahmedabad,Gujarat,Business,132555.16,751,Savings,170996.47,2023-10-25
C105304,Sneha Roul,33,Male,Lucknow,Uttar Pradesh,Business,122628.02,672,Savings,175669.75,2022-06-16
C105305,Aarav Behera,47,Female,Mumbai,Maharashtra,Student,132911.85,730,Savings,80286.84,2016-03-09
C105306,Vivaan Sharma,35,Female,Bhubaneswar,Odisha,Salaried,74653.1,761,Savings,63026.75,2021-11-14
C105307,Pooja Reddy,27,Male,Lucknow,Uttar Pradesh,Business,49880.01,554,Savings,34280.27,2016-05-14
C105308,Rahul Reddy,28,Female,Delhi,Delhi,Student,44078.37,684,Savings,47957.75,2015-08-19
C105309,Vivaan Singh,26,Male,Lucknow,Uttar Pradesh,Salaried,54476.55,646,Salary,101447.29,2022-11-24
C105310,Sahil Singh,33,Male,Indore,Madhya Pradesh,Salaried,33971.45,748,Salary,32277.74,2016-07-22
C105311,Karan Nayak,48,Female,Indore,Madhya Pradesh,Retired,45137.75,795,Savings,63110.82,2017-03-28
C105312,Ankit Rao,28,Male,Kochi,Kerala,Self-Employed,110902.23,665,Savings,117445.44,2025-04-18
C105313,Karan Patel,38,Male,Kolkata,West Bengal,Salaried,22699.53,634,Salary,20498.49,2023-05-14
C105314,Ananya Rao,29,Female,Mumbai,Maharashtra,Business,23569.77,713,Salary,44120.77,2025-05-23
C105315,Pooja Rao,33,Male,Chandigarh,Chandigarh,Salaried,86845.01,630,Savings,132262.76,2015-11-29
C105316,Arjun Behera,21,Female,Mumbai,Maharashtra,Salaried,45364.87,690,Salary,57784.25,2017-01-30
C105317,Neha Kumar,34,Male,Bhubaneswar,Odisha,Self-Employed,19072.16,683,Savings,22788.79,2016-01-11
C105318,Nisha Panda,34,Male,Kochi,Kerala,Self-Employed,53175.59,743,Current,100954.08,2023-01-20
C105319,Kavya Kumar,41,Female,Indore,Madhya Pradesh,Business,49159.31,725,Savings,42766.76,2025-09-01
C105320,Sneha Verma,38,Female,Mumbai,Maharashtra,Salaried,43390.34,715,Premium Savings,59771.29,2016-01-11
C105321,Aditi Sahu,24,Male,Jaipur,Rajasthan,Business,80195.83,811,Savings,150743.22,2015-01-16
C105322,Ananya Jain,47,Male,Kochi,Kerala,Salaried,26418.79,723,Current,27949.12,2019-11-09
C105323,Sneha Mohanty,38,Female,Chennai,Tamil Nadu,Self-Employed,55394.21,678,Savings,72705.39,2023-11-17
C105324,Neha Nayak,38,Male,Bengaluru,Karnataka,Salaried,48974.43,686,Savings,44577.27,2022-09-09
C105325,Vivaan Behera,36,Female,Pune,Maharashtra,Salaried,56156.2,655,Salary,23630.84,2017-08-12
C105326,Aditi Jain,31,Female,Kochi,Kerala,Student,21213.35,639,Premium Savings,18333.75,2017-05-11
C105327,Isha Mishra,38,Female,Bhubaneswar,Odisha,Salaried,41259.29,615,Premium Savings,81137.66,2015-07-24
C105328,Karan Nayak,41,Female,Bhubaneswar,Odisha,Business,55601.28,779,Salary,12022.99,2023-01-15
C105329,Sahil Sharma,19,Female,Bhubaneswar,Odisha,Salaried,74067.07,658,Salary,79475.42,2015-11-22
C105330,Aarav Behera,31,Female,Kochi,Kerala,Salaried,151843.63,726,Premium Savings,235806.71,2019-05-04
C105331,Ananya Singh,33,Female,Kolkata,West Bengal,Salaried,85678.75,686,Savings,141498.1,2018-08-05
C105332,Rohan Nayak,39,Female,Indore,Madhya Pradesh,Business,70878.6,703,Savings,58485.49,2022-01-05
C105333,Rahul Jain,48,Male,Kochi,Kerala,Salaried,110680.13,780,Savings,104192.02,2020-12-08
C105334,Ananya Roul,28,Male,Chennai,Tamil Nadu,Self-Employed,46536.22,716,Savings,107064.98,2017-02-28
C105335,Pooja Behera,31,Female,Bengaluru,Karnataka,Business,129281.69,645,Premium Savings,89698.39,2020-05-03
C105336,Karan Das,31,Female,Chandigarh,Chandigarh,Salaried,101792.17,668,Current,179863.8,2024-03-02
C105337,Rahul Reddy,28,Male,Kochi,Kerala,Salaried,43038.73,761,Current,48110.75,2017-03-19
C105338,Nisha Reddy,33,Male,Lucknow,Uttar Pradesh,Salaried,158461.0,736,Salary,133567.32,2022-12-10
C105339,Sahil Mishra,44,Female,Ahmedabad,Gujarat,Retired,70326.42,765,Premium Savings,14454.36,2020-07-21
C105340,Aditi Sharma,25,Female,Bengaluru,Karnataka,Salaried,183729.79,689,Salary,77813.69,2021-10-15
C105341,Pooja Sharma,40,Male,Bhubaneswar,Odisha,Salaried,64980.25,614,Salary,105749.38,2022-12-02
C105342,Ananya Nayak,19,Female,Delhi,Delhi,Salaried,40377.46,738,Savings,40442.49,2017-02-01
C105343,Kavya Mishra,30,Other,Bengaluru,Karnataka,Business,36060.14,721,Savings,22694.22,2020-04-05
C105344,Neha Patel,33,Female,Indore,Madhya Pradesh,Business,45226.1,723,Savings,79764.51,2018-03-25
C105345,Arjun Mehta,53,Female,Guwahati,Assam,Student,40170.02,615,Savings,32221.32,2023-03-16
C105346,Kavya Panda,33,Male,Jaipur,Rajasthan,Student,110674.88,663,Savings,85108.51,2022-08-01
C105347,Arjun Reddy,18,Female,Chennai,Tamil Nadu,Salaried,54130.48,644,Salary,60415.78,2021-08-21
C105348,Priya Patel,18,Female,Mumbai,Maharashtra,Salaried,22637.79,731,Savings,51395.84,2024-09-13
C105349,Arjun Patel,36,Female,Bhubaneswar,Odisha,Business,61835.99,733,Current,95996.35,2024-08-27
C105350,Aditya Jain,42,Male,Guwahati,Assam,Student,58930.89,702,Savings,73385.31,2015-09-08
C105351,Rahul Sahu,40,Male,Chennai,Tamil Nadu,Salaried,42504.03,768,Premium Savings,39929.35,2019-12-18
C105352,Aarav Sharma,38,Male,Mumbai,Maharashtra,Salaried,63720.66,802,Current,126654.85,2017-01-27
C105353,Isha Patel,48,Male,Chennai,Tamil Nadu,Student,53681.74,728,Savings,112733.65,2020-09-10
C105354,Rahul Jain,31,Female,Guwahati,Assam,Salaried,77937.26,749,Savings,119131.32,2015-01-26
C105355,Ananya Dasgupta,45,Female,Bengaluru,Karnataka,Self-Employed,75457.65,670,Premium Savings,96203.59,2015-11-22
C105356,Nisha Roul,20,Female,Mumbai,Maharashtra,Student,67223.96,658,Premium Savings,62517.32,2016-12-21
C105357,Sahil Mohanty,27,Female,Delhi,Delhi,Business,26922.5,771,Current,16137.7,2025-12-04
C105358,Priya Behera,18,Male,Ahmedabad,Gujarat,Salaried,176406.75,648,Current,328738.05,2017-03-20
C105359,Pooja Dasgupta,33,Female,Delhi,Delhi,Salaried,23372.05,750,Salary,37395.43,2017-12-14
C105360,Karan Mishra,36,Female,Kolkata,West Bengal,Salaried,51241.16,817,Salary,87095.58,2016-08-12
C105361,Priya Nayak,37,Female,Guwahati,Assam,Student,30126.19,747,Premium Savings,18913.24,2024-11-06
C105362,Isha Bose,37,Male,Hyderabad,Telangana,Retired,68396.33,700,Savings,89368.31,2021-01-29
C105363,Karan Verma,27,Female,Lucknow,Uttar Pradesh,Business,59350.25,618,Premium Savings,86437.35,2021-06-14
C105364,Kavya Reddy,34,Female,Bhubaneswar,Odisha,Self-Employed,50124.6,716,Current,83294.75,2025-11-28
C105365,Aditi Das,21,Male,Kochi,Kerala,Salaried,126736.26,771,Current,164276.47,2017-02-14
C105366,Arjun Nayak,50,Female,Guwahati,Assam,Business,101190.61,693,Savings,174409.57,2022-11-07
C105367,Nisha Jain,33,Female,Pune,Maharashtra,Salaried,45943.84,771,Current,43318.18,2016-05-22
C105368,Kavya Panda,31,Male,Mumbai,Maharashtra,Self-Employed,85593.32,729,Salary,58072.13,2022-11-18
C105369,Aditya Gupta,52,Female,Delhi,Delhi,Self-Employed,130048.48,724,Savings,202148.59,2023-07-17
C105370,Sneha Mishra,24,Female,Indore,Madhya Pradesh,Self-Employed,100793.41,684,Savings,32148.27,2015-11-07
C105371,Isha Sahu,25,Female,Delhi,Delhi,Retired,51029.96,610,Savings,98249.78,2017-02-09
C105372,Sneha Nayak,25,Female,Bhubaneswar,Odisha,Salaried,22935.08,677,Premium Savings,20317.18,2017-02-05
C105373,Amit Singh,35,Female,Indore,Madhya Pradesh,Business,65751.96,677,Savings,113529.05,2024-07-07
C105374,Aarav Roul,40,Male,Kochi,Kerala,Salaried,79445.31,742,Savings,137149.87,2018-08-09
C105375,Aditya Rao,43,Male,Hyderabad,Telangana,Business,36018.9,704,Savings,50023.46,2023-06-25
C105376,Rahul Sahu,62,Female,Kolkata,West Bengal,Business,55686.24,775,Salary,79497.9,2017-07-21
C105377,Neha Verma,18,Female,Jaipur,Rajasthan,Salaried,52548.94,723,Current,39172.94,2016-10-27
C105378,Rahul Bose,42,Female,Hyderabad,Telangana,Salaried,117986.95,672,Savings,67798.38,2019-06-05
C105379,Rahul Nayak,30,Male,Kochi,Kerala,Salaried,152464.55,652,Savings,259598.45,2022-02-15
C105380,Sneha Dasgupta,30,Male,Pune,Maharashtra,Salaried,104972.79,666,Salary,173987.36,2024-05-17
C105381,Priya Gupta,30,Female,Jaipur,Rajasthan,Business,52471.89,715,Premium Savings,19888.97,2021-08-23
C105382,Nisha Das,27,Male,Kochi,Kerala,Salaried,103397.12,681,Savings,173078.7,2018-04-30
C105383,Kavya Singh,53,Female,Mumbai,Maharashtra,Salaried,78583.89,635,Savings,86462.19,2021-09-29
C105384,Ankit Sharma,44,Female,Delhi,Delhi,Salaried,52780.32,770,Savings,38034.81,2019-08-16
C105385,Vivaan Patel,36,Female,Pune,Maharashtra,Self-Employed,173842.17,715,Salary,83179.64,2020-09-06
C105386,Rahul Sharma,50,Male,Chennai,Tamil Nadu,Business,36650.35,723,Savings,63067.65,2022-03-08
C105387,Riya Jain,21,Female,Kochi,Kerala,Salaried,76667.9,652,Savings,103296.4,2018-03-15
C105388,Vivaan Reddy,23,Female,Kochi,Kerala,Self-Employed,87277.4,637,Savings,132624.86,2017-06-12
C105389,Ankit Jain,18,Male,Bhubaneswar,Odisha,Business,46955.9,694,Salary,88645.62,2019-10-14
C105390,Aarav Mehta,29,Male,Pune,Maharashtra,Salaried,74803.09,573,Current,90045.03,2017-10-24
C105391,Aditya Panda,38,Male,Lucknow,Uttar Pradesh,Business,92513.69,756,Current,46180.7,2024-03-31
C105392,Aarav Dasgupta,37,Male,Bhubaneswar,Odisha,Salaried,62921.13,659,Salary,43938.55,2018-11-13
C105393,Priya Gupta,37,Female,Delhi,Delhi,Salaried,71322.06,688,Salary,55578.58,2023-04-01
C105394,Karan Singh,22,Female,Chandigarh,Chandigarh,Self-Employed,58283.57,733,Salary,132440.61,2017-09-13
C105395,Kavya Kumar,44,Other,Bengaluru,Karnataka,Salaried,85282.5,690,Savings,165550.49,2020-12-13
C105396,Sneha Roul,38,Female,Chandigarh,Chandigarh,Business,48491.81,629,Current,77604.0,2015-01-29
C105397,Vivaan Roul,43,Female,Kolkata,West Bengal,Salaried,46332.53,803,Salary,57847.33,2022-05-06
C105398,Amit Mehta,18,Male,Lucknow,Uttar Pradesh,Salaried,55625.47,605,Current,100063.23,2024-12-26
C105399,Neha Roul,39,Female,Indore,Madhya Pradesh,Self-Employed,105462.04,560,Savings,76808.24,2025-11-09
C105400,Sneha Behera,24,Female,Lucknow,Uttar Pradesh,Self-Employed,21037.01,762,Savings,29803.11,2022-08-31
C105401,Karan Sharma,32,Female,Bengaluru,Karnataka,Business,33354.08,610,Premium Savings,67339.64,2017-10-27
C105402,Aditya Patel,41,Female,Chandigarh,Chandigarh,Salaried,192290.4,786,Salary,79425.02,2018-02-26
C105403,Vivaan Patel,37,Female,Jaipur,Rajasthan,Student,63987.44,729,Current,102275.21,2023-06-17
C105404,Nisha Patel,27,Female,Indore,Madhya Pradesh,Retired,43968.06,723,Current,30571.37,2016-10-22
C105405,Isha Behera,36,Female,Kolkata,West Bengal,Self-Employed,85157.43,668,Savings,111262.84,2015-09-22
C105406,Nisha Mishra,21,Male,Chandigarh,Chandigarh,Business,35714.91,651,Savings,3600.11,2015-09-10
C105407,Aditya Dasgupta,48,Female,Guwahati,Assam,Self-Employed,17301.61,681,Savings,23498.81,2015-09-15
C105408,Pooja Bose,34,Female,Pune,Maharashtra,Salaried,66851.46,648,Savings,57222.71,2020-07-16
C105409,Arjun Sharma,47,Male,Chennai,Tamil Nadu,Salaried,36796.48,783,Salary,41463.62,2018-11-10
C105410,Ankit Dasgupta,31,Male,Mumbai,Maharashtra,Salaried,58154.17,657,Savings,121017.84,2025-02-14
C105411,Vivaan Das,31,Female,Jaipur,Rajasthan,Retired,65924.07,738,Savings,124341.59,2023-03-22
C105412,Isha Mishra,28,Male,Pune,Maharashtra,Salaried,59471.49,770,Savings,119124.17,2015-09-05
C105413,Priya Gupta,45,Male,Kochi,Kerala,Self-Employed,21485.66,648,Savings,23096.5,2021-12-13
C105414,Aditya Mehta,29,Female,Kochi,Kerala,Salaried,55800.77,729,Savings,79421.39,2023-06-23
C105415,Riya Behera,42,Female,Kochi,Kerala,Self-Employed,70236.23,647,Savings,103908.09,2024-03-03
C105416,Rohan Behera,32,Female,Ahmedabad,Gujarat,Salaried,25464.89,694,Savings,39797.1,2019-10-28
C105417,Vivaan Behera,18,Male,Delhi,Delhi,Business,23850.08,675,Savings,18188.45,2015-11-24
C105418,Amit Patel,30,Male,Pune,Maharashtra,Salaried,30550.15,660,Savings,79344.54,2022-07-23
C105419,Sahil Mishra,24,Male,Lucknow,Uttar Pradesh,Student,82934.72,715,Current,135090.59,2023-07-29
C105420,Pooja Sahu,36,Male,Delhi,Delhi,Student,18324.88,626,Savings,46843.27,2025-01-28
C105421,Neha Reddy,24,Male,Ahmedabad,Gujarat,Business,86808.87,765,Savings,136151.66,2023-01-12
C105422,Amit Sahu,45,Female,Lucknow,Uttar Pradesh,Salaried,68235.42,635,Savings,75156.5,2020-01-01
C105423,Sneha Das,35,Female,Guwahati,Assam,Salaried,47737.02,623,Salary,32014.63,2015-02-19
C105424,Riya Sharma,34,Male,Bengaluru,Karnataka,Student,24361.08,689,Savings,62234.89,2025-12-16
C105425,Isha Reddy,43,Male,Mumbai,Maharashtra,Salaried,35490.89,681,Premium Savings,45648.89,2023-05-07
C105426,Rahul Singh,46,Female,Mumbai,Maharashtra,Salaried,84553.16,728,Savings,55689.48,2022-07-25
C105427,Neha Bose,36,Female,Kolkata,West Bengal,Self-Employed,109785.89,711,Savings,159857.82,2015-12-28
C105428,Aditya Verma,28,Male,Hyderabad,Telangana,Salaried,31189.57,599,Savings,33109.41,2018-07-28
C105429,Nisha Nayak,18,Female,Chennai,Tamil Nadu,Salaried,103064.82,769,Savings,119588.2,2021-08-06
C105430,Pooja Gupta,29,Male,Delhi,Delhi,Self-Employed,80203.29,687,Current,111331.26,2023-08-26
C105431,Pooja Sharma,30,Male,Bengaluru,Karnataka,Salaried,54793.56,721,Savings,42566.51,2025-04-11
C105432,Ananya Mishra,37,Male,Mumbai,Maharashtra,Salaried,36653.64,848,Salary,39639.91,2025-04-03
C105433,Aditya Reddy,33,Female,Indore,Madhya Pradesh,Self-Employed,39947.6,789,Salary,36836.68,2019-01-20
C105434,Vivaan Verma,43,Male,Jaipur,Rajasthan,Salaried,149895.84,719,Savings,39157.26,2022-10-30
C105435,Riya Roul,30,Male,Guwahati,Assam,Business,60671.63,616,Current,26490.25,2022-08-21
C105436,Amit Sharma,35,Male,Indore,Madhya Pradesh,Salaried,114292.48,617,Current,46546.94,2021-10-16
C105437,Aditi Sahu,48,Female,Jaipur,Rajasthan,Self-Employed,62814.76,781,Savings,108418.83,2022-08-09
C105438,Kavya Roul,39,Male,Lucknow,Uttar Pradesh,Salaried,42877.59,679,Savings,62906.97,2025-10-04
C105439,Aditi Mohanty,35,Male,Mumbai,Maharashtra,Salaried,75836.73,694,Savings,54596.78,2015-09-27
C105440,Aditi Bose,30,Male,Guwahati,Assam,Salaried,180213.54,631,Savings,325000.09,2021-05-20
C105441,Ankit Singh,30,Male,Mumbai,Maharashtra,Salaried,38592.93,734,Savings,63557.21,2017-12-10
C105442,Arjun Dasgupta,27,Male,Jaipur,Rajasthan,Student,90918.28,779,Current,30557.45,2023-02-26
C105443,Nisha Kumar,31,Male,Chandigarh,Chandigarh,Salaried,61075.64,804,Current,70318.68,2024-06-01
C105444,Ankit Singh,44,Male,Ahmedabad,Gujarat,Business,24781.52,676,Savings,49240.52,2018-07-30
C105445,Neha Behera,34,Female,Indore,Madhya Pradesh,Retired,24478.68,747,Savings,28468.56,2020-01-21
C105446,Amit Rao,23,Male,Chandigarh,Chandigarh,Self-Employed,42894.44,699,Savings,39795.6,2019-01-06
C105447,Neha Verma,54,Male,Lucknow,Uttar Pradesh,Salaried,66583.17,762,Savings,64466.88,2023-04-29
C105448,Aarav Kumar,39,Male,Hyderabad,Telangana,Salaried,89160.52,705,Savings,162358.4,2024-02-04
C105449,Sneha Rao,22,Female,Bhubaneswar,Odisha,Student,23180.95,651,Savings,32306.2,2020-05-21
C105450,Neha Rao,32,Female,Indore,Madhya Pradesh,Business,78753.04,791,Savings,109015.32,2019-02-26
C105451,Arjun Bose,37,Female,Jaipur,Rajasthan,Business,51533.09,711,Savings,91006.26,2020-08-08
C105452,Kavya Rao,53,Female,Chandigarh,Chandigarh,Salaried,55100.33,682,Savings,46317.37,2018-05-14
C105453,Sneha Singh,25,Female,Chennai,Tamil Nadu,Student,76025.57,717,Savings,94200.17,2023-07-24
C105454,Isha Dasgupta,46,Female,Kolkata,West Bengal,Business,143694.73,657,Savings,299555.5,2020-06-26
C105455,Karan Sahu,50,Female,Chandigarh,Chandigarh,Salaried,64996.68,732,Savings,90199.63,2018-07-07
C105456,Amit Sahu,30,Male,Kochi,Kerala,Self-Employed,26078.93,692,Savings,41524.61,2021-02-14
C105457,Riya Bose,33,Male,Chennai,Tamil Nadu,Salaried,49621.9,653,Salary,42839.65,2023-05-10
C105458,Ananya Sharma,26,Female,Delhi,Delhi,Salaried,87883.05,850,Current,101209.24,2017-02-18
C105459,Aditya Jain,34,Other,Mumbai,Maharashtra,Business,89488.23,640,Savings,93510.04,2017-07-23
C105460,Rohan Mohanty,36,Male,Kochi,Kerala,Salaried,79323.67,728,Savings,107236.1,2021-08-02
C105461,Sneha Das,43,Female,Pune,Maharashtra,Self-Employed,41546.61,709,Savings,39308.16,2016-11-29
C105462,Nisha Das,47,Male,Chennai,Tamil Nadu,Salaried,25920.37,638,Savings,80100.08,2015-06-24
C105463,Rohan Sahu,29,Male,Bengaluru,Karnataka,Salaried,76063.04,683,Savings,18691.06,2022-09-30
C105464,Neha Sahu,18,Male,Indore,Madhya Pradesh,Salaried,28205.1,618,Savings,1213.01,2018-12-16
C105465,Pooja Bose,36,Male,Hyderabad,Telangana,Retired,80518.68,839,Savings,91200.06,2019-08-06
C105466,Isha Sharma,39,Male,Kolkata,West Bengal,Salaried,80531.01,688,Salary,74166.95,2020-03-19
C105467,Nisha Roul,38,Female,Bhubaneswar,Odisha,Salaried,42525.42,693,Premium Savings,41498.97,2024-11-13
C105468,Pooja Jain,33,Female,Chandigarh,Chandigarh,Self-Employed,51701.06,831,Salary,59070.69,2020-03-05
C105469,Aditya Jain,37,Female,Jaipur,Rajasthan,Salaried,61350.67,651,Salary,42690.64,2018-08-21
C105470,Priya Das,51,Male,Delhi,Delhi,Salaried,39219.93,789,Savings,78800.45,2025-05-10
C105471,Rohan Dasgupta,40,Female,Bhubaneswar,Odisha,Salaried,25723.61,744,Current,45791.6,2023-12-06
C105472,Aditi Dasgupta,32,Male,Delhi,Delhi,Salaried,53826.32,576,Savings,55932.57,2024-06-29
C105473,Aditi Sharma,31,Male,Kochi,Kerala,Salaried,57002.84,681,Premium Savings,84707.27,2025-08-07
C105474,Pooja Nayak,34,Female,Hyderabad,Telangana,Salaried,116269.32,733,Current,98656.07,2025-11-26
C105475,Nisha Panda,52,Male,Jaipur,Rajasthan,Salaried,35774.58,707,Savings,44682.73,2019-07-10
C105476,Amit Mehta,34,Male,Chandigarh,Chandigarh,Business,98988.74,707,Salary,92531.27,2020-03-14
C105477,Nisha Dasgupta,36,Male,Lucknow,Uttar Pradesh,Salaried,29266.54,666,Savings,19657.89,2024-09-28
C105478,Arjun Singh,31,Female,Mumbai,Maharashtra,Student,26253.57,659,Savings,32256.27,2025-01-30
C105479,Priya Mehta,47,Male,Mumbai,Maharashtra,Self-Employed,46612.04,685,Salary,84681.35,2020-03-17
C105480,Aditi Rao,56,Female,Ahmedabad,Gujarat,Salaried,32780.48,832,Savings,52639.15,2020-01-27
C105481,Kavya Mohanty,41,Female,Hyderabad,Telangana,Retired,26052.0,646,Current,41563.49,2016-09-17
C105482,Rahul Sahu,37,Female,Kolkata,West Bengal,Salaried,160246.76,674,Savings,112804.25,2016-08-04
C105483,Priya Behera,36,Female,Chandigarh,Chandigarh,Salaried,42902.37,707,Savings,50485.8,2023-04-11
C105484,Kavya Jain,18,Male,Delhi,Delhi,Salaried,196085.38,610,Salary,98558.53,2023-06-02
C105485,Ankit Sharma,43,Male,Jaipur,Rajasthan,Business,31824.28,733,Salary,35635.09,2019-04-29
C105486,Riya Roul,37,Male,Chandigarh,Chandigarh,Self-Employed,21490.96,621,Savings,41133.52,2019-09-15
C105487,Riya Verma,40,Male,Jaipur,Rajasthan,Salaried,111892.94,634,Savings,113926.56,2025-08-25
C105488,Riya Sharma,29,Female,Hyderabad,Telangana,Salaried,36880.1,631,Savings,28556.72,2015-04-11
C105489,Priya Sharma,32,Male,Lucknow,Uttar Pradesh,Business,59365.27,598,Current,93124.76,2024-10-17
C105490,Aditya Nayak,32,Male,Chandigarh,Chandigarh,Salaried,26094.77,787,Savings,56726.56,2016-07-25
C105491,Arjun Mohanty,46,Female,Ahmedabad,Gujarat,Salaried,53859.08,739,Salary,41783.89,2023-11-03
C105492,Arjun Jain,32,Female,Bhubaneswar,Odisha,Self-Employed,25866.25,765,Salary,65564.19,2018-07-21
C105493,Priya Rao,57,Female,Indore,Madhya Pradesh,Business,52809.13,759,Savings,46617.08,2019-04-12
C105494,Riya Panda,40,Female,Bhubaneswar,Odisha,Salaried,42379.73,694,Savings,46980.65,2024-10-04
C105495,Karan Panda,23,Female,Kolkata,West Bengal,Salaried,62425.91,703,Savings,95239.57,2022-02-02
C105496,Aditya Singh,35,Female,Guwahati,Assam,Business,77591.93,771,Savings,79906.33,2016-09-03
C105497,Nisha Verma,29,Male,Kochi,Kerala,Salaried,62798.25,811,Premium Savings,73058.06,2019-06-25
C105498,Sneha Verma,18,Other,Kochi,Kerala,Self-Employed,70485.62,623,Current,43436.84,2019-02-06
C105499,Aditya Dasgupta,52,Female,Ahmedabad,Gujarat,Retired,51798.71,850,Current,31995.3,2015-02-27
C105500,Riya Mohanty,43,Male,Bengaluru,Karnataka,Student,43289.4,619,Salary,74342.42,2019-11-15
C105501,Aditya Kumar,41,Male,Indore,Madhya Pradesh,Salaried,71228.89,675,Savings,90572.47,2023-11-16
C105502,Ankit Bose,38,Female,Guwahati,Assam,Salaried,51729.95,710,Savings,54034.45,2024-03-02
C105503,Neha Patel,22,Female,Bhubaneswar,Odisha,Salaried,52826.49,716,Savings,108978.21,2022-06-03
C105504,Vivaan Verma,31,Male,Ahmedabad,Gujarat,Retired,68449.27,833,Premium Savings,84371.69,2025-02-25
C105505,Vivaan Sharma,44,Male,Indore,Madhya Pradesh,Retired,31157.8,771,Salary,52660.88,2016-12-08
C105506,Aditi Das,25,Female,Pune,Maharashtra,Salaried,120737.56,732,Current,77057.39,2016-09-10
C105507,Sahil Gupta,18,Female,Lucknow,Uttar Pradesh,Business,47951.36,772,Savings,50196.05,2021-08-25
C105508,Aditi Das,34,Male,Kolkata,West Bengal,Student,58887.75,727,Current,106614.57,2025-08-10
C105509,Isha Mohanty,35,Male,Jaipur,Rajasthan,Salaried,53669.64,661,Savings,92025.56,2017-01-23
C105510,Riya Rao,37,Female,Indore,Madhya Pradesh,Salaried,78755.01,737,Current,67386.64,2017-06-07
C105511,Ananya Mohanty,43,Male,Mumbai,Maharashtra,Salaried,66279.66,709,Savings,42662.88,2016-01-24
C105512,Vivaan Mishra,42,Female,Ahmedabad,Gujarat,Salaried,53510.35,650,Savings,79276.05,2015-03-09
C105513,Aarav Singh,39,Male,Indore,Madhya Pradesh,Student,122015.48,787,Savings,181758.29,2019-05-22
C105514,Nisha Roul,48,Male,Mumbai,Maharashtra,Student,12000.0,701,Current,22630.92,2020-04-18
C105515,Aarav Kumar,21,Male,Kolkata,West Bengal,Salaried,108940.74,632,Salary,97529.21,2016-09-05
C105516,Arjun Singh,41,Male,Kochi,Kerala,Salaried,91236.19,642,Savings,52135.29,2018-01-14
C105517,Priya Sharma,42,Male,Jaipur,Rajasthan,Salaried,20038.07,740,Salary,24332.27,2018-10-13
C105518,Aditya Bose,24,Male,Delhi,Delhi,Business,91692.35,773,Salary,144386.36,2017-03-21
C105519,Sneha Patel,21,Female,Bengaluru,Karnataka,Self-Employed,98444.24,736,Salary,39030.39,2015-03-30
C105520,Kavya Gupta,29,Male,Pune,Maharashtra,Self-Employed,74911.18,737,Current,98807.11,2020-07-30
C105521,Rohan Panda,29,Female,Delhi,Delhi,Self-Employed,23332.22,652,Savings,3817.66,2019-05-26
C105522,Aarav Jain,44,Male,Lucknow,Uttar Pradesh,Salaried,80061.27,711,Salary,66811.71,2016-10-10
C105523,Aditi Verma,30,Female,Chandigarh,Chandigarh,Salaried,95707.0,684,Savings,33897.55,2018-05-28
C105524,Rahul Das,27,Male,Jaipur,Rajasthan,Retired,40149.89,692,Savings,12705.17,2024-04-21
C105525,Rohan Mishra,30,Male,Pune,Maharashtra,Salaried,70102.38,698,Current,104281.75,2025-09-17
C105526,Karan Sahu,47,Female,Mumbai,Maharashtra,Self-Employed,45289.21,662,Savings,45418.39,2024-07-29
C105527,Aditi Roul,36,Female,Jaipur,Rajasthan,Salaried,89504.65,754,Premium Savings,39903.02,2021-02-28
C105528,Arjun Dasgupta,34,Female,Kochi,Kerala,Self-Employed,46289.01,639,Savings,53276.63,2018-02-11
C105529,Aarav Jain,35,Female,Delhi,Delhi,Self-Employed,39975.57,621,Savings,58504.87,2017-07-21
C105530,Rohan Patel,49,Female,Delhi,Delhi,Self-Employed,53824.03,654,Premium Savings,35286.68,2017-02-17
C105531,Aarav Rao,29,Male,Lucknow,Uttar Pradesh,Student,26296.2,762,Savings,29328.58,2020-06-15
C105532,Karan Sharma,49,Female,Ahmedabad,Gujarat,Salaried,50963.67,727,Savings,47251.01,2021-10-21
C105533,Rahul Gupta,38,Female,Bhubaneswar,Odisha,Self-Employed,67120.14,589,Savings,82509.1,2023-02-12
C105534,Rohan Jain,34,Other,Bengaluru,Karnataka,Salaried,88748.88,744,Salary,60566.92,2020-08-06
C105535,Neha Singh,61,Female,Ahmedabad,Gujarat,Business,63070.89,702,Savings,35616.49,2019-11-08
C105536,Sahil Panda,25,Male,Chennai,Tamil Nadu,Salaried,25013.16,678,Savings,42807.21,2019-11-18
C105537,Pooja Verma,32,Male,Ahmedabad,Gujarat,Business,115709.45,689,Savings,62185.15,2025-08-16
C105538,Amit Rao,24,Female,Guwahati,Assam,Salaried,121173.13,618,Premium Savings,57880.58,2024-07-20
C105539,Ankit Sharma,46,Female,Kolkata,West Bengal,Salaried,58512.78,716,Savings,35855.05,2016-10-16
C105540,Priya Rao,53,Female,Indore,Madhya Pradesh,Salaried,36370.77,623,Savings,77550.65,2020-06-19
C105541,Aditya Gupta,53,Female,Bengaluru,Karnataka,Retired,41056.26,682,Salary,53705.94,2025-11-13
C105542,Ankit Jain,48,Male,Bengaluru,Karnataka,Salaried,49175.52,682,Salary,63819.53,2022-06-20
C105543,Aditi Verma,34,Male,Kochi,Kerala,Salaried,64110.03,755,Savings,62185.86,2015-09-02
C105544,Neha Rao,32,Male,Bengaluru,Karnataka,Salaried,46519.25,708,Salary,60997.82,2018-12-18
C105545,Sahil Patel,19,Female,Mumbai,Maharashtra,Salaried,34302.56,751,Savings,40870.44,2025-10-13
C105546,Sneha Dasgupta,56,Female,Guwahati,Assam,Salaried,96543.01,627,Savings,124946.38,2016-03-10
C105547,Kavya Roul,41,Male,Lucknow,Uttar Pradesh,Self-Employed,63360.49,698,Savings,44694.78,2015-10-02
C105548,Ananya Nayak,31,Female,Kolkata,West Bengal,Salaried,30831.24,739,Savings,57020.66,2025-09-08
C105549,Sahil Verma,49,Male,Lucknow,Uttar Pradesh,Self-Employed,64557.35,786,Savings,11253.28,2018-08-17
C105550,Amit Gupta,26,Male,Chandigarh,Chandigarh,Salaried,60121.18,631,Savings,51845.02,2022-12-01
C105551,Priya Reddy,40,Female,Delhi,Delhi,Salaried,37055.03,650,Savings,38985.89,2020-05-06
C105552,Sahil Jain,34,Male,Ahmedabad,Gujarat,Self-Employed,106124.25,738,Salary,144224.71,2021-10-25
C105553,Neha Dasgupta,42,Female,Chandigarh,Chandigarh,Salaried,59235.57,810,Current,61920.69,2018-03-31
C105554,Riya Sahu,35,Female,Bengaluru,Karnataka,Salaried,48822.5,724,Savings,74931.0,2016-08-02
C105555,Ananya Bose,21,Female,Delhi,Delhi,Salaried,52531.77,633,Savings,40807.32,2017-08-21
C105556,Karan Gupta,37,Male,Jaipur,Rajasthan,Salaried,70209.77,634,Savings,43591.55,2020-10-25
C105557,Isha Roul,46,Male,Bhubaneswar,Odisha,Self-Employed,52859.23,714,Premium Savings,75669.85,2025-07-30
C105558,Ankit Dasgupta,36,Female,Chandigarh,Chandigarh,Self-Employed,52616.73,728,Current,39270.08,2020-07-17
C105559,Amit Verma,44,Female,Bengaluru,Karnataka,Self-Employed,98851.03,691,Salary,139580.4,2024-01-05
C105560,Riya Sahu,26,Female,Lucknow,Uttar Pradesh,Salaried,25209.25,635,Savings,19373.05,2017-06-05
C105561,Rohan Sahu,36,Male,Mumbai,Maharashtra,Salaried,27632.12,777,Savings,30481.4,2019-09-02
C105562,Kavya Roul,30,Male,Delhi,Delhi,Salaried,84323.71,682,Savings,145085.75,2020-07-02
C105563,Neha Jain,43,Female,Bengaluru,Karnataka,Self-Employed,207690.83,739,Savings,377864.51,2015-02-23
C105564,Ankit Bose,36,Female,Chennai,Tamil Nadu,Salaried,89068.5,590,Salary,115288.11,2025-09-24
C105565,Priya Mishra,43,Male,Kochi,Kerala,Salaried,153338.52,783,Salary,204879.93,2018-06-15
C105566,Rahul Sharma,47,Male,Kolkata,West Bengal,Business,43311.96,660,Salary,72378.23,2022-01-30
C105567,Pooja Rao,43,Female,Delhi,Delhi,Salaried,38742.55,792,Salary,41763.94,2016-10-11
C105568,Ananya Bose,39,Male,Ahmedabad,Gujarat,Retired,70698.65,745,Savings,122351.09,2018-10-18
C105569,Kavya Sharma,26,Male,Guwahati,Assam,Salaried,92929.4,612,Salary,149643.52,2022-01-26
C105570,Isha Behera,36,Male,Mumbai,Maharashtra,Business,26735.18,721,Current,52911.74,2018-06-26
C105571,Ankit Mishra,31,Male,Bhubaneswar,Odisha,Salaried,48913.97,813,Savings,15351.47,2022-09-02
C105572,Rohan Sahu,33,Female,Kochi,Kerala,Student,54188.77,666,Current,22016.85,2021-12-08
C105573,Aditi Dasgupta,32,Male,Hyderabad,Telangana,Salaried,37862.25,813,Savings,31235.51,2019-10-24
C105574,Karan Gupta,26,Male,Guwahati,Assam,Salaried,40370.98,730,Savings,59492.78,2021-11-10
C105575,Ankit Mishra,18,Male,Kolkata,West Bengal,Salaried,87445.99,792,Savings,121351.65,2016-05-14
C105576,Neha Behera,29,Male,Guwahati,Assam,Retired,71211.88,715,Savings,48151.22,2021-09-19
C105577,Priya Dasgupta,38,Female,Indore,Madhya Pradesh,Retired,85326.19,697,Savings,117114.48,2016-06-14
C105578,Vivaan Verma,23,Male,Lucknow,Uttar Pradesh,Salaried,66195.62,824,Savings,79748.54,2020-12-09
C105579,Aarav Nayak,36,Female,Chennai,Tamil Nadu,Self-Employed,34023.18,752,Salary,69502.35,2018-02-28
C105580,Priya Patel,55,Male,Indore,Madhya Pradesh,Self-Employed,69410.62,690,Current,62765.48,2018-10-29
C105581,Ananya Patel,46,Male,Ahmedabad,Gujarat,Salaried,32579.46,733,Savings,53005.1,2023-02-16
C105582,Aditi Das,52,Male,Delhi,Delhi,Salaried,46333.67,668,Savings,500.0,2019-03-10
C105583,Riya Gupta,40,Male,Guwahati,Assam,Retired,31105.87,712,Salary,50134.6,2024-01-19
C105584,Sneha Mohanty,48,Female,Kochi,Kerala,Salaried,39304.73,783,Savings,80828.87,2022-09-21
C105585,Rohan Sharma,29,Male,Kochi,Kerala,Salaried,57806.23,694,Savings,88951.96,2024-09-09
C105586,Vivaan Mohanty,30,Female,Ahmedabad,Gujarat,Salaried,42764.72,648,Salary,77122.82,2016-06-08
C105587,Karan Gupta,18,Male,Pune,Maharashtra,Salaried,33838.32,642,Savings,18622.5,2019-02-22
C105588,Rohan Behera,48,Male,Mumbai,Maharashtra,Self-Employed,102834.59,710,Current,71800.25,2021-05-04
C105589,Karan Panda,51,Male,Delhi,Delhi,Salaried,51498.76,653,Savings,80735.97,2025-11-18
C105590,Vivaan Mohanty,30,Female,Kolkata,West Bengal,Salaried,41139.67,612,Savings,46266.21,2020-04-23
C105591,Pooja Mishra,33,Male,Lucknow,Uttar Pradesh,Salaried,30326.25,627,Salary,39246.64,2015-09-16
C105592,Kavya Singh,28,Male,Ahmedabad,Gujarat,Salaried,19643.29,781,Premium Savings,46971.19,2015-03-14
C105593,Nisha Mehta,40,Male,Kolkata,West Bengal,Salaried,48677.03,696,Salary,14155.46,2020-01-06
C105594,Sahil Verma,47,Male,Chandigarh,Chandigarh,Student,25772.63,709,Savings,56390.72,2019-02-24
C105595,Aarav Mishra,19,Female,Bengaluru,Karnataka,Salaried,81365.65,642,Savings,150999.51,2019-09-05
C105596,Riya Sharma,40,Female,Mumbai,Maharashtra,Business,55899.38,667,Savings,124440.97,2017-10-05
C105597,Aditya Sahu,33,Female,Guwahati,Assam,Salaried,129597.26,665,Salary,198578.21,2017-05-07
C105598,Rahul Mehta,37,Female,Jaipur,Rajasthan,Salaried,62179.42,687,Savings,37005.6,2025-08-04
C105599,Riya Verma,41,Female,Kochi,Kerala,Salaried,36880.07,597,Salary,49382.6,2018-08-29
C105600,Arjun Verma,34,Male,Bengaluru,Karnataka,Business,19556.92,776,Savings,28653.93,2022-09-20
C105601,Vivaan Singh,35,Female,Bhubaneswar,Odisha,Student,85706.81,704,Savings,56339.83,2017-08-14
C105602,Aarav Nayak,34,Male,Bengaluru,Karnataka,Salaried,26921.13,718,Savings,63975.57,2025-03-16
C105603,Priya Sharma,46,Male,Delhi,Delhi,Salaried,43941.26,764,Salary,32720.23,2024-10-11
C105604,Rohan Dasgupta,40,Female,Mumbai,Maharashtra,Business,138114.32,759,Savings,64932.44,2025-02-13
C105605,Arjun Nayak,38,Female,Jaipur,Rajasthan,Salaried,76966.79,668,Savings,67516.67,2018-07-04
C105606,Karan Mehta,23,Female,Chandigarh,Chandigarh,Self-Employed,68153.27,744,Salary,40718.46,2022-02-09
C105607,Amit Reddy,32,Female,Kolkata,West Bengal,Salaried,92453.94,744,Savings,134407.23,2025-04-08
C105608,Rahul Mohanty,45,Male,Guwahati,Assam,Self-Employed,90577.93,726,Savings,156255.39,2025-02-10
C105609,Aditi Gupta,36,Male,Kochi,Kerala,Self-Employed,131217.17,774,Savings,61750.36,2025-11-27
C105610,Amit Mishra,43,Male,Lucknow,Uttar Pradesh,Salaried,39493.44,757,Premium Savings,69003.05,2020-05-04
C105611,Kavya Behera,54,Female,Hyderabad,Telangana,Self-Employed,44708.2,752,Premium Savings,4644.83,2023-10-28
C105612,Priya Roul,46,Female,Jaipur,Rajasthan,Salaried,33116.17,794,Savings,18765.95,2018-02-23
C105613,Aditya Kumar,37,Male,Bhubaneswar,Odisha,Salaried,54019.74,707,Savings,65134.98,2021-03-23
C105614,Arjun Singh,31,Male,Kolkata,West Bengal,Salaried,51141.95,709,Current,60905.58,2018-10-27
C105615,Amit Verma,18,Male,Indore,Madhya Pradesh,Self-Employed,20949.39,758,Current,31267.78,2021-06-22
C105616,Nisha Sharma,34,Female,Jaipur,Rajasthan,Salaried,38385.81,693,Savings,44551.79,2023-11-26
C105617,Sahil Das,33,Female,Bengaluru,Karnataka,Retired,121370.43,736,Current,83560.52,2018-09-18
C105618,Sneha Verma,40,Male,Delhi,Delhi,Business,62906.4,669,Salary,123521.1,2022-10-31
C105619,Rohan Mohanty,34,Female,Bhubaneswar,Odisha,Salaried,81516.25,557,Premium Savings,61062.05,2017-03-07
C105620,Sahil Singh,33,Female,Indore,Madhya Pradesh,Business,51471.78,744,Salary,69542.6,2025-02-11
C105621,Riya Sahu,18,Male,Jaipur,Rajasthan,Salaried,19480.85,604,Savings,41285.09,2016-06-04
C105622,Sneha Das,27,Female,Kochi,Kerala,Self-Employed,51243.23,660,Salary,59841.55,2025-10-29
C105623,Ananya Kumar,41,Male,Pune,Maharashtra,Salaried,97540.36,758,Savings,73401.91,2018-08-11
C105624,Vivaan Bose,53,Male,Bengaluru,Karnataka,Business,28651.54,759,Savings,48642.2,2023-10-07
C105625,Ananya Rao,35,Male,Hyderabad,Telangana,Business,82947.23,781,Current,87494.09,2022-02-04
C105626,Amit Bose,39,Female,Mumbai,Maharashtra,Self-Employed,21570.48,574,Salary,35438.26,2021-06-02
C105627,Karan Dasgupta,46,Female,Bhubaneswar,Odisha,Salaried,55614.19,724,Savings,26964.95,2025-11-21
C105628,Ananya Verma,28,Male,Mumbai,Maharashtra,Salaried,74204.02,688,Salary,80901.23,2025-03-22
C105629,Ankit Mehta,40,Female,Pune,Maharashtra,Salaried,46324.51,769,Current,92615.93,2017-07-26
C105630,Aditya Gupta,29,Male,Kochi,Kerala,Salaried,214260.49,801,Savings,79398.26,2022-12-10
C105631,Neha Patel,45,Female,Ahmedabad,Gujarat,Salaried,41933.22,620,Savings,43197.37,2021-08-25
C105632,Aditi Reddy,38,Female,Hyderabad,Telangana,Business,40012.99,706,Savings,7678.55,2021-11-01
C105633,Nisha Mishra,39,Male,Kochi,Kerala,Business,61547.17,759,Salary,86062.76,2017-08-28
C105634,Priya Kumar,28,Male,Jaipur,Rajasthan,Salaried,36310.17,683,Savings,64853.53,2024-02-14
C105635,Aditya Rao,43,Female,Chennai,Tamil Nadu,Salaried,24893.27,818,Savings,500.0,2024-03-11
C105636,Ankit Verma,57,Male,Delhi,Delhi,Business,30072.61,679,Savings,18691.97,2017-10-17
C105637,Ananya Mehta,26,Female,Kochi,Kerala,Student,83448.19,685,Current,137030.31,2020-06-24
C105638,Amit Mohanty,33,Male,Lucknow,Uttar Pradesh,Salaried,46507.63,635,Savings,37131.29,2021-04-26
C105639,Vivaan Sahu,38,Female,Indore,Madhya Pradesh,Salaried,140252.55,715,Savings,107050.86,2020-04-08
C105640,Rahul Rao,44,Male,Bhubaneswar,Odisha,Business,43148.74,509,Premium Savings,40222.3,2024-12-26
C105641,Rohan Dasgupta,30,Male,Delhi,Delhi,Business,81297.39,689,Salary,41808.55,2015-03-21
C105642,Arjun Sahu,18,Male,Lucknow,Uttar Pradesh,Salaried,72842.26,787,Savings,98755.72,2018-07-07
C105643,Pooja Roul,50,Female,Bengaluru,Karnataka,Self-Employed,42796.24,614,Savings,53149.11,2020-09-23
C105644,Amit Mohanty,44,Male,Jaipur,Rajasthan,Self-Employed,33919.44,600,Savings,35545.61,2024-11-16
C105645,Sahil Jain,19,Male,Chennai,Tamil Nadu,Salaried,21217.81,778,Salary,10373.0,2016-01-27
C105646,Arjun Singh,30,Female,Kolkata,West Bengal,Business,74555.93,786,Savings,154689.09,2019-04-23
C105647,Aditya Mehta,52,Female,Pune,Maharashtra,Salaried,106311.77,617,Current,166468.99,2023-05-31
C105648,Kavya Verma,50,Male,Guwahati,Assam,Business,22939.75,818,Savings,40096.22,2016-08-30
C105649,Neha Das,45,Other,Kochi,Kerala,Self-Employed,44861.88,733,Salary,50429.02,2021-12-29
C105650,Neha Gupta,34,Female,Bengaluru,Karnataka,Salaried,38111.96,773,Current,66176.87,2018-08-10
C105651,Arjun Das,37,Male,Kochi,Kerala,Self-Employed,74484.14,654,Salary,96170.58,2015-11-30
C105652,Neha Sharma,35,Male,Chandigarh,Chandigarh,Business,45905.01,802,Savings,87551.83,2020-12-07
C105653,Isha Gupta,47,Female,Delhi,Delhi,Retired,113860.33,688,Salary,114629.88,2020-07-03
C105654,Isha Kumar,27,Female,Kochi,Kerala,Salaried,44519.04,685,Salary,37670.39,2020-03-10
C105655,Isha Mohanty,28,Male,Bhubaneswar,Odisha,Salaried,27863.63,736,Salary,11498.86,2021-10-04
C105656,Sneha Das,46,Male,Mumbai,Maharashtra,Retired,42499.41,680,Savings,28008.94,2025-02-05
C105657,Aarav Panda,36,Male,Chandigarh,Chandigarh,Self-Employed,45154.74,606,Savings,40957.09,2024-12-28
C105658,Aditi Patel,50,Female,Lucknow,Uttar Pradesh,Retired,73456.12,714,Premium Savings,59538.04,2025-08-15
C105659,Neha Panda,29,Male,Ahmedabad,Gujarat,Salaried,44786.09,684,Premium Savings,40514.33,2025-09-30
C105660,Amit Reddy,35,Male,Chennai,Tamil Nadu,Salaried,70062.4,655,Savings,67450.55,2023-03-01
C105661,Aditi Sahu,27,Female,Delhi,Delhi,Salaried,35607.88,786,Savings,36915.3,2017-12-25
C105662,Amit Sharma,36,Female,Lucknow,Uttar Pradesh,Business,46770.89,850,Savings,76165.74,2015-10-02
C105663,Amit Behera,21,Male,Chennai,Tamil Nadu,Student,35714.77,645,Savings,60896.77,2020-01-16
C105664,Aditi Mehta,31,Male,Kochi,Kerala,Self-Employed,34524.88,718,Savings,72992.29,2019-05-15
C105665,Aditya Sahu,22,Male,Chennai,Tamil Nadu,Salaried,110884.78,679,Savings,206917.04,2023-09-20
C105666,Kavya Patel,43,Male,Mumbai,Maharashtra,Salaried,37114.66,850,Current,24949.57,2017-03-02
C105667,Ankit Mehta,43,Female,Kochi,Kerala,Self-Employed,45428.99,737,Savings,79985.72,2023-11-16
C105668,Vivaan Mehta,19,Female,Chandigarh,Chandigarh,Self-Employed,97696.49,765,Premium Savings,72535.2,2023-08-20
C105669,Aditi Panda,49,Male,Pune,Maharashtra,Business,83082.49,782,Savings,134568.79,2018-02-05
C105670,Riya Singh,61,Male,Hyderabad,Telangana,Salaried,135639.03,713,Savings,172623.02,2022-12-25
C105671,Rahul Sahu,36,Female,Bhubaneswar,Odisha,Salaried,71727.5,693,Salary,52429.76,2016-08-09
C105672,Pooja Mishra,30,Female,Bhubaneswar,Odisha,Salaried,39532.12,804,Current,85415.27,2019-01-30
C105673,Arjun Das,64,Male,Chandigarh,Chandigarh,Self-Employed,170504.68,756,Savings,302685.66,2024-07-04
C105674,Karan Gupta,23,Female,Delhi,Delhi,Salaried,75752.97,650,Savings,160715.34,2023-09-21
C105675,Amit Bose,36,Female,Chandigarh,Chandigarh,Student,50514.01,658,Savings,85850.68,2015-08-30
C105676,Riya Bose,38,Male,Kolkata,West Bengal,Self-Employed,56766.1,680,Salary,97513.68,2020-04-24
C105677,Vivaan Nayak,49,Female,Pune,Maharashtra,Salaried,60699.66,780,Salary,32674.12,2017-10-07
C105678,Isha Verma,40,Female,Delhi,Delhi,Salaried,48283.34,801,Savings,29384.73,2017-07-03
C105679,Aditya Nayak,31,Female,Lucknow,Uttar Pradesh,Student,25806.14,845,Savings,26872.62,2022-02-06
C105680,Rahul Patel,26,Female,Jaipur,Rajasthan,Salaried,134562.63,659,Savings,138850.1,2015-01-13
C105681,Rahul Verma,33,Male,Indore,Madhya Pradesh,Salaried,54343.47,714,Savings,54866.16,2018-09-02
C105682,Aditi Mishra,26,Male,Hyderabad,Telangana,Retired,60840.54,679,Savings,69654.61,2018-12-29
C105683,Sneha Nayak,36,Female,Mumbai,Maharashtra,Self-Employed,172485.37,693,Salary,160264.96,2024-04-01
C105684,Ananya Patel,30,Female,Lucknow,Uttar Pradesh,Self-Employed,37770.42,765,Current,83243.9,2021-12-17
C105685,Rahul Dasgupta,21,Female,Bengaluru,Karnataka,Salaried,78873.88,702,Savings,134690.37,2020-05-30
C105686,Rohan Mishra,49,Male,Delhi,Delhi,Business,35572.36,791,Current,47537.57,2021-04-20
C105687,Arjun Mishra,31,Female,Guwahati,Assam,Salaried,65620.94,671,Savings,123761.05,2016-08-21
C105688,Sahil Singh,23,Male,Kolkata,West Bengal,Salaried,61446.16,753,Current,95988.53,2023-10-15
C105689,Kavya Verma,34,Male,Delhi,Delhi,Salaried,84958.58,676,Salary,123937.63,2018-01-22
C105690,Ananya Mohanty,37,Male,Pune,Maharashtra,Salaried,106892.75,586,Current,68530.74,2025-09-23
C105691,Sneha Mohanty,19,Male,Chandigarh,Chandigarh,Retired,39988.69,639,Savings,42209.08,2018-08-03
C105692,Rohan Behera,39,Male,Jaipur,Rajasthan,Self-Employed,119881.57,713,Savings,16838.0,2020-06-08
C105693,Aditi Reddy,26,Female,Kochi,Kerala,Self-Employed,124642.26,830,Salary,174868.89,2018-07-10
C105694,Arjun Mehta,53,Male,Jaipur,Rajasthan,Retired,47934.77,675,Salary,17491.18,2021-10-13
C105695,Ankit Panda,41,Male,Jaipur,Rajasthan,Salaried,54801.24,694,Salary,101620.04,2024-11-26
C105696,Aarav Nayak,32,Male,Delhi,Delhi,Salaried,41906.49,737,Savings,34553.4,2021-01-05
C105697,Sahil Roul,29,Male,Indore,Madhya Pradesh,Self-Employed,46494.8,666,Current,40008.74,2017-03-30
C105698,Aditya Bose,35,Female,Guwahati,Assam,Self-Employed,28372.53,674,Salary,66133.18,2024-03-29
C105699,Karan Nayak,42,Male,Mumbai,Maharashtra,Salaried,84350.26,710,Current,143693.9,2024-02-03
C105700,Amit Sahu,36,Male,Guwahati,Assam,Salaried,17808.42,677,Salary,16101.75,2022-03-30
C105701,Aditi Verma,34,Female,Bhubaneswar,Odisha,Salaried,37484.63,589,Salary,60580.81,2017-02-09
C105702,Amit Reddy,37,Female,Indore,Madhya Pradesh,Salaried,53621.18,663,Savings,24826.76,2025-09-27
C105703,Vivaan Das,30,Female,Ahmedabad,Gujarat,Salaried,112417.74,745,Savings,176342.2,2025-05-11
C105704,Nisha Rao,33,Female,Guwahati,Assam,Salaried,40749.71,747,Current,31244.53,2021-09-13
C105705,Kavya Kumar,18,Female,Chennai,Tamil Nadu,Salaried,69592.14,792,Savings,72425.53,2021-10-14
C105706,Arjun Mehta,46,Male,Lucknow,Uttar Pradesh,Salaried,52603.99,787,Premium Savings,60223.03,2016-05-08
C105707,Aarav Sahu,39,Other,Kochi,Kerala,Salaried,92494.44,646,Savings,29467.79,2018-04-25
C105708,Rahul Panda,28,Female,Hyderabad,Telangana,Retired,67620.1,657,Savings,151761.67,2023-03-24
C105709,Arjun Mohanty,55,Female,Chennai,Tamil Nadu,Student,86829.67,659,Premium Savings,102751.87,2015-09-06
C105710,Aditi Singh,37,Female,Ahmedabad,Gujarat,Self-Employed,40629.08,695,Savings,24230.37,2023-04-01
C105711,Sneha Mehta,26,Female,Chandigarh,Chandigarh,Retired,31488.41,664,Savings,59019.54,2024-12-03
C105712,Aditya Mohanty,45,Male,Ahmedabad,Gujarat,Retired,67306.29,694,Savings,103165.5,2017-03-09
C105713,Karan Das,40,Male,Delhi,Delhi,Salaried,42059.39,648,Salary,85720.13,2020-11-14
C105714,Isha Kumar,40,Female,Ahmedabad,Gujarat,Salaried,55924.99,756,Savings,72491.42,2023-12-17
C105715,Neha Singh,32,Female,Bengaluru,Karnataka,Retired,65485.87,643,Savings,78352.02,2020-08-26
C105716,Aditi Reddy,41,Male,Indore,Madhya Pradesh,Self-Employed,108894.81,640,Premium Savings,202602.2,2018-03-02
C105717,Vivaan Bose,33,Female,Bengaluru,Karnataka,Salaried,84770.45,739,Savings,35286.0,2017-10-13
C105718,Kavya Mishra,42,Female,Bhubaneswar,Odisha,Business,37817.72,752,Salary,78812.59,2023-11-13
C105719,Aditi Singh,18,Male,Kochi,Kerala,Salaried,29299.51,690,Savings,17106.15,2019-03-21
C105720,Rohan Kumar,32,Female,Bengaluru,Karnataka,Salaried,140666.63,761,Savings,151135.2,2019-09-29
C105721,Nisha Dasgupta,53,Female,Bhubaneswar,Odisha,Salaried,23031.67,757,Salary,38861.25,2022-11-09
C105722,Amit Jain,28,Male,Bhubaneswar,Odisha,Salaried,42882.19,828,Savings,62794.54,2024-03-06
C105723,Nisha Reddy,30,Female,Kochi,Kerala,Salaried,78430.89,753,Savings,115653.55,2024-07-24
C105724,Priya Mohanty,32,Male,Guwahati,Assam,Student,135456.68,816,Salary,68432.52,2015-02-14
C105725,Karan Mohanty,24,Male,Kolkata,West Bengal,Salaried,49551.84,709,Savings,57520.09,2018-05-06
C105726,Neha Rao,18,Male,Hyderabad,Telangana,Salaried,55833.38,796,Current,40927.86,2017-12-05
C105727,Arjun Sharma,34,Female,Ahmedabad,Gujarat,Salaried,33990.06,797,Savings,63544.78,2017-04-16
C105728,Ananya Singh,37,Male,Bengaluru,Karnataka,Self-Employed,58966.65,696,Salary,70584.92,2016-08-13
C105729,Nisha Bose,35,Male,Lucknow,Uttar Pradesh,Retired,29216.93,660,Savings,500.0,2018-04-27
C105730,Pooja Rao,35,Female,Indore,Madhya Pradesh,Salaried,36403.92,672,Salary,23349.85,2015-04-14
C105731,Aarav Mohanty,36,Male,Mumbai,Maharashtra,Salaried,83719.59,732,Current,137978.6,2015-04-29
C105732,Ankit Verma,46,Female,Chennai,Tamil Nadu,Salaried,43330.9,630,Salary,500.0,2022-04-23
C105733,Aditi Behera,34,Female,Jaipur,Rajasthan,Self-Employed,91087.46,676,Savings,67937.67,2022-03-22
C105734,Aditya Verma,30,Other,Mumbai,Maharashtra,Salaried,50547.03,783,Savings,72463.38,2023-07-20
C105735,Karan Patel,33,Female,Bhubaneswar,Odisha,Salaried,25905.91,748,Salary,500.0,2019-09-23
C105736,Sahil Gupta,42,Male,Chennai,Tamil Nadu,Salaried,104578.09,552,Salary,111368.21,2015-11-19
C105737,Priya Patel,50,Male,Lucknow,Uttar Pradesh,Salaried,26679.72,618,Savings,50963.08,2019-02-18
C105738,Aarav Das,30,Female,Guwahati,Assam,Student,39501.95,845,Salary,28644.7,2020-03-19
C105739,Aarav Singh,37,Female,Kochi,Kerala,Salaried,49279.03,782,Savings,50511.82,2023-09-13
C105740,Sneha Bose,39,Male,Bengaluru,Karnataka,Salaried,95635.01,667,Savings,131395.17,2025-03-15
C105741,Amit Dasgupta,26,Female,Kolkata,West Bengal,Business,41172.33,608,Premium Savings,35076.38,2016-08-27
C105742,Kavya Dasgupta,36,Male,Kochi,Kerala,Business,33037.35,624,Premium Savings,61365.43,2020-01-04
C105743,Aditi Patel,21,Female,Chandigarh,Chandigarh,Salaried,60147.71,738,Savings,51970.17,2022-01-07
C105744,Karan Nayak,18,Female,Kolkata,West Bengal,Retired,48893.87,834,Savings,92998.16,2019-04-14
C105745,Ananya Patel,40,Other,Kochi,Kerala,Business,42532.49,829,Savings,26171.57,2021-03-24
C105746,Rohan Behera,32,Female,Pune,Maharashtra,Salaried,61954.49,603,Savings,112364.92,2016-10-04
C105747,Priya Bose,38,Female,Kolkata,West Bengal,Salaried,28370.65,686,Savings,68405.64,2021-08-29
C105748,Sneha Mohanty,36,Male,Jaipur,Rajasthan,Salaried,21334.4,649,Savings,4179.13,2019-12-25
C105749,Sneha Patel,26,Female,Guwahati,Assam,Salaried,178329.82,714,Savings,101304.85,2023-07-04
C105750,Amit Patel,36,Female,Mumbai,Maharashtra,Salaried,58243.68,618,Savings,35267.95,2018-07-10
C105751,Sahil Sharma,24,Female,Chandigarh,Chandigarh,Self-Employed,60529.61,670,Salary,63682.0,2016-03-17
C105752,Aditi Roul,50,Female,Chennai,Tamil Nadu,Business,35774.63,649,Savings,57166.94,2025-07-04
C105753,Sahil Sahu,22,Male,Bengaluru,Karnataka,Salaried,90113.28,739,Savings,90853.26,2018-01-25
C105754,Pooja Verma,34,Female,Kolkata,West Bengal,Salaried,41014.12,672,Current,62128.08,2020-02-11
C105755,Ankit Reddy,26,Female,Chennai,Tamil Nadu,Salaried,12000.0,681,Premium Savings,24369.05,2018-02-04
C105756,Riya Singh,42,Male,Indore,Madhya Pradesh,Self-Employed,40264.29,738,Savings,27153.53,2017-03-21
C105757,Amit Sahu,33,Male,Ahmedabad,Gujarat,Business,47113.33,812,Current,88756.05,2022-12-02
C105758,Riya Bose,31,Female,Kochi,Kerala,Salaried,50088.29,843,Salary,68749.57,2021-10-20
C105759,Arjun Patel,45,Male,Kochi,Kerala,Self-Employed,49297.67,735,Savings,47424.63,2020-01-31
C105760,Aditya Mishra,36,Male,Mumbai,Maharashtra,Salaried,38575.99,699,Current,29688.52,2018-03-12
C105761,Riya Singh,41,Male,Chandigarh,Chandigarh,Business,36579.82,791,Savings,48214.64,2016-10-29
C105762,Pooja Das,26,Female,Kochi,Kerala,Salaried,46686.03,781,Premium Savings,64979.74,2021-07-30
C105763,Aditya Patel,22,Female,Bengaluru,Karnataka,Salaried,22249.54,762,Savings,37657.22,2016-06-10
C105764,Priya Kumar,37,Male,Indore,Madhya Pradesh,Salaried,18739.91,602,Salary,21165.85,2018-08-15
C105765,Amit Mishra,33,Female,Lucknow,Uttar Pradesh,Student,58047.62,784,Savings,108043.78,2025-09-21
C105766,Sahil Jain,42,Female,Chandigarh,Chandigarh,Self-Employed,58582.58,728,Current,43967.65,2015-03-11
C105767,Vivaan Kumar,35,Male,Mumbai,Maharashtra,Retired,89210.92,647,Savings,50043.29,2016-05-22
C105768,Riya Nayak,38,Male,Pune,Maharashtra,Salaried,47787.89,661,Salary,48891.82,2015-08-03
C105769,Rohan Singh,20,Female,Jaipur,Rajasthan,Salaried,28526.64,743,Current,43003.26,2024-09-24
C105770,Aarav Kumar,55,Male,Pune,Maharashtra,Salaried,18925.83,542,Savings,27750.81,2018-08-30
C105771,Amit Dasgupta,34,Female,Delhi,Delhi,Self-Employed,33707.67,697,Savings,52122.75,2021-03-13
C105772,Riya Das,43,Male,Ahmedabad,Gujarat,Business,69388.35,662,Current,35284.17,2020-05-08
C105773,Ananya Mishra,28,Male,Mumbai,Maharashtra,Student,121526.22,656,Savings,30077.61,2019-02-19
C105774,Rohan Patel,39,Female,Lucknow,Uttar Pradesh,Business,56660.66,675,Salary,102729.3,2016-08-03
C105775,Riya Roul,23,Male,Hyderabad,Telangana,Self-Employed,28215.14,609,Savings,45051.34,2018-07-15
C105776,Aditya Jain,41,Female,Indore,Madhya Pradesh,Retired,33898.71,773,Current,81478.51,2024-04-30
C105777,Isha Kumar,32,Male,Hyderabad,Telangana,Salaried,34485.71,567,Savings,34232.46,2023-01-30
C105778,Neha Mishra,36,Male,Mumbai,Maharashtra,Business,43993.39,716,Savings,53504.19,2019-03-17
C105779,Neha Sharma,43,Male,Bhubaneswar,Odisha,Student,101883.06,650,Savings,62872.36,2021-03-03
C105780,Amit Dasgupta,24,Male,Indore,Madhya Pradesh,Self-Employed,106349.77,834,Current,150544.85,2015-04-15
C105781,Nisha Reddy,29,Male,Ahmedabad,Gujarat,Business,50028.48,706,Savings,71298.3,2022-01-19
C105782,Kavya Mishra,41,Male,Indore,Madhya Pradesh,Salaried,60826.27,567,Savings,57546.07,2019-11-14
C105783,Sneha Behera,57,Female,Hyderabad,Telangana,Salaried,35469.61,741,Savings,48580.33,2022-04-01
C105784,Aarav Mohanty,35,Female,Kochi,Kerala,Self-Employed,21474.87,634,Salary,34736.84,2018-08-19
C105785,Isha Panda,42,Male,Hyderabad,Telangana,Salaried,147071.56,769,Current,162133.46,2019-06-09
C105786,Ankit Rao,35,Female,Pune,Maharashtra,Salaried,15332.36,745,Savings,17299.06,2016-12-30
C105787,Neha Rao,55,Male,Chennai,Tamil Nadu,Student,20037.81,801,Premium Savings,9345.98,2018-08-30
C105788,Rohan Patel,19,Male,Lucknow,Uttar Pradesh,Salaried,147725.59,717,Salary,223297.98,2021-11-16
C105789,Vivaan Sharma,37,Female,Chennai,Tamil Nadu,Salaried,55504.92,758,Premium Savings,50387.43,2024-05-17
C105790,Ananya Singh,20,Male,Bengaluru,Karnataka,Self-Employed,29609.05,708,Current,19944.68,2023-07-13
C105791,Aditya Gupta,18,Male,Pune,Maharashtra,Salaried,80063.51,667,Savings,38009.38,2015-05-22
C105792,Arjun Patel,39,Male,Bhubaneswar,Odisha,Salaried,84142.56,774,Current,134317.11,2022-03-21
C105793,Kavya Sharma,37,Female,Bhubaneswar,Odisha,Salaried,26426.2,625,Savings,22603.86,2018-03-04
C105794,Pooja Kumar,33,Female,Mumbai,Maharashtra,Salaried,41028.55,703,Savings,108030.71,2018-08-20
C105795,Neha Mishra,35,Male,Lucknow,Uttar Pradesh,Salaried,89056.27,668,Savings,102376.63,2021-05-05
C105796,Sahil Dasgupta,67,Male,Lucknow,Uttar Pradesh,Student,35094.17,760,Savings,64150.78,2023-06-26
C105797,Ananya Sharma,33,Female,Bhubaneswar,Odisha,Salaried,64233.39,643,Savings,88382.03,2021-05-17
C105798,Riya Behera,41,Female,Chennai,Tamil Nadu,Salaried,120419.31,678,Savings,92753.66,2015-06-11
C105799,Priya Kumar,30,Male,Jaipur,Rajasthan,Retired,14753.3,708,Salary,39223.96,2024-11-26
C105800,Rohan Roul,39,Male,Kochi,Kerala,Business,45588.1,802,Savings,92508.55,2020-09-26
C105801,Pooja Sharma,34,Male,Indore,Madhya Pradesh,Salaried,63512.26,670,Savings,72650.01,2015-08-17
C105802,Isha Verma,32,Female,Guwahati,Assam,Self-Employed,20526.28,679,Salary,56055.36,2023-02-08
C105803,Aditya Kumar,54,Female,Indore,Madhya Pradesh,Business,41101.59,617,Savings,79432.0,2023-01-16
C105804,Nisha Reddy,48,Male,Bengaluru,Karnataka,Business,97690.8,641,Premium Savings,137503.35,2023-01-02
C105805,Aditi Gupta,37,Male,Chandigarh,Chandigarh,Business,37336.07,732,Savings,43803.35,2016-06-24
C105806,Ankit Verma,18,Female,Kolkata,West Bengal,Salaried,24311.6,707,Salary,20794.45,2020-07-27
C105807,Sahil Verma,32,Female,Mumbai,Maharashtra,Salaried,102441.38,708,Savings,96463.48,2015-09-19
C105808,Neha Behera,63,Female,Chandigarh,Chandigarh,Salaried,70232.36,818,Savings,68241.0,2025-05-24
C105809,Kavya Singh,34,Male,Chennai,Tamil Nadu,Self-Employed,52956.04,596,Salary,114878.09,2015-10-06
C105810,Aditi Jain,47,Female,Indore,Madhya Pradesh,Self-Employed,52102.75,850,Premium Savings,33549.24,2016-07-27
C105811,Ananya Mehta,50,Female,Mumbai,Maharashtra,Salaried,96823.38,782,Salary,128746.44,2016-09-12
C105812,Sneha Kumar,38,Male,Chennai,Tamil Nadu,Salaried,64671.7,684,Salary,47837.63,2016-02-23
C105813,Aditi Das,28,Other,Lucknow,Uttar Pradesh,Retired,78446.74,730,Savings,92239.46,2020-11-11
C105814,Pooja Sahu,18,Female,Bhubaneswar,Odisha,Salaried,37578.11,661,Salary,15617.46,2016-10-31
C105815,Kavya Reddy,43,Female,Chandigarh,Chandigarh,Salaried,19159.29,726,Savings,37227.05,2025-07-17
C105816,Amit Mohanty,28,Female,Bhubaneswar,Odisha,Business,77430.88,845,Savings,106512.49,2023-01-02
C105817,Pooja Kumar,38,Male,Jaipur,Rajasthan,Salaried,100770.29,663,Current,104865.99,2017-08-20
C105818,Isha Bose,24,Male,Chennai,Tamil Nadu,Salaried,48609.75,690,Savings,68759.64,2016-01-12
C105819,Neha Singh,33,Male,Indore,Madhya Pradesh,Salaried,89621.86,656,Salary,157915.05,2023-06-19
C105820,Neha Mishra,36,Female,Ahmedabad,Gujarat,Self-Employed,45739.68,666,Savings,24890.2,2019-01-15
C105821,Nisha Verma,39,Male,Mumbai,Maharashtra,Salaried,52323.66,679,Current,87016.69,2025-11-26
C105822,Sneha Kumar,25,Female,Pune,Maharashtra,Student,144195.36,634,Savings,138123.35,2019-01-02
C105823,Rahul Jain,48,Male,Kolkata,West Bengal,Salaried,46852.16,688,Current,88300.5,2018-10-17
C105824,Sneha Mohanty,30,Male,Jaipur,Rajasthan,Business,45354.98,709,Savings,60690.14,2015-11-29
C105825,Riya Mishra,19,Female,Chennai,Tamil Nadu,Salaried,19665.08,679,Savings,16141.45,2019-08-18
C105826,Aarav Verma,35,Female,Bengaluru,Karnataka,Salaried,80388.68,556,Savings,129095.41,2018-11-08
C105827,Ananya Rao,36,Female,Chandigarh,Chandigarh,Business,37222.76,695,Savings,40428.68,2023-06-03
C105828,Karan Mohanty,38,Other,Hyderabad,Telangana,Salaried,59638.83,702,Savings,28059.74,2015-10-12
C105829,Arjun Roul,50,Male,Indore,Madhya Pradesh,Self-Employed,46250.01,828,Savings,89081.34,2020-07-10
C105830,Riya Bose,34,Male,Jaipur,Rajasthan,Salaried,43040.74,707,Savings,94273.38,2019-06-29
C105831,Kavya Nayak,35,Male,Kolkata,West Bengal,Salaried,51551.53,766,Savings,36415.97,2021-02-10
C105832,Vivaan Das,25,Female,Pune,Maharashtra,Self-Employed,53778.0,677,Premium Savings,46833.26,2015-09-12
C105833,Rahul Roul,44,Male,Jaipur,Rajasthan,Business,105022.72,789,Savings,134434.53,2020-11-19
C105834,Ankit Jain,38,Female,Chennai,Tamil Nadu,Salaried,126906.39,644,Salary,57169.04,2019-09-02
C105835,Aditya Nayak,32,Male,Ahmedabad,Gujarat,Student,78667.22,738,Current,62163.74,2022-03-13
C105836,Ankit Jain,18,Female,Lucknow,Uttar Pradesh,Salaried,110685.07,760,Current,178740.29,2023-11-09
C105837,Sneha Das,50,Female,Guwahati,Assam,Salaried,87980.42,750,Savings,132225.89,2019-06-10
C105838,Kavya Sahu,24,Female,Kolkata,West Bengal,Salaried,72195.01,846,Savings,100919.78,2022-10-16
C105839,Karan Roul,30,Female,Chennai,Tamil Nadu,Salaried,122444.98,667,Salary,65805.4,2016-09-26
C105840,Aarav Nayak,40,Male,Mumbai,Maharashtra,Salaried,26780.45,797,Savings,25064.94,2021-02-23
C105841,Arjun Reddy,24,Male,Kochi,Kerala,Business,37745.98,780,Savings,46931.21,2024-03-24
C105842,Pooja Sahu,21,Female,Delhi,Delhi,Self-Employed,35017.13,708,Current,57151.22,2016-01-02
C105843,Arjun Nayak,18,Male,Hyderabad,Telangana,Salaried,46598.57,825,Savings,8620.94,2024-02-18
C105844,Rohan Kumar,43,Female,Bhubaneswar,Odisha,Retired,80204.4,695,Salary,24248.51,2017-04-28
C105845,Ananya Das,31,Female,Indore,Madhya Pradesh,Salaried,29785.64,706,Salary,52807.61,2020-01-12
C105846,Ankit Bose,65,Female,Kochi,Kerala,Salaried,72520.75,705,Savings,125406.39,2016-10-13
C105847,Amit Kumar,26,Male,Bengaluru,Karnataka,Salaried,39823.2,622,Salary,64262.07,2016-04-17
C105848,Aditi Jain,27,Female,Pune,Maharashtra,Salaried,45442.51,754,Savings,59534.59,2023-07-22
C105849,Riya Sahu,30,Male,Kolkata,West Bengal,Self-Employed,61409.33,744,Current,35697.82,2025-03-22
C105850,Karan Sahu,38,Male,Delhi,Delhi,Salaried,138659.27,698,Salary,54030.81,2024-09-28
C105851,Sahil Rao,31,Male,Chandigarh,Chandigarh,Self-Employed,37171.5,820,Savings,66854.07,2017-12-04
C105852,Aarav Gupta,42,Male,Lucknow,Uttar Pradesh,Business,52629.76,677,Salary,41869.84,2017-07-20
C105853,Sneha Mehta,26,Male,Chennai,Tamil Nadu,Business,30395.95,593,Current,4958.16,2017-09-07
C105854,Sneha Dasgupta,22,Male,Indore,Madhya Pradesh,Business,36975.74,829,Savings,45186.55,2015-08-20
C105855,Nisha Jain,18,Female,Guwahati,Assam,Salaried,30243.93,771,Salary,47921.44,2022-03-25
C105856,Nisha Bose,18,Male,Lucknow,Uttar Pradesh,Salaried,62926.35,746,Savings,63134.17,2022-08-31
C105857,Kavya Sharma,31,Female,Jaipur,Rajasthan,Self-Employed,69494.87,683,Current,89905.51,2021-04-03
C105858,Karan Jain,33,Male,Delhi,Delhi,Salaried,80255.1,727,Savings,84086.75,2015-04-10
C105859,Riya Dasgupta,30,Male,Hyderabad,Telangana,Salaried,36336.61,623,Savings,17893.39,2015-08-03
C105860,Amit Sharma,48,Female,Bengaluru,Karnataka,Self-Employed,72726.21,690,Current,110853.83,2022-03-18
C105861,Aarav Gupta,48,Female,Chennai,Tamil Nadu,Salaried,58529.93,646,Savings,75465.85,2024-06-14
C105862,Riya Mishra,33,Male,Mumbai,Maharashtra,Business,53280.44,722,Savings,58899.82,2022-10-27
C105863,Kavya Behera,18,Male,Hyderabad,Telangana,Salaried,27786.51,765,Premium Savings,30661.96,2017-07-12
C105864,Amit Jain,30,Male,Delhi,Delhi,Retired,59836.9,637,Savings,28354.39,2020-05-14
C105865,Amit Reddy,30,Male,Ahmedabad,Gujarat,Business,60889.41,752,Current,56345.79,2015-06-23
C105866,Ananya Panda,29,Female,Bengaluru,Karnataka,Salaried,58165.0,718,Current,38411.79,2015-06-22
C105867,Rohan Singh,29,Female,Chennai,Tamil Nadu,Self-Employed,68536.13,749,Savings,109419.19,2017-06-16
C105868,Aditi Kumar,29,Male,Pune,Maharashtra,Self-Employed,80588.89,689,Current,32131.45,2023-07-04
C105869,Rohan Rao,32,Female,Pune,Maharashtra,Business,30066.76,751,Savings,40954.63,2017-08-10
C105870,Vivaan Jain,30,Male,Ahmedabad,Gujarat,Self-Employed,48820.5,660,Savings,89455.8,2025-08-27
C105871,Priya Behera,38,Female,Delhi,Delhi,Self-Employed,73039.86,596,Savings,34948.93,2016-09-17
C105872,Amit Gupta,40,Female,Chennai,Tamil Nadu,Salaried,47451.87,610,Savings,28392.23,2025-09-14
C105873,Aditya Patel,27,Female,Chandigarh,Chandigarh,Salaried,93225.02,672,Salary,125805.45,2024-10-05
C105874,Sahil Patel,49,Male,Kolkata,West Bengal,Retired,57796.68,600,Savings,19785.82,2016-07-17
C105875,Sneha Singh,26,Female,Bhubaneswar,Odisha,Salaried,18767.48,806,Savings,12935.12,2020-08-12
C105876,Nisha Kumar,20,Male,Delhi,Delhi,Salaried,87271.08,700,Savings,178874.07,2018-08-01
C105877,Aditya Dasgupta,40,Female,Kolkata,West Bengal,Salaried,51569.29,765,Salary,94057.7,2018-08-15
C105878,Pooja Das,28,Male,Chennai,Tamil Nadu,Student,20780.03,756,Salary,33979.45,2019-05-07
C105879,Rahul Bose,39,Male,Bengaluru,Karnataka,Self-Employed,47874.06,705,Salary,39352.58,2023-06-24
C105880,Rohan Gupta,18,Female,Kochi,Kerala,Business,27377.81,850,Salary,37513.26,2022-02-11
C105881,Kavya Kumar,50,Male,Indore,Madhya Pradesh,Business,83225.63,850,Premium Savings,52903.16,2022-07-08
C105882,Isha Roul,43,Female,Chennai,Tamil Nadu,Business,53926.43,795,Savings,25640.8,2019-06-10
C105883,Aarav Reddy,21,Female,Lucknow,Uttar Pradesh,Self-Employed,33091.39,646,Savings,29999.85,2015-03-20
C105884,Riya Kumar,21,Male,Bhubaneswar,Odisha,Salaried,85909.95,798,Salary,46715.15,2020-09-20
C105885,Pooja Panda,53,Male,Chennai,Tamil Nadu,Salaried,70776.17,591,Savings,124894.62,2023-08-02
C105886,Sneha Patel,29,Male,Indore,Madhya Pradesh,Self-Employed,48311.16,796,Savings,67040.33,2018-04-01
C105887,Kavya Mehta,28,Other,Indore,Madhya Pradesh,Salaried,27722.78,539,Savings,28077.68,2020-07-09
C105888,Pooja Bose,18,Male,Ahmedabad,Gujarat,Self-Employed,34604.11,684,Salary,56953.5,2015-04-07
C105889,Aditi Bose,32,Female,Delhi,Delhi,Self-Employed,34320.11,784,Savings,37359.25,2022-07-05
C105890,Sahil Panda,34,Female,Ahmedabad,Gujarat,Self-Employed,82922.52,730,Salary,137617.73,2023-01-06
C105891,Kavya Nayak,43,Female,Chandigarh,Chandigarh,Salaried,21820.28,609,Salary,23325.26,2022-10-26
C105892,Nisha Behera,22,Female,Kolkata,West Bengal,Salaried,53589.55,716,Savings,87523.05,2019-08-27
C105893,Pooja Behera,21,Female,Lucknow,Uttar Pradesh,Business,47926.89,730,Savings,117741.6,2021-03-02
C105894,Aditi Patel,41,Male,Lucknow,Uttar Pradesh,Salaried,97210.59,718,Savings,114380.31,2015-10-06
C105895,Priya Das,46,Male,Chandigarh,Chandigarh,Self-Employed,62510.73,679,Savings,38225.8,2015-06-14
C105896,Rahul Kumar,20,Male,Delhi,Delhi,Self-Employed,73825.1,761,Current,82766.41,2017-03-30
C105897,Kavya Kumar,47,Female,Ahmedabad,Gujarat,Retired,41197.81,779,Savings,72620.36,2021-08-12
C105898,Arjun Gupta,36,Female,Chennai,Tamil Nadu,Business,27946.28,695,Salary,49101.99,2015-05-28
C105899,Riya Sahu,47,Female,Kolkata,West Bengal,Salaried,45985.28,804,Savings,115279.09,2017-05-05
C105900,Priya Sahu,35,Female,Guwahati,Assam,Self-Employed,84332.94,695,Salary,157544.4,2017-07-29
C105901,Ananya Bose,18,Male,Kolkata,West Bengal,Salaried,84227.63,673,Current,21756.07,2021-07-14
C105902,Arjun Dasgupta,34,Male,Mumbai,Maharashtra,Salaried,43402.2,793,Salary,46309.57,2020-07-06
C105903,Aditi Dasgupta,47,Male,Bengaluru,Karnataka,Business,34258.14,791,Savings,21035.25,2015-01-30
C105904,Arjun Sharma,27,Male,Jaipur,Rajasthan,Self-Employed,30758.29,665,Savings,20678.42,2018-12-02
C105905,Neha Reddy,32,Female,Ahmedabad,Gujarat,Self-Employed,51018.51,655,Savings,13132.08,2022-11-14
C105906,Kavya Roul,34,Male,Hyderabad,Telangana,Salaried,59289.74,820,Savings,91354.29,2015-11-27
C105907,Priya Sahu,18,Female,Indore,Madhya Pradesh,Business,123666.51,698,Savings,93703.21,2021-07-10
C105908,Amit Kumar,53,Female,Chennai,Tamil Nadu,Salaried,58860.2,705,Savings,83993.86,2024-11-20
C105909,Neha Roul,27,Male,Bengaluru,Karnataka,Business,77084.67,689,Savings,87531.15,2019-02-16
C105910,Arjun Das,41,Male,Ahmedabad,Gujarat,Self-Employed,35804.58,791,Salary,54317.92,2020-09-16
C105911,Aditi Mohanty,35,Male,Kolkata,West Bengal,Salaried,56276.03,844,Premium Savings,81369.33,2025-01-28
C105912,Ananya Verma,49,Male,Lucknow,Uttar Pradesh,Salaried,59404.88,710,Current,58173.39,2024-04-18
C105913,Pooja Das,40,Female,Mumbai,Maharashtra,Salaried,50909.09,850,Savings,69670.92,2016-11-03
C105914,Neha Kumar,34,Male,Bhubaneswar,Odisha,Student,54343.93,669,Salary,93030.86,2019-06-15
C105915,Neha Behera,27,Female,Delhi,Delhi,Business,58953.76,687,Savings,47014.35,2017-05-21
C105916,Ankit Behera,44,Female,Chennai,Tamil Nadu,Self-Employed,71657.9,749,Salary,79503.72,2016-09-15
C105917,Neha Roul,18,Male,Jaipur,Rajasthan,Salaried,104621.4,652,Savings,89630.55,2021-01-05
C105918,Kavya Dasgupta,42,Female,Indore,Madhya Pradesh,Self-Employed,15820.11,748,Savings,28761.45,2015-01-31
C105919,Isha Reddy,25,Female,Chandigarh,Chandigarh,Salaried,101482.75,671,Savings,75544.04,2025-04-06
C105920,Aditya Panda,49,Female,Pune,Maharashtra,Self-Employed,21464.25,605,Savings,41535.22,2022-01-14
C105921,Karan Bose,38,Male,Delhi,Delhi,Salaried,65180.0,592,Salary,42393.61,2023-05-07
C105922,Nisha Panda,42,Male,Guwahati,Assam,Business,200924.48,684,Savings,356294.82,2021-12-25
C105923,Nisha Patel,37,Male,Pune,Maharashtra,Business,53728.09,732,Savings,52002.69,2018-02-26
C105924,Sneha Bose,18,Male,Pune,Maharashtra,Salaried,60724.29,617,Savings,64753.5,2017-12-24
C105925,Rohan Patel,27,Female,Chennai,Tamil Nadu,Business,46371.75,717,Current,51289.77,2021-03-28
C105926,Arjun Roul,43,Female,Pune,Maharashtra,Self-Employed,79386.43,717,Savings,149354.37,2019-03-14
C105927,Aarav Rao,38,Female,Indore,Madhya Pradesh,Salaried,67124.42,694,Premium Savings,124536.39,2020-09-23
C105928,Aditya Sahu,48,Male,Chandigarh,Chandigarh,Salaried,37921.08,645,Salary,5828.24,2019-05-10
C105929,Kavya Verma,40,Male,Mumbai,Maharashtra,Business,51647.36,721,Salary,89613.79,2016-10-16
C105930,Karan Das,26,Female,Lucknow,Uttar Pradesh,Student,29731.08,696,Savings,61977.57,2024-05-12
C105931,Arjun Jain,28,Male,Kolkata,West Bengal,Business,51517.18,769,Savings,63764.14,2017-04-05
C105932,Amit Roul,37,Male,Indore,Madhya Pradesh,Self-Employed,43670.75,621,Savings,76274.85,2023-06-17
C105933,Neha Kumar,18,Female,Guwahati,Assam,Salaried,59289.41,712,Savings,95209.18,2021-10-24
C105934,Amit Reddy,53,Male,Chennai,Tamil Nadu,Salaried,37221.28,622,Salary,66407.61,2017-11-15
C105935,Kavya Behera,40,Female,Guwahati,Assam,Salaried,48881.34,690,Salary,85433.6,2018-10-02
C105936,Isha Mehta,48,Male,Indore,Madhya Pradesh,Student,55266.02,634,Savings,57810.78,2017-03-12
C105937,Sahil Panda,20,Female,Kolkata,West Bengal,Retired,57424.03,645,Salary,114335.21,2018-09-01
C105938,Vivaan Patel,48,Female,Chandigarh,Chandigarh,Salaried,63955.61,705,Savings,95282.83,2025-01-25
C105939,Ankit Behera,58,Male,Delhi,Delhi,Business,49975.9,668,Savings,86251.61,2017-12-02
C105940,Vivaan Mishra,23,Female,Ahmedabad,Gujarat,Self-Employed,35682.19,800,Savings,68127.62,2019-05-28
C105941,Kavya Das,44,Female,Mumbai,Maharashtra,Salaried,57539.6,782,Savings,88757.92,2016-05-03
C105942,Aditi Verma,36,Female,Hyderabad,Telangana,Self-Employed,49847.15,757,Salary,65037.15,2022-04-18
C105943,Ankit Verma,21,Male,Bhubaneswar,Odisha,Business,96629.91,756,Savings,33554.99,2018-03-14
C105944,Isha Mehta,41,Female,Chandigarh,Chandigarh,Salaried,103569.31,713,Salary,134932.3,2020-01-24
C105945,Isha Mishra,44,Male,Indore,Madhya Pradesh,Student,25859.78,790,Savings,70083.6,2015-04-29
C105946,Priya Sahu,30,Female,Bengaluru,Karnataka,Salaried,77228.47,686,Premium Savings,92470.92,2019-12-30
C105947,Amit Behera,48,Female,Indore,Madhya Pradesh,Salaried,86236.41,843,Salary,181709.62,2021-10-07
C105948,Nisha Dasgupta,19,Male,Kochi,Kerala,Salaried,26235.83,644,Salary,79565.33,2025-11-07
C105949,Arjun Singh,21,Female,Mumbai,Maharashtra,Business,75644.39,632,Current,97473.22,2022-04-22
C105950,Kavya Gupta,37,Male,Kolkata,West Bengal,Salaried,90026.89,614,Savings,98307.45,2022-07-14
C105951,Karan Behera,36,Male,Chandigarh,Chandigarh,Business,32623.33,626,Savings,14050.66,2020-09-27
C105952,Rahul Singh,29,Female,Kolkata,West Bengal,Self-Employed,48295.83,599,Savings,94637.36,2023-08-20
C105953,Priya Mehta,44,Female,Ahmedabad,Gujarat,Self-Employed,60935.09,719,Savings,40795.99,2019-07-20
C105954,Arjun Mohanty,41,Male,Lucknow,Uttar Pradesh,Business,75270.26,760,Current,124834.71,2017-04-18
C105955,Sahil Reddy,45,Male,Kochi,Kerala,Salaried,31934.65,707,Savings,42034.47,2017-01-27
C105956,Aditi Das,35,Female,Delhi,Delhi,Business,103926.81,615,Current,111418.99,2016-04-06
C105957,Priya Dasgupta,42,Female,Delhi,Delhi,Salaried,18014.77,674,Salary,31654.53,2015-06-20
C105958,Aditya Gupta,32,Male,Pune,Maharashtra,Self-Employed,113908.24,760,Savings,204870.59,2019-05-07
C105959,Kavya Sahu,57,Male,Ahmedabad,Gujarat,Business,74439.02,683,Salary,84949.43,2024-01-09
C105960,Rohan Kumar,28,Female,Bengaluru,Karnataka,Student,39070.15,653,Savings,34787.12,2016-03-13
C105961,Rohan Roul,57,Female,Guwahati,Assam,Salaried,88478.22,607,Savings,142111.78,2023-05-01
C105962,Sneha Patel,36,Female,Guwahati,Assam,Self-Employed,30908.89,678,Savings,42449.49,2025-06-18
C105963,Arjun Dasgupta,22,Male,Chennai,Tamil Nadu,Salaried,58589.06,659,Savings,30964.93,2024-10-20
C105964,Sneha Mishra,50,Female,Ahmedabad,Gujarat,Salaried,62709.37,699,Savings,111074.6,2017-04-22
C105965,Nisha Behera,37,Female,Kolkata,West Bengal,Salaried,62627.68,736,Current,52546.52,2017-03-30
C105966,Sahil Verma,45,Male,Bengaluru,Karnataka,Salaried,34656.61,687,Premium Savings,61005.4,2023-07-09
C105967,Sahil Kumar,48,Female,Bengaluru,Karnataka,Business,41866.7,717,Salary,109145.72,2021-05-24
C105968,Karan Dasgupta,39,Female,Hyderabad,Telangana,Business,58970.83,736,Savings,24447.56,2023-04-02
C105969,Sahil Mehta,30,Male,Indore,Madhya Pradesh,Salaried,36878.33,625,Salary,60685.76,2023-05-19
C105970,Amit Kumar,46,Female,Guwahati,Assam,Business,63856.11,828,Premium Savings,118072.78,2018-05-08
C105971,Priya Jain,36,Female,Bhubaneswar,Odisha,Salaried,39234.79,657,Savings,41148.41,2024-05-04
C105972,Karan Patel,43,Female,Jaipur,Rajasthan,Self-Employed,95328.92,739,Salary,26417.23,2022-09-26
C105973,Aditi Mishra,18,Female,Chandigarh,Chandigarh,Student,129905.84,631,Premium Savings,188110.04,2022-07-24
C105974,Aarav Rao,40,Male,Kolkata,West Bengal,Business,46699.24,712,Salary,46855.52,2017-05-27
C105975,Aditi Jain,30,Male,Bhubaneswar,Odisha,Salaried,91238.37,715,Savings,60886.0,2024-12-10
C105976,Isha Mehta,53,Female,Lucknow,Uttar Pradesh,Business,48938.56,813,Current,30408.68,2021-08-26
C105977,Aditi Patel,42,Male,Hyderabad,Telangana,Salaried,32861.31,690,Savings,12509.12,2024-03-03
C105978,Nisha Sahu,38,Male,Mumbai,Maharashtra,Student,43518.6,789,Premium Savings,24640.99,2018-05-27
C105979,Ankit Verma,41,Male,Chennai,Tamil Nadu,Self-Employed,57650.36,724,Savings,71794.61,2019-01-18
C105980,Nisha Dasgupta,26,Male,Indore,Madhya Pradesh,Business,20583.84,825,Salary,57237.66,2020-03-14
C105981,Pooja Singh,52,Female,Mumbai,Maharashtra,Salaried,77590.45,589,Savings,88884.05,2015-08-11
C105982,Sahil Patel,56,Male,Kochi,Kerala,Self-Employed,57664.67,736,Savings,88794.11,2022-04-07
C105983,Riya Behera,40,Male,Ahmedabad,Gujarat,Self-Employed,95357.44,531,Premium Savings,162742.84,2022-01-08
C105984,Aditi Das,52,Female,Ahmedabad,Gujarat,Self-Employed,76846.42,701,Salary,154591.86,2017-07-30
C105985,Arjun Mohanty,30,Female,Chandigarh,Chandigarh,Business,58750.8,771,Savings,75897.77,2021-05-10
C105986,Kavya Roul,28,Female,Jaipur,Rajasthan,Student,45223.82,799,Premium Savings,62122.19,2024-12-25
C105987,Priya Reddy,36,Female,Bhubaneswar,Odisha,Business,127091.48,753,Salary,112810.51,2024-12-01
C105988,Neha Jain,40,Female,Lucknow,Uttar Pradesh,Salaried,181410.63,686,Salary,284230.51,2024-06-17
C105989,Isha Reddy,32,Female,Mumbai,Maharashtra,Business,45640.75,740,Current,44616.89,2017-10-30
C105990,Aditya Roul,41,Female,Bhubaneswar,Odisha,Salaried,97572.39,850,Premium Savings,162674.73,2017-06-07
C105991,Karan Behera,39,Female,Ahmedabad,Gujarat,Self-Employed,37286.11,710,Salary,77924.29,2020-09-24
C105992,Kavya Roul,26,Male,Guwahati,Assam,Student,39809.51,767,Premium Savings,55323.26,2015-04-08
C105993,Neha Mohanty,41,Female,Delhi,Delhi,Salaried,44473.72,677,Savings,53488.15,2018-06-23
C105994,Aarav Rao,45,Male,Bengaluru,Karnataka,Student,80150.7,775,Current,66628.3,2015-02-20
C105995,Rahul Kumar,38,Female,Chennai,Tamil Nadu,Business,30451.37,764,Salary,25069.34,2017-06-05
C105996,Kavya Mishra,48,Male,Chandigarh,Chandigarh,Self-Employed,129000.14,665,Current,202242.7,2024-04-20
C105997,Ankit Sharma,24,Female,Delhi,Delhi,Salaried,92126.53,756,Salary,121818.97,2017-01-11
C105998,Rohan Nayak,41,Female,Delhi,Delhi,Salaried,79135.89,759,Premium Savings,75252.41,2024-08-25
C105999,Rahul Das,24,Other,Chennai,Tamil Nadu,Retired,46793.07,753,Salary,32377.89,2018-09-29
C106000,Rohan Gupta,25,Female,Kolkata,West Bengal,Salaried,86795.2,702,Savings,151279.92,2017-04-25
C106001,Arjun Behera,30,Female,Chandigarh,Chandigarh,Self-Employed,12000.0,785,Savings,24966.64,2020-08-08
C106002,Isha Mishra,27,Male,Pune,Maharashtra,Salaried,70093.42,644,Savings,115751.85,2025-08-14
C106003,Vivaan Sahu,31,Other,Chennai,Tamil Nadu,Salaried,60063.38,706,Current,89210.34,2023-01-27
C106004,Amit Das,34,Male,Bhubaneswar,Odisha,Business,19490.26,712,Savings,7804.36,2019-05-11
C106005,Amit Sahu,44,Female,Indore,Madhya Pradesh,Salaried,68770.32,781,Savings,54286.12,2023-01-27
C106006,Priya Nayak,33,Male,Bhubaneswar,Odisha,Retired,76120.96,642,Savings,115130.24,2018-09-02
C106007,Aarav Kumar,20,Male,Kochi,Kerala,Self-Employed,19841.59,721,Salary,8504.83,2020-02-19
C106008,Riya Kumar,47,Female,Delhi,Delhi,Self-Employed,28634.4,673,Savings,11092.93,2019-05-20
C106009,Ankit Nayak,28,Female,Mumbai,Maharashtra,Salaried,171185.41,712,Savings,110595.67,2021-10-01
C106010,Sahil Das,35,Female,Kochi,Kerala,Retired,49642.07,730,Current,41355.71,2023-06-15
C106011,Ankit Dasgupta,40,Female,Ahmedabad,Gujarat,Salaried,94059.5,622,Savings,137217.71,2016-11-07
C106012,Sahil Singh,38,Male,Chandigarh,Chandigarh,Self-Employed,102214.57,787,Savings,80631.03,2025-04-29
C106013,Aarav Das,47,Female,Guwahati,Assam,Salaried,68306.06,733,Savings,84767.01,2020-07-06
C106014,Sahil Mishra,41,Female,Lucknow,Uttar Pradesh,Salaried,96237.2,649,Current,146740.97,2020-05-20
C106015,Ananya Sharma,27,Male,Chennai,Tamil Nadu,Self-Employed,17205.77,683,Savings,21625.68,2021-04-16
C106016,Aditi Nayak,58,Male,Lucknow,Uttar Pradesh,Business,48450.47,802,Premium Savings,20561.15,2021-09-10
C106017,Pooja Sahu,38,Male,Lucknow,Uttar Pradesh,Salaried,12000.0,732,Savings,4499.59,2018-03-14
C106018,Ananya Reddy,35,Female,Mumbai,Maharashtra,Self-Employed,21051.71,642,Premium Savings,21482.82,2023-12-01
C106019,Arjun Bose,46,Male,Ahmedabad,Gujarat,Business,40732.46,654,Salary,52174.08,2022-06-25
C106020,Neha Reddy,38,Male,Guwahati,Assam,Salaried,38144.12,746,Salary,36110.35,2024-08-12
C106021,Priya Sahu,40,Male,Bengaluru,Karnataka,Salaried,56267.04,753,Savings,54263.16,2025-07-08
C106022,Sahil Sharma,61,Female,Bhubaneswar,Odisha,Salaried,54378.86,729,Current,25736.85,2017-10-14
C106023,Aditi Panda,33,Female,Pune,Maharashtra,Salaried,59198.22,686,Salary,500.0,2015-11-15
C106024,Ankit Kumar,33,Female,Bhubaneswar,Odisha,Salaried,60547.22,758,Current,129626.44,2021-11-29
C106025,Ankit Rao,37,Female,Pune,Maharashtra,Salaried,66051.89,685,Current,62189.1,2016-03-15
C106026,Ananya Roul,47,Male,Chandigarh,Chandigarh,Self-Employed,32455.13,649,Savings,68272.19,2024-12-01
C106027,Aditi Dasgupta,21,Male,Mumbai,Maharashtra,Salaried,36917.93,808,Savings,21849.43,2015-01-02
C106028,Aditi Reddy,18,Female,Delhi,Delhi,Self-Employed,53895.68,737,Savings,11775.57,2024-07-24
C106029,Karan Mohanty,30,Male,Hyderabad,Telangana,Retired,54358.15,654,Premium Savings,105395.32,2015-05-08
C106030,Vivaan Mehta,20,Male,Delhi,Delhi,Retired,30334.12,714,Current,70840.21,2021-12-11
C106031,Ankit Singh,32,Female,Chandigarh,Chandigarh,Business,99702.51,707,Savings,164921.62,2015-07-24
C106032,Ankit Mehta,41,Male,Jaipur,Rajasthan,Salaried,81938.88,682,Savings,141053.44,2024-08-11
C106033,Aditya Behera,27,Female,Guwahati,Assam,Salaried,34277.49,720,Current,30530.61,2015-02-15
C106034,Vivaan Bose,22,Male,Bhubaneswar,Odisha,Business,49044.69,645,Savings,78458.86,2025-08-14
C106035,Rohan Jain,37,Female,Bhubaneswar,Odisha,Salaried,166098.34,762,Current,279337.31,2018-01-28
C106036,Aditya Reddy,45,Male,Ahmedabad,Gujarat,Salaried,60078.41,705,Savings,115003.02,2025-06-06
C106037,Aarav Roul,19,Male,Kochi,Kerala,Self-Employed,68371.8,600,Savings,31595.8,2015-01-01
C106038,Priya Jain,44,Male,Mumbai,Maharashtra,Salaried,39346.96,690,Current,52842.79,2018-05-27
C106039,Priya Behera,44,Female,Kolkata,West Bengal,Business,46299.05,665,Savings,59805.43,2019-12-28
C106040,Sahil Das,46,Female,Mumbai,Maharashtra,Business,126287.68,511,Savings,200208.59,2019-04-12
C106041,Nisha Panda,48,Male,Guwahati,Assam,Business,58536.19,695,Salary,123369.36,2023-03-04
C106042,Rohan Patel,58,Female,Chandigarh,Chandigarh,Business,52895.73,772,Savings,18053.0,2021-05-15
C106043,Rohan Mishra,32,Female,Bhubaneswar,Odisha,Salaried,55231.63,698,Current,104967.7,2025-10-12
C106044,Kavya Jain,37,Female,Chennai,Tamil Nadu,Business,223027.2,751,Salary,396536.7,2016-10-15
C106045,Sneha Sahu,32,Female,Pune,Maharashtra,Salaried,56217.46,706,Savings,23071.96,2016-02-03
C106046,Nisha Sahu,36,Male,Guwahati,Assam,Business,34840.87,675,Savings,57267.75,2015-08-08
C106047,Aditi Das,51,Female,Chandigarh,Chandigarh,Salaried,38355.2,657,Salary,52161.92,2019-02-16
C106048,Rohan Panda,23,Female,Ahmedabad,Gujarat,Business,84499.78,622,Current,79698.88,2017-05-31
C106049,Ananya Mishra,27,Male,Kochi,Kerala,Retired,25069.92,765,Salary,59957.83,2022-03-30
C106050,Amit Dasgupta,50,Male,Pune,Maharashtra,Salaried,70467.66,752,Savings,33622.04,2017-02-20
C106051,Sneha Reddy,46,Female,Lucknow,Uttar Pradesh,Salaried,36937.73,687,Salary,82517.32,2025-11-20
C106052,Nisha Gupta,32,Female,Bengaluru,Karnataka,Salaried,19786.7,573,Savings,17740.36,2019-09-30
C106053,Aditya Reddy,45,Female,Guwahati,Assam,Salaried,32081.95,736,Salary,42103.09,2023-04-27
C106054,Riya Roul,39,Other,Hyderabad,Telangana,Salaried,55839.24,646,Salary,40107.4,2024-10-29
C106055,Aditi Sharma,51,Female,Guwahati,Assam,Business,118471.83,714,Current,141358.07,2019-03-08
C106056,Aditi Mishra,37,Male,Delhi,Delhi,Salaried,90891.31,605,Current,101315.01,2015-11-08
C106057,Ankit Singh,46,Male,Hyderabad,Telangana,Self-Employed,46796.27,711,Savings,77383.12,2018-02-20
C106058,Sahil Singh,62,Male,Mumbai,Maharashtra,Business,93881.76,696,Savings,162924.16,2019-09-07
C106059,Ankit Sharma,42,Male,Mumbai,Maharashtra,Salaried,45200.33,548,Savings,58392.6,2022-05-01
C106060,Sneha Sahu,36,Male,Mumbai,Maharashtra,Salaried,24550.98,810,Current,43103.35,2015-04-02
C106061,Rohan Bose,43,Male,Lucknow,Uttar Pradesh,Business,55641.61,684,Premium Savings,40624.16,2018-05-03
C106062,Karan Gupta,32,Female,Kochi,Kerala,Business,24024.39,688,Salary,39164.53,2023-08-22
C106063,Neha Roul,60,Female,Mumbai,Maharashtra,Salaried,84996.3,740,Savings,91049.67,2015-05-24
C106064,Karan Nayak,38,Female,Kochi,Kerala,Salaried,85675.53,702,Salary,51690.85,2025-01-28
C106065,Isha Dasgupta,33,Female,Kochi,Kerala,Salaried,33897.79,729,Savings,77751.16,2016-05-06
C106066,Aditi Mishra,28,Male,Bengaluru,Karnataka,Salaried,59585.47,631,Savings,35268.45,2018-05-22
C106067,Amit Gupta,47,Female,Mumbai,Maharashtra,Salaried,59273.38,696,Savings,54352.06,2016-08-03
C106068,Karan Rao,45,Male,Kochi,Kerala,Business,88846.76,581,Premium Savings,158699.79,2017-12-12
C106069,Ananya Kumar,31,Male,Bhubaneswar,Odisha,Business,27730.85,690,Savings,15760.88,2020-02-15
C106070,Isha Jain,42,Female,Bengaluru,Karnataka,Salaried,76481.69,799,Savings,88920.76,2025-06-06
C106071,Neha Behera,21,Male,Mumbai,Maharashtra,Self-Employed,26658.55,607,Savings,60274.42,2025-06-15
C106072,Sahil Patel,38,Male,Hyderabad,Telangana,Salaried,84334.16,682,Salary,138716.27,2024-12-13
C106073,Isha Sahu,41,Male,Bengaluru,Karnataka,Self-Employed,98673.53,567,Savings,126447.8,2023-12-24
C106074,Ananya Nayak,53,Female,Lucknow,Uttar Pradesh,Self-Employed,38055.97,706,Salary,26916.81,2025-04-04
C106075,Rohan Nayak,28,Other,Kochi,Kerala,Student,107539.05,735,Savings,219478.82,2017-04-18
C106076,Amit Dasgupta,23,Male,Kochi,Kerala,Salaried,23141.21,730,Savings,47089.47,2016-05-07
C106077,Rohan Jain,27,Female,Chandigarh,Chandigarh,Salaried,100695.8,666,Salary,101845.31,2025-04-23
C106078,Aditi Singh,23,Male,Hyderabad,Telangana,Self-Employed,121326.36,566,Savings,79577.03,2022-02-20
C106079,Riya Mehta,49,Male,Chandigarh,Chandigarh,Salaried,66521.92,624,Salary,53515.18,2023-05-07
C106080,Priya Sharma,51,Male,Delhi,Delhi,Salaried,49392.27,787,Salary,44608.24,2025-09-06
C106081,Pooja Gupta,39,Female,Pune,Maharashtra,Salaried,65311.24,762,Salary,125517.75,2022-08-24
C106082,Karan Mehta,48,Male,Mumbai,Maharashtra,Self-Employed,39459.15,699,Salary,23748.49,2023-11-22
C106083,Aarav Panda,37,Female,Guwahati,Assam,Salaried,232962.58,716,Salary,114945.87,2015-05-05
C106084,Ananya Das,35,Male,Indore,Madhya Pradesh,Retired,39834.8,638,Current,11497.75,2024-11-14
C106085,Riya Bose,33,Male,Indore,Madhya Pradesh,Salaried,113511.46,789,Premium Savings,135607.47,2025-06-10
C106086,Aditi Verma,33,Female,Pune,Maharashtra,Salaried,36585.72,658,Savings,35409.2,2025-06-14
C106087,Aditi Gupta,21,Male,Delhi,Delhi,Self-Employed,132366.92,733,Premium Savings,256462.21,2020-05-05
C106088,Kavya Sharma,39,Male,Bhubaneswar,Odisha,Salaried,166353.31,619,Savings,112785.74,2016-12-16
C106089,Amit Panda,36,Male,Lucknow,Uttar Pradesh,Self-Employed,68008.19,693,Savings,131005.42,2015-02-28
C106090,Neha Behera,43,Female,Hyderabad,Telangana,Self-Employed,64392.34,786,Salary,139294.89,2016-04-06
C106091,Neha Nayak,37,Female,Ahmedabad,Gujarat,Salaried,32499.18,643,Savings,61094.37,2015-12-19
C106092,Priya Roul,34,Male,Mumbai,Maharashtra,Business,30438.74,754,Savings,12968.95,2023-02-16
C106093,Priya Behera,27,Male,Ahmedabad,Gujarat,Salaried,64792.26,635,Savings,43183.3,2017-08-19
C106094,Arjun Rao,37,Male,Bengaluru,Karnataka,Student,122650.52,646,Savings,86279.85,2020-02-08
C106095,Sneha Mehta,43,Male,Hyderabad,Telangana,Business,40683.47,704,Savings,94452.65,2024-10-02
C106096,Vivaan Gupta,25,Female,Delhi,Delhi,Salaried,185247.78,768,Savings,92469.73,2024-12-09
C106097,Pooja Kumar,37,Female,Chennai,Tamil Nadu,Salaried,39320.77,686,Current,500.0,2021-07-02
C106098,Riya Bose,38,Female,Chandigarh,Chandigarh,Salaried,62395.85,745,Salary,43213.7,2022-10-17
C106099,Karan Sharma,29,Male,Ahmedabad,Gujarat,Salaried,62485.98,779,Salary,57696.35,2021-04-02
C106100,Vivaan Panda,30,Female,Indore,Madhya Pradesh,Self-Employed,52012.77,655,Savings,22247.72,2018-01-23
C106101,Nisha Mehta,38,Female,Mumbai,Maharashtra,Salaried,17871.87,606,Premium Savings,10568.32,2018-01-11
C106102,Sahil Singh,25,Female,Hyderabad,Telangana,Student,39128.18,682,Savings,25833.86,2015-04-03
C106103,Riya Bose,39,Female,Bhubaneswar,Odisha,Salaried,61383.11,788,Savings,79035.7,2022-11-18
C106104,Pooja Roul,27,Female,Lucknow,Uttar Pradesh,Salaried,52171.76,652,Premium Savings,63433.35,2021-04-25
C106105,Sahil Nayak,47,Female,Pune,Maharashtra,Salaried,78041.81,771,Current,128934.06,2020-05-18
C106106,Aditi Jain,59,Male,Ahmedabad,Gujarat,Salaried,83395.38,688,Premium Savings,98306.12,2015-09-17
C106107,Sneha Bose,27,Female,Kolkata,West Bengal,Business,48196.67,819,Savings,94431.1,2023-03-15
C106108,Neha Sahu,41,Male,Indore,Madhya Pradesh,Self-Employed,32394.75,850,Salary,81360.58,2022-10-04
C106109,Pooja Panda,29,Female,Delhi,Delhi,Salaried,128883.37,772,Savings,216197.22,2016-09-19
C106110,Riya Behera,46,Female,Pune,Maharashtra,Student,26097.22,598,Salary,32310.14,2017-06-01
C106111,Nisha Gupta,23,Female,Pune,Maharashtra,Business,39642.99,549,Savings,79057.51,2015-09-24
C106112,Pooja Sharma,41,Male,Hyderabad,Telangana,Business,34461.93,709,Savings,37710.68,2019-06-17
C106113,Neha Kumar,27,Male,Hyderabad,Telangana,Student,82920.71,764,Savings,157745.57,2022-08-09
C106114,Pooja Sharma,34,Male,Mumbai,Maharashtra,Self-Employed,113487.79,738,Current,57139.15,2019-03-26
C106115,Neha Panda,26,Female,Indore,Madhya Pradesh,Self-Employed,49988.94,658,Savings,51772.8,2015-05-03
C106116,Vivaan Reddy,44,Female,Mumbai,Maharashtra,Salaried,62409.06,608,Premium Savings,84280.31,2015-06-02
C106117,Sahil Behera,28,Female,Mumbai,Maharashtra,Salaried,69627.37,765,Salary,93046.99,2020-07-30
C106118,Pooja Reddy,42,Male,Delhi,Delhi,Self-Employed,148344.23,826,Salary,152682.24,2019-11-07
C106119,Aditya Sharma,33,Female,Kochi,Kerala,Student,20735.93,661,Salary,43335.97,2024-04-24
C106120,Karan Bose,35,Other,Lucknow,Uttar Pradesh,Self-Employed,82818.81,759,Salary,130653.38,2020-03-22
C106121,Sahil Mohanty,37,Male,Ahmedabad,Gujarat,Student,67655.04,850,Salary,48313.53,2019-08-17
C106122,Arjun Mehta,28,Female,Bengaluru,Karnataka,Salaried,44852.15,693,Premium Savings,47493.12,2016-12-17
C106123,Sneha Rao,38,Female,Chennai,Tamil Nadu,Business,65809.08,694,Premium Savings,79946.13,2025-11-29
C106124,Ananya Sahu,51,Female,Mumbai,Maharashtra,Self-Employed,82664.41,741,Savings,80912.71,2015-02-24
C106125,Neha Mehta,28,Female,Chennai,Tamil Nadu,Business,75798.06,687,Savings,123068.33,2021-06-20
C106126,Aarav Mehta,48,Male,Jaipur,Rajasthan,Self-Employed,180279.52,792,Current,210285.62,2025-01-23
C106127,Aditya Dasgupta,51,Female,Chennai,Tamil Nadu,Salaried,58994.73,679,Savings,55169.64,2015-06-30
C106128,Isha Sahu,28,Female,Indore,Madhya Pradesh,Salaried,55819.93,703,Savings,35550.82,2022-05-13
C106129,Aarav Kumar,21,Female,Kolkata,West Bengal,Retired,49780.28,611,Salary,96916.19,2015-09-16
C106130,Sneha Rao,39,Female,Ahmedabad,Gujarat,Salaried,74550.11,690,Current,144243.46,2025-10-04
C106131,Ankit Gupta,31,Female,Chennai,Tamil Nadu,Salaried,54038.74,640,Current,36218.6,2023-08-19
C106132,Nisha Das,55,Female,Guwahati,Assam,Salaried,55401.03,727,Premium Savings,28972.13,2024-10-29
C106133,Karan Nayak,36,Female,Delhi,Delhi,Salaried,55542.01,597,Current,112252.27,2018-02-24
C106134,Karan Verma,28,Male,Mumbai,Maharashtra,Business,51075.17,769,Savings,85407.59,2022-12-17
C106135,Aditi Sahu,25,Male,Guwahati,Assam,Business,39352.64,648,Savings,46616.58,2018-02-27
C106136,Nisha Bose,47,Male,Bhubaneswar,Odisha,Student,69220.13,821,Savings,87146.79,2023-01-23
C106137,Priya Sharma,30,Female,Lucknow,Uttar Pradesh,Salaried,47019.25,794,Savings,80731.81,2020-05-16
C106138,Sahil Mehta,36,Other,Delhi,Delhi,Self-Employed,77081.01,740,Savings,116681.08,2017-04-10
C106139,Aarav Mehta,46,Male,Indore,Madhya Pradesh,Student,58454.89,605,Savings,30008.47,2023-12-29
C106140,Neha Sahu,31,Male,Bhubaneswar,Odisha,Retired,44465.65,664,Salary,50609.67,2017-12-30
C106141,Nisha Mishra,36,Female,Mumbai,Maharashtra,Retired,130059.22,647,Salary,175530.6,2015-04-10
C106142,Kavya Mehta,36,Female,Kolkata,West Bengal,Business,51990.51,655,Current,31608.77,2022-07-12
C106143,Ankit Patel,43,Female,Jaipur,Rajasthan,Salaried,77469.62,807,Salary,134644.81,2018-01-18
C106144,Rahul Gupta,42,Male,Mumbai,Maharashtra,Salaried,37425.14,695,Savings,55025.95,2025-10-20
C106145,Rohan Dasgupta,34,Male,Delhi,Delhi,Business,18052.54,662,Current,26223.91,2024-10-11
C106146,Neha Reddy,37,Male,Kolkata,West Bengal,Student,40265.04,656,Savings,18152.34,2017-02-09
C106147,Kavya Dasgupta,32,Male,Ahmedabad,Gujarat,Business,16974.91,670,Salary,39518.65,2017-08-19
C106148,Nisha Das,21,Male,Mumbai,Maharashtra,Salaried,48281.99,740,Savings,76330.89,2022-09-25
C106149,Priya Mohanty,39,Male,Chandigarh,Chandigarh,Self-Employed,123357.8,599,Savings,112757.81,2020-01-09
C106150,Arjun Nayak,55,Male,Indore,Madhya Pradesh,Salaried,33429.09,711,Savings,500.0,2024-02-02
C106151,Vivaan Singh,27,Male,Bengaluru,Karnataka,Salaried,17270.66,733,Salary,47584.71,2015-01-08
C106152,Priya Patel,28,Female,Indore,Madhya Pradesh,Salaried,125521.18,592,Savings,105617.05,2022-04-17
C106153,Amit Dasgupta,27,Male,Pune,Maharashtra,Student,42346.6,613,Premium Savings,67847.64,2015-06-30
C106154,Priya Rao,43,Male,Ahmedabad,Gujarat,Salaried,54525.97,702,Savings,66495.23,2024-10-17
C106155,Neha Das,40,Female,Indore,Madhya Pradesh,Self-Employed,84850.18,799,Savings,141725.7,2021-04-25
C106156,Sneha Nayak,34,Female,Mumbai,Maharashtra,Salaried,73337.95,783,Savings,132780.53,2024-05-14
C106157,Isha Reddy,27,Female,Guwahati,Assam,Business,83105.84,665,Savings,110975.8,2024-08-11
C106158,Neha Mishra,37,Female,Lucknow,Uttar Pradesh,Self-Employed,90248.69,797,Current,63504.16,2019-11-19
C106159,Isha Nayak,20,Female,Chennai,Tamil Nadu,Student,21051.46,684,Current,57146.85,2021-04-08
C106160,Nisha Mishra,37,Female,Lucknow,Uttar Pradesh,Salaried,25265.55,684,Savings,12124.42,2025-09-04
C106161,Neha Dasgupta,45,Female,Ahmedabad,Gujarat,Salaried,104739.52,711,Savings,127231.52,2022-11-19
C106162,Vivaan Jain,23,Female,Chennai,Tamil Nadu,Business,35779.56,760,Savings,25655.22,2020-06-24
C106163,Karan Mehta,21,Female,Kochi,Kerala,Salaried,37992.09,665,Savings,73869.37,2023-11-18
C106164,Isha Verma,52,Male,Jaipur,Rajasthan,Salaried,27461.08,679,Savings,54832.95,2017-08-06
C106165,Amit Sharma,30,Female,Kolkata,West Bengal,Self-Employed,44018.58,624,Current,39093.41,2023-01-09
C106166,Aditya Sharma,47,Female,Bhubaneswar,Odisha,Self-Employed,45386.26,728,Savings,79875.27,2024-07-07
C106167,Aditya Singh,34,Female,Jaipur,Rajasthan,Salaried,32842.71,766,Salary,19811.86,2023-04-30
C106168,Pooja Dasgupta,34,Male,Kolkata,West Bengal,Salaried,30819.19,770,Current,63266.3,2015-07-13
C106169,Nisha Jain,40,Male,Bhubaneswar,Odisha,Business,65535.89,616,Savings,67808.21,2018-03-19
C106170,Aditi Mehta,27,Female,Chennai,Tamil Nadu,Self-Employed,35272.9,680,Savings,35954.21,2019-01-31
C106171,Aditya Behera,37,Male,Kochi,Kerala,Salaried,39403.77,786,Premium Savings,48444.78,2015-12-29
C106172,Karan Sharma,32,Female,Mumbai,Maharashtra,Salaried,16525.09,720,Savings,24275.16,2021-09-15
C106173,Ankit Bose,23,Female,Hyderabad,Telangana,Self-Employed,159707.39,707,Salary,281602.77,2019-02-13
C106174,Ananya Singh,39,Female,Bhubaneswar,Odisha,Salaried,92326.98,706,Savings,80786.64,2020-02-12
C106175,Kavya Mohanty,33,Female,Jaipur,Rajasthan,Business,41895.98,740,Current,83339.52,2024-03-15
C106176,Ananya Bose,34,Female,Delhi,Delhi,Business,33543.35,724,Current,63638.78,2020-04-19
C106177,Sneha Rao,24,Female,Mumbai,Maharashtra,Salaried,55330.37,668,Savings,63828.42,2021-02-08
C106178,Vivaan Roul,52,Female,Bengaluru,Karnataka,Student,54502.13,762,Savings,58919.09,2016-11-02
C106179,Sneha Mehta,45,Female,Mumbai,Maharashtra,Salaried,27263.58,627,Salary,60000.45,2019-03-09
C106180,Neha Singh,46,Other,Lucknow,Uttar Pradesh,Salaried,13524.98,791,Salary,29347.66,2022-05-21
C106181,Vivaan Roul,33,Female,Indore,Madhya Pradesh,Business,41181.6,647,Current,68593.57,2025-02-10
C106182,Neha Roul,19,Female,Pune,Maharashtra,Self-Employed,23277.27,741,Savings,44993.22,2019-03-01
C106183,Sahil Nayak,56,Male,Lucknow,Uttar Pradesh,Salaried,60436.44,694,Savings,99762.92,2023-02-22
C106184,Ankit Roul,35,Male,Delhi,Delhi,Salaried,60659.61,674,Salary,46786.45,2021-03-06
C106185,Aditi Gupta,29,Male,Jaipur,Rajasthan,Salaried,32203.21,793,Savings,62572.47,2021-01-23
C106186,Sneha Bose,40,Male,Mumbai,Maharashtra,Salaried,40989.33,753,Salary,50584.84,2016-08-19
C106187,Aditi Jain,48,Female,Mumbai,Maharashtra,Business,145039.5,701,Savings,128098.17,2018-08-06
C106188,Amit Mishra,36,Male,Kochi,Kerala,Self-Employed,84238.65,818,Current,115091.57,2023-03-31
C106189,Arjun Dasgupta,49,Female,Kochi,Kerala,Salaried,42888.09,769,Savings,23537.19,2022-03-03
C106190,Aditya Singh,47,Male,Kochi,Kerala,Salaried,194010.22,653,Current,116842.42,2018-11-21
C106191,Karan Mishra,25,Male,Hyderabad,Telangana,Salaried,28474.75,558,Savings,31562.79,2019-07-26
C106192,Ananya Mohanty,29,Male,Jaipur,Rajasthan,Salaried,35175.54,712,Current,74630.37,2016-12-13
C106193,Neha Reddy,46,Female,Bhubaneswar,Odisha,Salaried,51756.52,795,Salary,83927.06,2021-07-04
C106194,Kavya Patel,18,Male,Hyderabad,Telangana,Salaried,23695.36,745,Savings,24374.93,2019-07-04
C106195,Pooja Mishra,35,Male,Pune,Maharashtra,Salaried,147231.07,807,Savings,218266.2,2019-03-05
C106196,Arjun Mohanty,22,Female,Guwahati,Assam,Self-Employed,60829.01,666,Savings,51216.74,2020-03-29
C106197,Ankit Gupta,31,Male,Ahmedabad,Gujarat,Business,35618.36,697,Current,59021.57,2018-11-24
C106198,Ananya Mohanty,33,Male,Indore,Madhya Pradesh,Salaried,70359.37,699,Savings,88680.61,2023-08-09
C106199,Pooja Sahu,32,Female,Bengaluru,Karnataka,Retired,59600.5,721,Savings,42358.41,2018-04-12
C106200,Rohan Sahu,30,Male,Kolkata,West Bengal,Business,46515.01,755,Savings,10032.99,2016-08-27
C106201,Rahul Jain,25,Male,Chandigarh,Chandigarh,Retired,28294.0,811,Savings,21651.49,2024-02-18
C106202,Amit Jain,59,Male,Pune,Maharashtra,Student,24963.55,825,Savings,40633.23,2022-07-18
C106203,Pooja Dasgupta,55,Male,Chennai,Tamil Nadu,Self-Employed,183107.56,813,Savings,128815.26,2023-06-06
C106204,Priya Patel,24,Female,Pune,Maharashtra,Self-Employed,26136.4,748,Savings,500.0,2024-12-22
C106205,Isha Behera,52,Male,Kolkata,West Bengal,Salaried,139940.06,683,Savings,204080.95,2020-07-18
C106206,Riya Behera,32,Female,Bengaluru,Karnataka,Business,34560.65,720,Savings,65261.95,2022-07-30
C106207,Kavya Rao,37,Female,Ahmedabad,Gujarat,Self-Employed,84932.01,748,Savings,99889.65,2021-01-30
C106208,Sahil Rao,35,Male,Guwahati,Assam,Self-Employed,71045.56,714,Savings,78440.65,2019-07-29
C106209,Ananya Behera,29,Other,Chennai,Tamil Nadu,Business,79305.97,646,Current,86513.75,2019-01-15
C106210,Sahil Nayak,46,Male,Lucknow,Uttar Pradesh,Salaried,82264.61,675,Current,19302.8,2025-10-12
C106211,Amit Nayak,37,Male,Bhubaneswar,Odisha,Self-Employed,22668.4,761,Savings,9613.51,2019-11-04
C106212,Isha Mehta,31,Male,Delhi,Delhi,Salaried,37914.85,689,Current,25699.66,2015-12-21
C106213,Rahul Panda,23,Male,Lucknow,Uttar Pradesh,Business,25917.2,707,Premium Savings,57479.48,2021-10-02
C106214,Ananya Roul,27,Female,Bhubaneswar,Odisha,Student,61035.08,700,Premium Savings,124359.12,2017-11-03
C106215,Pooja Mohanty,20,Male,Mumbai,Maharashtra,Student,26562.32,647,Current,50641.23,2024-12-03
C106216,Sahil Sharma,36,Female,Lucknow,Uttar Pradesh,Business,18499.75,694,Savings,50244.48,2016-07-17
C106217,Amit Rao,24,Female,Jaipur,Rajasthan,Salaried,48265.68,675,Savings,52512.83,2018-09-25
C106218,Sneha Mohanty,33,Male,Lucknow,Uttar Pradesh,Student,16319.16,660,Savings,47234.25,2025-05-15
C106219,Neha Dasgupta,50,Female,Ahmedabad,Gujarat,Salaried,63411.12,636,Savings,88837.25,2019-01-09
C106220,Kavya Nayak,48,Female,Bhubaneswar,Odisha,Student,27539.93,698,Salary,22203.43,2022-03-28
C106221,Aarav Gupta,36,Male,Guwahati,Assam,Salaried,34640.18,745,Savings,27082.65,2020-03-26
C106222,Rahul Sharma,35,Male,Bhubaneswar,Odisha,Salaried,15691.27,778,Current,28951.83,2020-01-21
C106223,Kavya Sahu,55,Male,Pune,Maharashtra,Business,136304.23,614,Savings,268294.0,2023-06-15
C106224,Pooja Verma,41,Male,Bhubaneswar,Odisha,Self-Employed,24599.6,809,Savings,48331.03,2021-01-17
C106225,Aditya Nayak,33,Female,Indore,Madhya Pradesh,Salaried,45021.16,724,Premium Savings,54589.23,2024-08-30
C106226,Aditi Mohanty,22,Male,Jaipur,Rajasthan,Business,20529.79,632,Savings,37136.37,2022-08-18
C106227,Ananya Roul,40,Female,Pune,Maharashtra,Self-Employed,34733.89,679,Savings,71581.39,2016-11-03
C106228,Ankit Reddy,44,Female,Indore,Madhya Pradesh,Salaried,144147.22,583,Current,280627.14,2024-12-23
C106229,Aditya Mehta,30,Female,Chennai,Tamil Nadu,Self-Employed,64776.66,600,Salary,109203.37,2015-06-25
C106230,Kavya Roul,39,Male,Bengaluru,Karnataka,Salaried,36941.52,817,Savings,53588.56,2018-11-07
C106231,Karan Patel,32,Male,Bengaluru,Karnataka,Business,53975.91,660,Current,121321.66,2020-09-05
C106232,Aditi Panda,34,Male,Guwahati,Assam,Salaried,40407.92,740,Savings,34925.36,2025-04-19
C106233,Vivaan Patel,18,Male,Pune,Maharashtra,Self-Employed,52274.14,698,Savings,72123.0,2024-08-22
C106234,Vivaan Panda,34,Female,Kochi,Kerala,Salaried,82802.73,706,Savings,69565.26,2022-01-04
C106235,Sahil Patel,46,Male,Bengaluru,Karnataka,Salaried,45843.31,729,Savings,62117.1,2016-08-17
C106236,Neha Verma,30,Male,Chandigarh,Chandigarh,Self-Employed,62074.08,570,Savings,82713.93,2021-09-18
C106237,Sneha Verma,37,Male,Pune,Maharashtra,Self-Employed,62640.1,791,Salary,72690.02,2018-10-31
C106238,Isha Singh,28,Female,Mumbai,Maharashtra,Retired,45968.35,699,Current,108945.68,2021-01-21
C106239,Amit Nayak,40,Female,Pune,Maharashtra,Business,36692.56,672,Premium Savings,48007.01,2022-02-04
C106240,Sahil Mehta,34,Female,Pune,Maharashtra,Business,41201.82,735,Current,48846.83,2024-04-30
C106241,Amit Bose,27,Male,Pune,Maharashtra,Salaried,80792.58,658,Savings,52965.28,2023-05-09
C106242,Priya Sahu,49,Male,Jaipur,Rajasthan,Salaried,84577.0,719,Savings,157704.69,2016-10-15
C106243,Ananya Mishra,45,Female,Hyderabad,Telangana,Salaried,29416.22,694,Current,40280.86,2024-07-18
C106244,Priya Das,30,Other,Jaipur,Rajasthan,Salaried,47645.54,751,Savings,47959.04,2023-12-16
C106245,Karan Singh,41,Female,Ahmedabad,Gujarat,Student,36351.16,691,Current,60986.48,2021-06-07
C106246,Neha Sahu,41,Female,Chandigarh,Chandigarh,Salaried,85396.66,638,Savings,63378.45,2016-07-25
C106247,Vivaan Sharma,42,Male,Bengaluru,Karnataka,Salaried,42443.4,729,Salary,26442.5,2025-12-16
C106248,Vivaan Gupta,19,Male,Chennai,Tamil Nadu,Salaried,184535.39,687,Salary,83218.92,2024-02-26
C106249,Pooja Sharma,46,Female,Pune,Maharashtra,Salaried,62002.63,587,Savings,58530.57,2023-11-20
C106250,Nisha Reddy,30,Male,Bengaluru,Karnataka,Salaried,105365.08,718,Salary,75560.03,2017-04-23
C106251,Aditya Patel,32,Other,Chennai,Tamil Nadu,Self-Employed,31478.26,670,Savings,21495.61,2024-03-31
C106252,Amit Nayak,62,Male,Kolkata,West Bengal,Salaried,55355.74,727,Savings,79786.44,2022-10-10
C106253,Nisha Verma,39,Male,Guwahati,Assam,Self-Employed,77186.79,649,Savings,108176.83,2019-06-12
C106254,Neha Reddy,32,Female,Ahmedabad,Gujarat,Self-Employed,31156.35,627,Savings,36349.8,2015-12-01
C106255,Aditya Behera,18,Male,Chandigarh,Chandigarh,Business,55618.82,782,Current,86517.76,2024-03-26
C106256,Aditi Bose,50,Male,Hyderabad,Telangana,Business,98087.08,760,Current,74961.84,2019-09-13
C106257,Nisha Panda,23,Male,Lucknow,Uttar Pradesh,Business,45935.38,705,Savings,54996.11,2024-11-16
C106258,Sneha Mehta,26,Female,Ahmedabad,Gujarat,Self-Employed,34427.97,733,Savings,22954.36,2016-04-03
C106259,Aditya Reddy,33,Male,Indore,Madhya Pradesh,Salaried,148259.02,758,Savings,138926.82,2020-08-15
C106260,Riya Kumar,50,Male,Pune,Maharashtra,Student,28872.03,704,Premium Savings,30920.79,2021-02-06
C106261,Priya Bose,44,Female,Pune,Maharashtra,Salaried,59923.76,626,Current,58629.61,2015-06-21
C106262,Karan Mohanty,34,Male,Ahmedabad,Gujarat,Salaried,37254.82,724,Salary,77440.79,2020-10-29
C106263,Sahil Jain,39,Female,Guwahati,Assam,Salaried,32854.03,770,Current,44598.14,2016-03-01
C106264,Neha Reddy,30,Male,Mumbai,Maharashtra,Self-Employed,82702.07,744,Savings,86457.27,2021-06-15
C106265,Ankit Nayak,37,Female,Lucknow,Uttar Pradesh,Salaried,49121.09,709,Current,48897.91,2015-01-17
C106266,Kavya Mohanty,37,Male,Pune,Maharashtra,Business,68756.46,742,Savings,85455.72,2017-11-09
C106267,Neha Reddy,46,Female,Bhubaneswar,Odisha,Self-Employed,15910.88,690,Savings,14442.3,2025-06-24
C106268,Isha Sahu,46,Female,Kochi,Kerala,Self-Employed,72533.54,773,Savings,105558.23,2021-03-04
C106269,Isha Rao,41,Female,Pune,Maharashtra,Salaried,37003.24,793,Current,28830.16,2022-06-15
C106270,Aarav Gupta,32,Male,Jaipur,Rajasthan,Self-Employed,19569.35,621,Current,54731.26,2025-07-26
C106271,Pooja Panda,43,Male,Pune,Maharashtra,Salaried,155079.82,778,Savings,102324.78,2016-11-05
C106272,Neha Jain,35,Female,Kolkata,West Bengal,Salaried,76545.9,850,Salary,41819.13,2023-04-18
C106273,Sneha Dasgupta,25,Male,Bhubaneswar,Odisha,Salaried,62323.33,739,Current,64069.52,2017-07-17
C106274,Rahul Behera,32,Male,Guwahati,Assam,Business,109345.6,769,Current,117608.76,2022-09-02
C106275,Aarav Verma,37,Female,Kochi,Kerala,Self-Employed,63022.78,663,Salary,60568.81,2022-12-17
C106276,Rahul Verma,45,Male,Guwahati,Assam,Self-Employed,35449.02,672,Savings,17467.15,2023-11-01
C106277,Sneha Mehta,34,Other,Ahmedabad,Gujarat,Self-Employed,49953.92,691,Salary,23829.56,2018-10-03
C106278,Aditi Panda,24,Male,Chennai,Tamil Nadu,Self-Employed,37872.75,679,Savings,70526.09,2020-06-26
C106279,Ananya Sharma,37,Female,Bengaluru,Karnataka,Salaried,41768.36,620,Savings,81859.59,2016-04-23
C106280,Isha Behera,37,Female,Indore,Madhya Pradesh,Salaried,27538.81,694,Salary,7870.23,2018-08-26
C106281,Aditya Gupta,38,Male,Kolkata,West Bengal,Student,32259.8,759,Savings,32653.68,2023-03-17
C106282,Rohan Mishra,45,Female,Hyderabad,Telangana,Self-Employed,89959.11,621,Salary,37391.81,2024-05-19
C106283,Amit Sharma,46,Male,Kochi,Kerala,Business,66021.12,717,Savings,108658.09,2023-12-09
C106284,Rohan Panda,30,Female,Mumbai,Maharashtra,Salaried,41707.29,715,Current,36230.27,2019-03-10
C106285,Rohan Rao,30,Female,Guwahati,Assam,Business,31246.76,685,Savings,64930.94,2021-02-24
C106286,Neha Nayak,26,Male,Mumbai,Maharashtra,Self-Employed,44007.71,737,Salary,31973.88,2025-07-04
C106287,Aarav Mehta,43,Female,Pune,Maharashtra,Salaried,21784.87,731,Savings,28539.87,2019-06-06
C106288,Sahil Rao,50,Male,Mumbai,Maharashtra,Student,58967.12,681,Salary,92481.43,2020-11-12
C106289,Amit Behera,33,Female,Guwahati,Assam,Salaried,92512.38,774,Savings,63007.07,2022-05-14
C106290,Riya Sahu,34,Male,Bhubaneswar,Odisha,Salaried,202181.97,741,Savings,254149.72,2024-03-10
C106291,Rohan Singh,51,Female,Hyderabad,Telangana,Salaried,29980.31,807,Savings,64393.46,2019-05-28
C106292,Aditya Gupta,41,Female,Kochi,Kerala,Business,90416.3,701,Premium Savings,44879.43,2017-06-16
C106293,Vivaan Verma,40,Male,Jaipur,Rajasthan,Business,37276.64,684,Salary,61486.89,2021-06-21
C106294,Aditya Roul,24,Female,Chennai,Tamil Nadu,Business,29567.69,691,Savings,47429.67,2018-12-09
C106295,Aditya Dasgupta,43,Male,Guwahati,Assam,Student,29560.51,782,Premium Savings,30582.47,2023-05-30
C106296,Sneha Jain,27,Male,Kolkata,West Bengal,Salaried,59426.36,695,Premium Savings,98724.23,2019-07-30
C106297,Vivaan Nayak,25,Male,Ahmedabad,Gujarat,Self-Employed,32963.36,699,Current,84864.03,2022-09-18
C106298,Kavya Nayak,33,Male,Hyderabad,Telangana,Self-Employed,39392.21,832,Savings,53817.98,2023-06-06
C106299,Pooja Mishra,30,Male,Kolkata,West Bengal,Retired,43168.56,618,Savings,36041.66,2016-03-11
C106300,Karan Dasgupta,34,Female,Jaipur,Rajasthan,Salaried,36611.08,728,Savings,48584.2,2017-07-13
C106301,Nisha Reddy,22,Male,Kolkata,West Bengal,Retired,35177.68,701,Savings,52218.36,2022-03-08
C106302,Sahil Mohanty,46,Male,Kochi,Kerala,Salaried,14458.69,689,Salary,31867.05,2022-03-22
C106303,Isha Mehta,47,Male,Delhi,Delhi,Business,57694.25,643,Savings,70293.94,2020-02-02
C106304,Rohan Gupta,18,Female,Bengaluru,Karnataka,Self-Employed,57085.63,662,Salary,43491.64,2016-09-29
C106305,Pooja Nayak,46,Female,Lucknow,Uttar Pradesh,Business,35473.77,678,Premium Savings,72134.78,2024-05-10
C106306,Ankit Singh,28,Male,Guwahati,Assam,Salaried,67057.1,737,Salary,51584.8,2022-10-13
C106307,Aarav Roul,45,Female,Ahmedabad,Gujarat,Salaried,118585.28,760,Current,215619.64,2025-01-14
C106308,Priya Behera,35,Female,Hyderabad,Telangana,Salaried,55717.94,589,Current,40337.5,2023-06-13
C106309,Sahil Nayak,36,Female,Indore,Madhya Pradesh,Self-Employed,114316.96,627,Salary,153047.08,2017-02-10
C106310,Arjun Sharma,34,Male,Kochi,Kerala,Self-Employed,188350.72,741,Savings,71668.44,2023-01-12
C106311,Rohan Mishra,48,Male,Bhubaneswar,Odisha,Student,221212.05,746,Salary,239995.14,2015-01-03
C106312,Isha Rao,24,Female,Indore,Madhya Pradesh,Salaried,28611.35,610,Current,15582.12,2025-01-06
C106313,Amit Verma,42,Female,Bhubaneswar,Odisha,Salaried,28692.87,762,Savings,29421.22,2023-11-25
C106314,Aditya Dasgupta,47,Male,Jaipur,Rajasthan,Salaried,43073.01,704,Salary,87399.16,2025-11-14
C106315,Neha Sahu,43,Male,Kochi,Kerala,Salaried,59034.77,754,Savings,103945.62,2020-08-28
C106316,Ankit Rao,59,Female,Kolkata,West Bengal,Business,131629.58,650,Salary,183377.77,2023-12-21
C106317,Kavya Nayak,31,Female,Ahmedabad,Gujarat,Business,77658.1,615,Current,98645.57,2016-03-17
C106318,Arjun Roul,46,Female,Jaipur,Rajasthan,Retired,28375.48,685,Current,47217.59,2020-07-21
C106319,Aditya Roul,35,Male,Bhubaneswar,Odisha,Salaried,39288.1,688,Current,53876.76,2016-08-14
C106320,Ananya Reddy,48,Male,Pune,Maharashtra,Salaried,53744.06,684,Savings,63557.12,2025-04-09
C106321,Isha Roul,36,Male,Delhi,Delhi,Salaried,24247.06,680,Current,25314.23,2015-10-23
C106322,Aarav Singh,32,Male,Delhi,Delhi,Self-Employed,55415.03,815,Salary,45699.12,2022-10-17
C106323,Ananya Bose,49,Male,Lucknow,Uttar Pradesh,Retired,28608.21,595,Savings,52960.18,2025-08-27
C106324,Ananya Roul,31,Female,Chennai,Tamil Nadu,Salaried,22185.45,650,Savings,500.0,2018-06-09
C106325,Sahil Sahu,22,Female,Kolkata,West Bengal,Salaried,32671.11,678,Salary,25076.41,2017-09-17
C106326,Priya Dasgupta,31,Female,Chennai,Tamil Nadu,Business,68950.91,707,Current,37303.4,2023-06-23
C106327,Aditya Verma,42,Male,Guwahati,Assam,Business,68689.53,751,Current,94300.45,2019-07-22
C106328,Karan Behera,50,Male,Bengaluru,Karnataka,Salaried,58002.89,761,Savings,49696.39,2018-05-25
C106329,Isha Dasgupta,37,Male,Hyderabad,Telangana,Business,94890.23,775,Current,115101.31,2024-04-03
C106330,Ananya Das,49,Male,Kolkata,West Bengal,Salaried,89514.8,736,Salary,67283.18,2017-05-07
C106331,Arjun Rao,22,Female,Guwahati,Assam,Student,61543.42,593,Savings,42569.7,2021-01-28
C106332,Riya Behera,32,Male,Jaipur,Rajasthan,Salaried,57045.16,597,Savings,58631.53,2022-02-27
C106333,Priya Mehta,33,Male,Hyderabad,Telangana,Salaried,59061.77,780,Savings,83967.37,2016-01-31
C106334,Aditi Behera,35,Male,Jaipur,Rajasthan,Salaried,50710.26,775,Savings,500.0,2025-09-02
C106335,Vivaan Panda,37,Male,Kolkata,West Bengal,Salaried,16633.93,746,Current,9128.69,2024-02-19
C106336,Isha Nayak,43,Female,Mumbai,Maharashtra,Self-Employed,102703.88,652,Savings,94664.74,2017-02-21
C106337,Aditya Das,32,Male,Delhi,Delhi,Business,68440.91,684,Savings,50423.11,2015-04-07
C106338,Riya Jain,37,Female,Hyderabad,Telangana,Self-Employed,28172.69,679,Current,37222.89,2015-03-08
C106339,Priya Verma,36,Female,Guwahati,Assam,Business,120618.46,638,Savings,127121.65,2015-05-08
C106340,Isha Kumar,27,Male,Kolkata,West Bengal,Salaried,39759.32,722,Savings,61956.24,2018-04-26
C106341,Sneha Mohanty,35,Male,Ahmedabad,Gujarat,Salaried,51834.72,845,Current,74744.5,2016-05-10
C106342,Ananya Behera,35,Female,Kolkata,West Bengal,Retired,96573.05,673,Salary,51429.31,2017-04-28
C106343,Rohan Roul,34,Female,Jaipur,Rajasthan,Business,62079.13,789,Current,37854.83,2017-01-30
C106344,Riya Roul,36,Male,Bengaluru,Karnataka,Salaried,114639.21,647,Salary,153895.52,2024-04-13
C106345,Arjun Panda,37,Male,Delhi,Delhi,Salaried,45316.78,605,Current,60177.99,2023-09-14
C106346,Amit Nayak,32,Male,Delhi,Delhi,Self-Employed,139418.26,769,Salary,99937.74,2022-08-19
C106347,Riya Panda,49,Male,Hyderabad,Telangana,Salaried,35857.1,691,Salary,59422.37,2015-10-20
C106348,Aditya Dasgupta,24,Male,Guwahati,Assam,Self-Employed,113525.27,788,Salary,135805.79,2015-10-02
C106349,Vivaan Patel,29,Male,Jaipur,Rajasthan,Self-Employed,15823.93,801,Current,26080.29,2017-11-04
C106350,Karan Dasgupta,64,Male,Delhi,Delhi,Salaried,30030.92,687,Premium Savings,32141.13,2020-01-28
C106351,Aditya Gupta,26,Male,Guwahati,Assam,Salaried,64794.1,792,Savings,129752.31,2025-08-31
C106352,Sneha Roul,22,Male,Indore,Madhya Pradesh,Business,44127.72,648,Savings,84646.59,2016-05-02
C106353,Sahil Singh,43,Female,Bhubaneswar,Odisha,Salaried,52784.7,647,Salary,22401.12,2019-09-25
C106354,Aditi Das,18,Female,Bengaluru,Karnataka,Salaried,56274.48,775,Salary,48361.62,2025-08-06
C106355,Ankit Das,34,Female,Guwahati,Assam,Business,28569.42,604,Salary,31458.41,2019-01-04
C106356,Arjun Behera,57,Male,Mumbai,Maharashtra,Business,29772.11,705,Salary,54986.64,2022-06-02
C106357,Ananya Panda,21,Female,Jaipur,Rajasthan,Salaried,62489.61,786,Savings,39567.34,2019-07-09
C106358,Pooja Mishra,18,Male,Chandigarh,Chandigarh,Student,38124.23,791,Premium Savings,40033.54,2015-02-13
C106359,Vivaan Panda,21,Female,Chandigarh,Chandigarh,Business,114996.51,677,Savings,87562.0,2022-10-29
C106360,Arjun Das,45,Male,Kolkata,West Bengal,Salaried,49489.59,771,Premium Savings,51650.98,2021-09-13
C106361,Aditya Bose,47,Male,Pune,Maharashtra,Salaried,81666.7,632,Current,132948.34,2018-05-14
C106362,Priya Singh,31,Female,Jaipur,Rajasthan,Business,70168.65,662,Savings,111117.19,2018-11-06
C106363,Kavya Roul,43,Female,Mumbai,Maharashtra,Salaried,39515.56,720,Salary,72304.73,2019-05-08
C106364,Ankit Reddy,50,Female,Indore,Madhya Pradesh,Salaried,18507.06,730,Savings,17327.36,2019-03-16
C106365,Aditya Nayak,54,Male,Lucknow,Uttar Pradesh,Self-Employed,105535.87,637,Savings,134450.53,2017-05-03
C106366,Sneha Reddy,34,Male,Delhi,Delhi,Self-Employed,32102.48,826,Savings,46465.02,2018-05-29
C106367,Karan Mishra,18,Male,Mumbai,Maharashtra,Self-Employed,44047.4,583,Savings,47684.02,2019-10-22
C106368,Aditya Mehta,28,Female,Kochi,Kerala,Self-Employed,50621.17,709,Salary,88011.88,2021-12-11
C106369,Ananya Verma,32,Female,Chandigarh,Chandigarh,Salaried,53478.35,718,Savings,80020.82,2021-08-12
C106370,Karan Patel,33,Female,Bhubaneswar,Odisha,Salaried,93355.1,591,Premium Savings,156394.32,2025-04-24
C106371,Aditya Mehta,34,Male,Guwahati,Assam,Self-Employed,55176.46,791,Savings,45147.19,2020-05-13
C106372,Amit Patel,47,Female,Indore,Madhya Pradesh,Business,51279.37,657,Salary,51406.03,2022-02-14
C106373,Karan Patel,49,Male,Chandigarh,Chandigarh,Self-Employed,96301.51,711,Premium Savings,58524.77,2021-11-23
C106374,Ankit Nayak,34,Male,Hyderabad,Telangana,Salaried,76530.7,726,Savings,54668.68,2021-08-27
C106375,Aarav Mohanty,47,Female,Chandigarh,Chandigarh,Retired,36699.73,610,Savings,79978.37,2015-06-21
C106376,Pooja Dasgupta,40,Male,Hyderabad,Telangana,Salaried,29265.16,635,Savings,53244.66,2022-08-13
C106377,Aditya Kumar,37,Male,Mumbai,Maharashtra,Salaried,34963.28,807,Salary,59680.45,2020-07-05
C106378,Vivaan Behera,45,Male,Guwahati,Assam,Salaried,53531.07,701,Salary,77443.9,2025-12-15
C106379,Neha Verma,37,Male,Chennai,Tamil Nadu,Salaried,27715.83,530,Savings,50312.43,2015-05-10
C106380,Aditi Dasgupta,57,Male,Ahmedabad,Gujarat,Self-Employed,57814.95,685,Savings,114551.63,2020-08-09
C106381,Ankit Mehta,22,Male,Pune,Maharashtra,Salaried,51227.38,703,Salary,56082.85,2018-08-02
C106382,Priya Mohanty,31,Male,Kochi,Kerala,Salaried,13584.75,719,Current,12980.99,2018-12-10
C106383,Neha Sahu,35,Male,Hyderabad,Telangana,Salaried,25379.37,575,Savings,35556.56,2015-05-08
C106384,Amit Nayak,40,Female,Kolkata,West Bengal,Business,12000.0,703,Salary,2554.48,2017-11-13
C106385,Priya Nayak,49,Female,Delhi,Delhi,Student,45521.58,651,Premium Savings,54943.78,2022-11-09
C106386,Arjun Dasgupta,36,Male,Delhi,Delhi,Business,99289.59,719,Savings,71563.86,2020-04-23
C106387,Rohan Behera,22,Other,Indore,Madhya Pradesh,Salaried,19442.69,738,Savings,30127.15,2024-08-28
C106388,Nisha Kumar,44,Female,Kolkata,West Bengal,Self-Employed,26577.78,731,Salary,1151.54,2023-12-12
C106389,Rahul Sahu,44,Male,Hyderabad,Telangana,Salaried,50263.41,796,Current,68867.39,2019-04-21
C106390,Aditi Behera,18,Male,Ahmedabad,Gujarat,Salaried,30638.86,847,Premium Savings,26065.86,2023-06-11
C106391,Sahil Mehta,36,Female,Bhubaneswar,Odisha,Business,30556.06,631,Salary,52975.95,2021-01-16
C106392,Rahul Patel,20,Female,Pune,Maharashtra,Salaried,74084.77,680,Savings,55765.33,2023-08-20
C106393,Neha Nayak,29,Female,Indore,Madhya Pradesh,Salaried,41893.92,753,Current,112126.77,2016-02-06
C106394,Aditya Behera,27,Female,Chennai,Tamil Nadu,Salaried,24279.55,697,Current,22096.08,2019-09-28
C106395,Arjun Sharma,44,Male,Kolkata,West Bengal,Salaried,17445.63,528,Savings,52437.12,2022-09-21
C106396,Neha Kumar,37,Male,Lucknow,Uttar Pradesh,Salaried,185296.54,692,Savings,152396.19,2021-08-01
C106397,Sneha Jain,23,Male,Indore,Madhya Pradesh,Self-Employed,102299.33,785,Current,67670.54,2021-12-15
C106398,Aditi Reddy,45,Male,Chandigarh,Chandigarh,Salaried,42902.7,614,Savings,80038.85,2024-11-16
C106399,Aarav Patel,22,Male,Indore,Madhya Pradesh,Student,57722.96,719,Current,114319.07,2018-12-08
C106400,Isha Singh,39,Male,Pune,Maharashtra,Self-Employed,42040.82,581,Savings,66139.43,2025-08-23
C106401,Rohan Gupta,28,Male,Lucknow,Uttar Pradesh,Student,72826.83,762,Current,83102.7,2025-11-22
C106402,Rahul Kumar,32,Male,Guwahati,Assam,Business,34381.38,721,Savings,2081.51,2022-09-06
C106403,Sneha Dasgupta,41,Male,Bengaluru,Karnataka,Business,40796.16,668,Salary,41210.75,2020-07-01
C106404,Rahul Sahu,41,Male,Indore,Madhya Pradesh,Self-Employed,70654.63,678,Savings,60453.42,2015-04-22
C106405,Isha Singh,49,Male,Jaipur,Rajasthan,Salaried,122358.55,608,Salary,62463.92,2019-04-06
C106406,Rahul Reddy,35,Male,Guwahati,Assam,Self-Employed,82691.06,770,Savings,51850.5,2015-06-08
C106407,Kavya Verma,39,Female,Jaipur,Rajasthan,Salaried,108417.1,653,Current,123868.77,2025-10-18
C106408,Sneha Das,32,Female,Indore,Madhya Pradesh,Salaried,46316.75,738,Savings,28980.11,2020-06-19
C106409,Sneha Behera,38,Male,Lucknow,Uttar Pradesh,Salaried,39043.54,642,Salary,86523.21,2023-07-07
C106410,Nisha Jain,40,Male,Kochi,Kerala,Business,18939.01,848,Salary,4226.31,2025-02-27
C106411,Rahul Sharma,35,Female,Hyderabad,Telangana,Retired,57227.94,806,Salary,55542.0,2015-12-22
C106412,Isha Roul,18,Male,Ahmedabad,Gujarat,Salaried,67748.96,840,Current,78324.72,2020-04-29
C106413,Sahil Rao,39,Female,Chennai,Tamil Nadu,Self-Employed,46634.02,847,Savings,84392.05,2017-10-29
C106414,Nisha Reddy,40,Male,Indore,Madhya Pradesh,Student,35878.83,664,Current,49705.55,2021-02-05
C106415,Aarav Sharma,29,Female,Pune,Maharashtra,Salaried,108984.44,648,Premium Savings,109870.47,2016-01-13
C106416,Ananya Panda,23,Female,Guwahati,Assam,Salaried,77853.24,837,Current,84609.36,2015-12-06
C106417,Amit Singh,51,Female,Mumbai,Maharashtra,Salaried,113226.15,696,Premium Savings,90984.52,2017-10-02
C106418,Ananya Rao,41,Male,Chandigarh,Chandigarh,Student,32552.84,759,Savings,18077.76,2023-02-14
C106419,Rahul Singh,34,Female,Guwahati,Assam,Salaried,37255.68,665,Salary,15943.21,2024-04-25
C106420,Riya Mohanty,25,Female,Pune,Maharashtra,Salaried,106599.7,666,Salary,117799.79,2023-01-10
C106421,Vivaan Roul,28,Female,Chandigarh,Chandigarh,Salaried,53586.24,759,Salary,23101.49,2022-01-29
C106422,Rohan Singh,49,Male,Pune,Maharashtra,Student,40218.45,577,Salary,22547.1,2025-05-05
C106423,Aarav Patel,37,Female,Indore,Madhya Pradesh,Student,41787.61,756,Savings,40199.4,2016-01-21
C106424,Pooja Gupta,30,Male,Hyderabad,Telangana,Salaried,54665.83,739,Current,56906.83,2020-02-06
C106425,Riya Mehta,41,Male,Mumbai,Maharashtra,Student,95483.81,671,Premium Savings,72500.89,2019-04-05
C106426,Aditi Rao,28,Female,Guwahati,Assam,Salaried,50352.64,707,Savings,45124.13,2023-05-27
C106427,Rahul Gupta,51,Male,Hyderabad,Telangana,Salaried,84955.39,717,Premium Savings,86534.5,2018-10-13
C106428,Karan Dasgupta,50,Female,Hyderabad,Telangana,Retired,71121.59,720,Savings,106877.03,2017-09-15
C106429,Pooja Kumar,31,Female,Chandigarh,Chandigarh,Self-Employed,33928.21,750,Savings,24285.91,2021-10-08
C106430,Rahul Behera,30,Male,Chandigarh,Chandigarh,Salaried,33913.46,652,Savings,71009.08,2020-04-06
C106431,Ananya Reddy,18,Female,Jaipur,Rajasthan,Self-Employed,42934.97,850,Salary,74586.71,2015-05-21
C106432,Ankit Mehta,21,Female,Chandigarh,Chandigarh,Business,26365.93,692,Savings,31002.36,2018-08-15
C106433,Rohan Patel,23,Male,Kochi,Kerala,Business,41452.86,697,Salary,500.0,2018-06-22
C106434,Priya Bose,37,Female,Kolkata,West Bengal,Student,126434.14,831,Current,111429.19,2021-03-13
C106435,Aarav Singh,33,Male,Bengaluru,Karnataka,Self-Employed,54058.59,586,Savings,103709.64,2023-09-19
C106436,Isha Jain,23,Male,Guwahati,Assam,Student,36081.64,831,Savings,19979.76,2022-11-23
C106437,Aarav Jain,33,Male,Guwahati,Assam,Self-Employed,157747.04,711,Savings,102061.6,2024-08-01
C106438,Vivaan Nayak,41,Male,Indore,Madhya Pradesh,Self-Employed,32966.56,671,Current,61546.36,2020-01-23
C106439,Riya Sharma,41,Male,Bhubaneswar,Odisha,Business,32404.51,632,Savings,42670.82,2017-06-06
C106440,Rohan Das,18,Other,Kolkata,West Bengal,Salaried,108153.37,623,Savings,91250.42,2021-11-18
C106441,Sahil Sharma,35,Female,Guwahati,Assam,Salaried,79127.31,683,Premium Savings,84030.02,2019-08-09
C106442,Neha Verma,22,Male,Lucknow,Uttar Pradesh,Salaried,51203.14,723,Salary,78475.44,2016-01-24
C106443,Ankit Rao,45,Male,Chandigarh,Chandigarh,Self-Employed,86910.87,745,Current,82805.85,2015-02-12
C106444,Sahil Mohanty,44,Female,Guwahati,Assam,Salaried,64888.03,722,Current,101938.42,2022-09-01
C106445,Sneha Behera,27,Male,Guwahati,Assam,Salaried,28643.52,672,Savings,36741.34,2016-06-09
C106446,Priya Patel,28,Male,Lucknow,Uttar Pradesh,Salaried,14711.97,792,Current,35902.18,2021-08-27
C106447,Nisha Sharma,31,Male,Bhubaneswar,Odisha,Salaried,40257.38,850,Premium Savings,58301.21,2024-09-03
C106448,Sahil Reddy,18,Male,Pune,Maharashtra,Business,99887.23,802,Salary,150655.65,2022-07-28
C106449,Isha Panda,39,Male,Jaipur,Rajasthan,Salaried,43452.77,682,Savings,60132.91,2023-10-04
C106450,Isha Mehta,33,Female,Guwahati,Assam,Salaried,70837.37,738,Savings,77156.53,2015-04-26
C106451,Neha Jain,46,Female,Kochi,Kerala,Business,60873.64,742,Premium Savings,104896.64,2025-06-28
C106452,Sahil Roul,25,Male,Kolkata,West Bengal,Student,21669.55,809,Savings,60828.01,2020-09-04
C106453,Vivaan Kumar,30,Male,Bengaluru,Karnataka,Salaried,43983.54,683,Current,35788.49,2019-12-26
C106454,Sneha Mehta,21,Male,Bengaluru,Karnataka,Salaried,67001.62,642,Savings,102607.65,2015-10-11
C106455,Ananya Sahu,26,Female,Jaipur,Rajasthan,Retired,35673.31,779,Salary,72154.4,2020-08-18
C106456,Rahul Mishra,24,Female,Jaipur,Rajasthan,Salaried,45057.4,731,Savings,62067.23,2017-01-12
C106457,Isha Dasgupta,46,Female,Kochi,Kerala,Student,68223.84,633,Current,134754.26,2020-03-12
C106458,Kavya Bose,29,Female,Delhi,Delhi,Salaried,57241.53,751,Savings,500.0,2018-01-30
C106459,Isha Bose,37,Male,Kolkata,West Bengal,Salaried,97820.44,824,Savings,111661.89,2022-10-26
C106460,Pooja Jain,32,Other,Jaipur,Rajasthan,Salaried,67921.47,660,Savings,50145.98,2021-05-03
C106461,Ananya Sahu,23,Male,Chennai,Tamil Nadu,Salaried,32512.21,647,Savings,56585.94,2019-05-09
C106462,Aditi Behera,34,Male,Mumbai,Maharashtra,Student,42295.58,707,Savings,24092.17,2023-12-27
C106463,Amit Reddy,42,Female,Delhi,Delhi,Retired,55617.4,749,Savings,60076.46,2025-05-16
C106464,Karan Jain,24,Male,Bhubaneswar,Odisha,Retired,114831.0,700,Savings,184535.96,2021-01-03
C106465,Vivaan Sahu,44,Female,Indore,Madhya Pradesh,Student,42389.22,779,Premium Savings,35281.51,2022-05-01
C106466,Rahul Singh,28,Male,Guwahati,Assam,Student,21208.89,722,Savings,30722.28,2023-02-14
C106467,Nisha Sharma,31,Female,Kochi,Kerala,Business,70080.53,771,Salary,21096.9,2015-07-19
C106468,Aditya Kumar,41,Male,Guwahati,Assam,Business,36297.69,658,Savings,42812.23,2017-11-03
C106469,Karan Dasgupta,29,Male,Lucknow,Uttar Pradesh,Salaried,27123.96,625,Savings,72115.38,2021-07-26
C106470,Sneha Sharma,36,Female,Kochi,Kerala,Salaried,55571.74,683,Salary,86083.88,2016-04-26
C106471,Sahil Rao,33,Female,Chennai,Tamil Nadu,Self-Employed,93916.9,617,Savings,147825.43,2022-10-30
C106472,Nisha Gupta,37,Female,Bhubaneswar,Odisha,Student,40112.94,732,Current,30662.97,2020-10-17
C106473,Pooja Reddy,18,Female,Kochi,Kerala,Business,72272.87,574,Savings,123254.17,2020-07-04
C106474,Nisha Behera,18,Female,Hyderabad,Telangana,Business,80028.73,676,Current,135312.4,2016-12-13
C106475,Aarav Roul,42,Female,Lucknow,Uttar Pradesh,Salaried,85014.45,686,Salary,137322.97,2025-02-12
C106476,Isha Sharma,46,Male,Guwahati,Assam,Business,36766.36,637,Premium Savings,28272.86,2020-01-25
C106477,Karan Mehta,27,Male,Kochi,Kerala,Retired,29687.86,685,Current,56289.78,2018-04-16
C106478,Arjun Gupta,34,Male,Delhi,Delhi,Salaried,31999.46,705,Current,38384.74,2024-07-28
C106479,Isha Panda,39,Female,Kolkata,West Bengal,Student,84976.03,788,Savings,124050.14,2016-10-28
C106480,Priya Mishra,43,Male,Delhi,Delhi,Self-Employed,79392.14,637,Salary,86375.86,2015-06-13
C106481,Riya Das,18,Female,Chandigarh,Chandigarh,Self-Employed,32488.96,728,Premium Savings,51611.69,2018-04-04
C106482,Nisha Nayak,27,Female,Indore,Madhya Pradesh,Student,177733.88,741,Savings,179020.66,2021-09-28
C106483,Ankit Reddy,33,Female,Chandigarh,Chandigarh,Salaried,30427.08,704,Salary,43719.82,2018-09-19
C106484,Nisha Kumar,43,Male,Hyderabad,Telangana,Salaried,95300.82,673,Salary,113465.54,2019-10-14
C106485,Sahil Mohanty,61,Male,Indore,Madhya Pradesh,Self-Employed,126868.25,631,Salary,92176.57,2016-03-25
C106486,Nisha Patel,34,Female,Chandigarh,Chandigarh,Salaried,58422.43,828,Salary,63287.22,2022-09-14
C106487,Ananya Mishra,22,Male,Jaipur,Rajasthan,Self-Employed,36016.78,710,Savings,64639.62,2016-09-26
C106488,Ankit Mohanty,40,Male,Jaipur,Rajasthan,Salaried,36452.14,684,Salary,43295.77,2025-11-11
C106489,Rahul Dasgupta,49,Male,Chandigarh,Chandigarh,Student,47616.7,843,Savings,66534.06,2024-05-22
C106490,Amit Panda,37,Male,Indore,Madhya Pradesh,Salaried,99664.76,719,Salary,117329.62,2015-11-11
C106491,Ananya Reddy,27,Male,Delhi,Delhi,Salaried,28428.77,850,Savings,24868.36,2017-03-26
C106492,Neha Rao,46,Female,Lucknow,Uttar Pradesh,Retired,20005.59,613,Salary,59988.29,2020-05-28
C106493,Karan Patel,43,Male,Delhi,Delhi,Student,67118.75,690,Salary,112967.45,2020-06-14
C106494,Nisha Mehta,26,Female,Kolkata,West Bengal,Business,75733.47,616,Current,42771.71,2017-10-17
C106495,Amit Singh,40,Male,Kolkata,West Bengal,Self-Employed,162343.81,697,Savings,68767.87,2015-01-24
C106496,Sneha Rao,46,Female,Hyderabad,Telangana,Salaried,25714.57,697,Salary,24029.49,2019-05-06
C106497,Aarav Dasgupta,48,Female,Mumbai,Maharashtra,Salaried,51069.61,675,Salary,65072.24,2023-09-13
C106498,Sahil Bose,35,Male,Pune,Maharashtra,Salaried,104203.3,709,Current,98819.08,2023-05-08
C106499,Isha Jain,32,Male,Indore,Madhya Pradesh,Business,58780.34,678,Premium Savings,82394.71,2024-01-18
C106500,Isha Sahu,48,Male,Mumbai,Maharashtra,Salaried,49394.63,698,Savings,51411.68,2022-05-02
C106501,Priya Jain,24,Female,Lucknow,Uttar Pradesh,Business,84926.08,656,Salary,100546.09,2025-02-25
C106502,Rahul Panda,40,Female,Kolkata,West Bengal,Salaried,39554.1,799,Current,45982.75,2016-12-24
C106503,Rohan Verma,22,Female,Chandigarh,Chandigarh,Salaried,87848.1,633,Savings,79943.02,2023-08-31
C106504,Riya Das,47,Male,Kolkata,West Bengal,Self-Employed,27601.59,719,Current,45933.26,2019-03-24
C106505,Rohan Bose,33,Male,Lucknow,Uttar Pradesh,Business,23846.7,627,Salary,61491.42,2015-06-29
C106506,Rohan Dasgupta,49,Male,Mumbai,Maharashtra,Salaried,47316.53,651,Savings,42072.84,2018-05-23
C106507,Aarav Kumar,41,Male,Lucknow,Uttar Pradesh,Salaried,13430.44,658,Salary,36586.71,2017-01-18
C106508,Isha Roul,24,Female,Delhi,Delhi,Salaried,57622.78,696,Savings,89741.95,2017-07-04
C106509,Rahul Mishra,50,Male,Guwahati,Assam,Salaried,21208.98,716,Current,28929.2,2018-10-24
C106510,Ananya Roul,52,Female,Kochi,Kerala,Self-Employed,64242.47,633,Salary,91815.91,2024-09-15
C106511,Vivaan Sahu,45,Female,Chennai,Tamil Nadu,Salaried,60906.25,678,Savings,88837.94,2022-08-29
C106512,Isha Bose,28,Female,Bhubaneswar,Odisha,Salaried,52982.09,641,Current,47956.31,2021-07-18
C106513,Priya Sahu,33,Male,Mumbai,Maharashtra,Student,69920.43,638,Savings,99358.26,2024-06-25
C106514,Riya Nayak,37,Female,Guwahati,Assam,Self-Employed,61537.2,779,Current,38764.48,2020-07-13
C106515,Neha Rao,29,Other,Jaipur,Rajasthan,Salaried,46814.03,615,Savings,37470.34,2017-07-25
C106516,Neha Rao,53,Female,Indore,Madhya Pradesh,Salaried,150563.82,710,Savings,205390.68,2023-01-02
C106517,Isha Sharma,37,Female,Chennai,Tamil Nadu,Salaried,68282.54,815,Savings,72195.5,2019-12-27
C106518,Aditi Jain,18,Female,Lucknow,Uttar Pradesh,Salaried,84089.58,783,Salary,51296.64,2024-01-25
C106519,Sahil Mehta,39,Female,Kolkata,West Bengal,Business,99238.6,733,Savings,191101.03,2022-11-10
C106520,Riya Mishra,33,Male,Kolkata,West Bengal,Self-Employed,79425.17,704,Savings,123081.43,2025-08-19
C106521,Kavya Gupta,35,Female,Delhi,Delhi,Salaried,171038.95,753,Savings,96034.79,2025-03-23
C106522,Sahil Panda,32,Female,Chennai,Tamil Nadu,Self-Employed,60258.1,729,Savings,82078.52,2016-04-20
C106523,Priya Panda,44,Other,Hyderabad,Telangana,Salaried,54789.82,797,Savings,64455.83,2016-02-20
C106524,Kavya Mehta,47,Female,Jaipur,Rajasthan,Salaried,38477.3,696,Savings,62515.66,2016-11-04
C106525,Rahul Reddy,39,Male,Chandigarh,Chandigarh,Business,47769.27,770,Savings,96407.14,2016-07-24
C106526,Amit Verma,33,Female,Pune,Maharashtra,Salaried,36787.56,684,Savings,63120.64,2016-06-24
C106527,Karan Reddy,36,Female,Lucknow,Uttar Pradesh,Salaried,79822.05,828,Savings,105229.31,2023-04-21
C106528,Kavya Mehta,36,Male,Kolkata,West Bengal,Student,33300.06,694,Savings,40668.84,2025-12-23
C106529,Ananya Mehta,28,Male,Bengaluru,Karnataka,Salaried,57278.13,600,Current,94739.04,2025-08-13
C106530,Aditi Das,42,Female,Mumbai,Maharashtra,Salaried,74819.91,710,Salary,74546.45,2021-10-14
C106531,Isha Behera,41,Male,Chennai,Tamil Nadu,Business,59740.57,755,Current,65376.25,2021-04-24
C106532,Kavya Gupta,51,Male,Lucknow,Uttar Pradesh,Business,33601.81,811,Current,56132.15,2015-04-07
C106533,Riya Mohanty,49,Male,Lucknow,Uttar Pradesh,Business,80781.9,640,Savings,113952.28,2019-11-30
C106534,Sahil Reddy,29,Female,Lucknow,Uttar Pradesh,Salaried,52478.12,592,Current,41124.34,2020-07-25
C106535,Aditya Nayak,44,Male,Lucknow,Uttar Pradesh,Salaried,12000.0,737,Salary,3033.66,2019-02-10
C106536,Isha Jain,26,Male,Kochi,Kerala,Salaried,32024.13,735,Current,5243.73,2023-11-28
C106537,Rohan Sahu,43,Female,Hyderabad,Telangana,Self-Employed,118861.14,613,Savings,30416.7,2022-11-02
C106538,Pooja Mehta,31,Female,Mumbai,Maharashtra,Salaried,124425.88,684,Current,234418.58,2019-10-28
C106539,Arjun Kumar,26,Other,Bengaluru,Karnataka,Business,73456.57,686,Current,44585.76,2015-03-26
C106540,Aditi Behera,39,Male,Chennai,Tamil Nadu,Salaried,84653.9,759,Savings,64601.34,2022-12-11
C106541,Kavya Sahu,18,Female,Hyderabad,Telangana,Salaried,35847.42,678,Current,58650.12,2020-11-21
C106542,Sahil Mehta,18,Male,Chandigarh,Chandigarh,Salaried,47667.69,677,Current,95430.65,2025-01-24
C106543,Amit Gupta,34,Female,Indore,Madhya Pradesh,Retired,108503.76,712,Savings,184079.17,2022-10-12
C106544,Aditi Sahu,37,Female,Indore,Madhya Pradesh,Student,69518.06,615,Savings,141342.31,2019-02-17
C106545,Ananya Mehta,32,Male,Indore,Madhya Pradesh,Retired,57000.2,829,Salary,111258.06,2022-02-13
C106546,Aditya Verma,20,Male,Ahmedabad,Gujarat,Salaried,49629.65,766,Current,29651.67,2021-02-04
C106547,Neha Nayak,28,Male,Kochi,Kerala,Salaried,104929.93,659,Savings,92185.61,2016-03-11
C106548,Arjun Behera,40,Female,Bengaluru,Karnataka,Salaried,101946.78,632,Salary,151436.17,2019-09-11
C106549,Sneha Mohanty,42,Male,Hyderabad,Telangana,Business,78622.09,637,Premium Savings,87792.14,2020-04-24
C106550,Isha Behera,36,Female,Jaipur,Rajasthan,Salaried,57041.81,743,Salary,114254.24,2015-05-18
C106551,Neha Mishra,48,Male,Chennai,Tamil Nadu,Salaried,45200.91,639,Savings,11402.97,2018-02-16
C106552,Aarav Patel,40,Male,Pune,Maharashtra,Salaried,80518.8,689,Current,85414.96,2019-11-23
C106553,Nisha Roul,29,Other,Pune,Maharashtra,Salaried,30002.56,595,Current,74803.81,2021-04-01
C106554,Ananya Bose,33,Female,Indore,Madhya Pradesh,Salaried,33626.68,740,Salary,31290.28,2022-11-15
C106555,Rohan Patel,22,Female,Ahmedabad,Gujarat,Salaried,24760.09,743,Current,38018.42,2019-09-26
C106556,Arjun Jain,35,Male,Ahmedabad,Gujarat,Salaried,108495.59,693,Savings,24180.43,2015-10-02
C106557,Karan Patel,47,Male,Hyderabad,Telangana,Salaried,37001.8,718,Salary,33621.71,2015-09-24
C106558,Aditya Mehta,43,Male,Bhubaneswar,Odisha,Self-Employed,68685.46,757,Salary,75967.7,2015-12-24
C106559,Nisha Rao,50,Male,Chandigarh,Chandigarh,Business,51330.06,716,Savings,29116.18,2017-12-12
C106560,Rahul Das,33,Male,Chandigarh,Chandigarh,Salaried,270691.45,756,Savings,151631.41,2024-11-04
C106561,Sahil Singh,49,Female,Mumbai,Maharashtra,Business,70132.14,629,Current,67030.55,2025-08-21
C106562,Rahul Bose,34,Male,Chennai,Tamil Nadu,Salaried,19750.04,730,Savings,45164.5,2022-06-15
C106563,Sahil Dasgupta,51,Male,Bhubaneswar,Odisha,Salaried,104985.56,718,Salary,94357.54,2019-01-04
C106564,Karan Nayak,36,Male,Delhi,Delhi,Self-Employed,44451.56,783,Savings,90788.67,2020-04-28
C106565,Aditi Das,43,Female,Mumbai,Maharashtra,Retired,49245.74,707,Savings,83838.54,2019-07-02
C106566,Kavya Jain,51,Female,Bengaluru,Karnataka,Self-Employed,37994.88,699,Salary,72462.1,2020-09-08
C106567,Neha Dasgupta,34,Male,Mumbai,Maharashtra,Salaried,61247.32,669,Current,95309.89,2025-04-23
C106568,Vivaan Panda,38,Female,Chandigarh,Chandigarh,Self-Employed,60807.64,802,Savings,38696.8,2017-09-23
C106569,Isha Gupta,49,Male,Guwahati,Assam,Salaried,38564.06,552,Current,23705.95,2025-03-02
C106570,Neha Patel,35,Female,Kochi,Kerala,Salaried,41589.75,738,Salary,17885.86,2025-05-28
C106571,Aditya Bose,23,Female,Chandigarh,Chandigarh,Salaried,58150.85,704,Savings,70512.23,2024-10-26
C106572,Vivaan Gupta,57,Female,Chennai,Tamil Nadu,Self-Employed,15162.58,693,Premium Savings,37897.04,2016-07-17
C106573,Aarav Roul,31,Male,Chandigarh,Chandigarh,Salaried,24891.08,684,Savings,33761.55,2016-05-10
C106574,Karan Nayak,38,Female,Jaipur,Rajasthan,Business,137803.51,701,Premium Savings,242998.09,2015-04-09
C106575,Riya Sharma,48,Female,Kochi,Kerala,Self-Employed,65866.81,736,Savings,81594.69,2016-10-25
C106576,Aditya Mehta,30,Other,Hyderabad,Telangana,Salaried,41208.03,653,Current,33407.41,2015-12-20
C106577,Amit Mohanty,26,Other,Chennai,Tamil Nadu,Student,21638.79,714,Savings,500.0,2021-05-25
C106578,Amit Verma,39,Female,Chandigarh,Chandigarh,Self-Employed,53322.55,728,Premium Savings,106305.22,2017-02-04
C106579,Isha Jain,18,Male,Chennai,Tamil Nadu,Salaried,94555.68,643,Savings,96839.44,2022-06-15
C106580,Sneha Rao,33,Female,Indore,Madhya Pradesh,Salaried,234838.15,738,Savings,150087.32,2017-03-15
C106581,Arjun Verma,38,Female,Kochi,Kerala,Self-Employed,155705.16,728,Salary,63513.07,2020-01-02
C106582,Priya Gupta,33,Female,Delhi,Delhi,Salaried,33768.12,653,Savings,52546.24,2022-05-26
C106583,Sahil Sahu,21,Male,Guwahati,Assam,Student,41873.09,628,Salary,36206.74,2021-02-14
C106584,Aarav Verma,52,Male,Jaipur,Rajasthan,Salaried,24483.72,652,Savings,41801.14,2019-03-10
C106585,Amit Panda,37,Male,Kochi,Kerala,Salaried,34619.7,714,Current,45493.88,2021-04-01
C106586,Rahul Jain,50,Male,Bengaluru,Karnataka,Retired,48924.07,700,Salary,17879.07,2017-12-13
C106587,Vivaan Behera,33,Male,Delhi,Delhi,Retired,44943.58,796,Savings,66327.96,2020-05-11
C106588,Neha Rao,27,Female,Hyderabad,Telangana,Salaried,170263.15,681,Salary,51929.49,2015-10-01
C106589,Sahil Jain,39,Male,Bengaluru,Karnataka,Business,26679.27,647,Current,30190.68,2025-11-20
C106590,Rahul Rao,34,Male,Hyderabad,Telangana,Salaried,53652.67,748,Savings,21859.4,2023-11-10
C106591,Rahul Patel,24,Male,Lucknow,Uttar Pradesh,Business,17679.93,641,Savings,40762.16,2022-05-12
C106592,Priya Roul,51,Male,Kolkata,West Bengal,Student,65978.12,654,Savings,88775.89,2017-01-29
C106593,Sneha Nayak,30,Other,Indore,Madhya Pradesh,Salaried,26295.43,654,Current,37447.36,2021-07-12
C106594,Aditi Panda,18,Male,Chandigarh,Chandigarh,Salaried,100864.46,510,Savings,136594.19,2019-08-20
C106595,Aditya Kumar,49,Male,Bengaluru,Karnataka,Salaried,46864.9,742,Savings,47235.1,2016-04-19
C106596,Aditi Singh,31,Female,Pune,Maharashtra,Salaried,25437.94,766,Premium Savings,39316.88,2021-04-11
C106597,Isha Verma,30,Female,Lucknow,Uttar Pradesh,Salaried,17302.43,765,Savings,71368.79,2015-06-12
C106598,Neha Mohanty,18,Male,Bhubaneswar,Odisha,Business,32107.27,828,Salary,11286.53,2017-08-09
C106599,Rahul Bose,53,Female,Bhubaneswar,Odisha,Salaried,62739.59,803,Premium Savings,99432.88,2017-04-09
C106600,Ananya Patel,23,Female,Guwahati,Assam,Self-Employed,69349.97,683,Salary,29202.22,2016-08-26
C106601,Rohan Reddy,37,Female,Chandigarh,Chandigarh,Business,41812.37,777,Savings,76595.71,2018-05-15
C106602,Ananya Mehta,45,Male,Mumbai,Maharashtra,Self-Employed,91516.71,699,Salary,83037.68,2016-06-29
C106603,Karan Dasgupta,40,Other,Mumbai,Maharashtra,Salaried,29449.43,677,Savings,24366.84,2023-05-17
C106604,Amit Sharma,35,Male,Chandigarh,Chandigarh,Salaried,12000.0,656,Savings,38191.36,2022-11-13
C106605,Kavya Mohanty,19,Male,Delhi,Delhi,Self-Employed,64247.17,688,Premium Savings,68117.16,2019-05-20
C106606,Priya Mehta,28,Male,Delhi,Delhi,Salaried,111819.49,726,Savings,80292.45,2015-02-15
C106607,Riya Singh,38,Male,Bhubaneswar,Odisha,Business,112389.07,808,Current,155349.26,2019-03-04
C106608,Aditya Das,28,Female,Chennai,Tamil Nadu,Salaried,26908.39,752,Savings,18577.33,2015-09-03
C106609,Sneha Das,38,Female,Chandigarh,Chandigarh,Business,40762.07,655,Savings,64100.88,2020-09-20
C106610,Neha Gupta,43,Male,Ahmedabad,Gujarat,Self-Employed,81894.69,637,Current,50118.76,2023-11-03
C106611,Karan Behera,46,Male,Ahmedabad,Gujarat,Self-Employed,38955.69,742,Premium Savings,80918.62,2015-02-19
C106612,Ananya Jain,24,Male,Indore,Madhya Pradesh,Salaried,58282.09,764,Savings,63003.85,2016-04-06
C106613,Kavya Bose,58,Female,Bhubaneswar,Odisha,Salaried,37087.92,785,Savings,62534.95,2020-11-18
C106614,Sahil Nayak,44,Female,Ahmedabad,Gujarat,Student,30209.89,688,Savings,2907.09,2022-06-20
C106615,Sneha Sharma,36,Female,Kolkata,West Bengal,Salaried,33593.33,736,Savings,49910.35,2017-12-25
C106616,Pooja Dasgupta,47,Female,Mumbai,Maharashtra,Salaried,93035.58,761,Savings,122695.16,2021-07-26
C106617,Aditi Sharma,60,Female,Kochi,Kerala,Self-Employed,55418.51,617,Savings,71848.52,2020-12-13
C106618,Kavya Mehta,22,Female,Lucknow,Uttar Pradesh,Business,110704.9,723,Current,144158.26,2015-02-06
C106619,Aditya Panda,34,Male,Chandigarh,Chandigarh,Salaried,73227.03,764,Savings,77221.82,2018-05-27
C106620,Nisha Kumar,18,Female,Bengaluru,Karnataka,Self-Employed,133071.83,738,Savings,142044.32,2024-11-15
C106621,Aditi Bose,38,Female,Lucknow,Uttar Pradesh,Self-Employed,86251.78,700,Savings,76846.26,2024-02-06
C106622,Aditya Mohanty,40,Female,Lucknow,Uttar Pradesh,Salaried,83510.36,850,Premium Savings,156564.15,2016-07-15
C106623,Kavya Verma,36,Other,Pune,Maharashtra,Self-Employed,51473.38,830,Savings,81646.6,2018-08-01
C106624,Ananya Reddy,29,Female,Ahmedabad,Gujarat,Business,287837.71,706,Savings,424822.2,2025-04-29
C106625,Rahul Panda,18,Female,Indore,Madhya Pradesh,Retired,58516.99,693,Salary,27183.31,2017-09-25
C106626,Sahil Nayak,40,Female,Guwahati,Assam,Salaried,18577.48,751,Savings,42470.06,2024-08-25
C106627,Arjun Nayak,51,Male,Delhi,Delhi,Business,63736.13,701,Salary,81619.59,2020-05-21
C106628,Aditi Das,30,Male,Mumbai,Maharashtra,Salaried,32042.8,788,Savings,41647.42,2023-12-26
C106629,Priya Roul,40,Female,Guwahati,Assam,Salaried,96225.56,623,Savings,50501.92,2017-05-24
C106630,Arjun Sahu,20,Male,Jaipur,Rajasthan,Self-Employed,81984.68,689,Savings,132054.93,2017-02-11
C106631,Sahil Behera,41,Female,Kolkata,West Bengal,Salaried,49501.39,750,Current,74976.82,2022-06-12
C106632,Riya Das,32,Female,Indore,Madhya Pradesh,Salaried,33750.39,770,Savings,43287.96,2020-04-28
C106633,Isha Mishra,28,Female,Ahmedabad,Gujarat,Salaried,59612.62,609,Savings,26614.26,2020-05-13
C106634,Isha Mehta,28,Other,Bengaluru,Karnataka,Salaried,38654.17,643,Current,57533.38,2020-05-14
C106635,Nisha Rao,32,Male,Indore,Madhya Pradesh,Self-Employed,84827.97,596,Savings,112073.45,2017-05-27
C106636,Sahil Mohanty,40,Female,Jaipur,Rajasthan,Salaried,74674.74,648,Current,125786.15,2016-02-10
C106637,Pooja Sahu,23,Female,Indore,Madhya Pradesh,Self-Employed,276473.45,622,Salary,298369.64,2016-12-07
C106638,Ananya Jain,32,Male,Chennai,Tamil Nadu,Salaried,43056.8,740,Salary,68234.3,2019-05-08
C106639,Priya Panda,36,Male,Lucknow,Uttar Pradesh,Self-Employed,46546.37,720,Savings,46651.3,2021-03-15
C106640,Vivaan Rao,25,Female,Kochi,Kerala,Student,50511.78,695,Savings,55620.8,2022-02-07
C106641,Aarav Verma,54,Female,Indore,Madhya Pradesh,Salaried,51743.1,707,Salary,48148.9,2022-01-12
C106642,Priya Nayak,27,Female,Ahmedabad,Gujarat,Self-Employed,96759.31,783,Salary,55283.85,2021-01-26
C106643,Aditi Gupta,29,Female,Hyderabad,Telangana,Self-Employed,47244.82,637,Current,32595.76,2024-08-18
C106644,Karan Nayak,26,Male,Bengaluru,Karnataka,Self-Employed,162738.26,580,Current,283922.29,2024-01-06
C106645,Amit Sahu,54,Male,Jaipur,Rajasthan,Salaried,75761.06,751,Current,41448.92,2015-10-18
C106646,Riya Rao,42,Male,Chennai,Tamil Nadu,Self-Employed,42105.5,680,Current,69484.96,2016-08-21
C106647,Kavya Kumar,27,Female,Bengaluru,Karnataka,Salaried,36585.36,639,Premium Savings,46893.1,2022-06-25
C106648,Priya Sahu,47,Male,Mumbai,Maharashtra,Salaried,97496.15,741,Savings,79998.06,2016-06-04
C106649,Nisha Das,38,Other,Indore,Madhya Pradesh,Self-Employed,55869.54,577,Savings,6422.88,2024-08-14
C106650,Rahul Sharma,39,Other,Pune,Maharashtra,Salaried,55274.75,649,Premium Savings,28851.27,2020-09-19
C106651,Nisha Gupta,33,Other,Pune,Maharashtra,Self-Employed,39573.87,550,Savings,18043.27,2016-08-18
C106652,Aditi Patel,29,Male,Delhi,Delhi,Self-Employed,53172.33,722,Current,31925.18,2024-08-28
C106653,Kavya Jain,39,Female,Indore,Madhya Pradesh,Business,38702.65,807,Salary,53927.98,2023-07-13
C106654,Amit Nayak,31,Male,Guwahati,Assam,Salaried,116311.8,668,Salary,46389.42,2015-10-06
C106655,Arjun Verma,54,Male,Mumbai,Maharashtra,Retired,81590.78,654,Current,154062.13,2020-05-10
C106656,Karan Verma,23,Male,Guwahati,Assam,Self-Employed,49959.38,821,Savings,67404.57,2020-10-03
C106657,Nisha Mohanty,51,Female,Delhi,Delhi,Salaried,49557.11,746,Current,81923.98,2015-10-25
C106658,Pooja Kumar,35,Male,Kochi,Kerala,Salaried,57860.15,850,Salary,20622.84,2021-05-07
C106659,Vivaan Patel,39,Female,Chennai,Tamil Nadu,Self-Employed,54832.66,715,Salary,13953.26,2016-11-05
C106660,Arjun Kumar,44,Male,Kochi,Kerala,Student,32492.79,720,Savings,73994.44,2017-10-08
C106661,Priya Gupta,30,Male,Jaipur,Rajasthan,Self-Employed,19334.82,799,Savings,27363.4,2022-01-11
C106662,Pooja Mohanty,45,Male,Mumbai,Maharashtra,Business,35466.83,695,Savings,45283.54,2023-06-13
C106663,Amit Nayak,18,Female,Bhubaneswar,Odisha,Salaried,51246.56,721,Current,34303.17,2019-08-21
C106664,Aditi Gupta,29,Female,Kolkata,West Bengal,Salaried,36654.09,548,Savings,16543.88,2024-06-01
C106665,Amit Reddy,27,Female,Guwahati,Assam,Salaried,86312.04,818,Savings,175393.44,2022-01-06
C106666,Sahil Dasgupta,23,Female,Chennai,Tamil Nadu,Business,48487.16,730,Savings,68463.73,2019-01-21
C106667,Kavya Singh,34,Female,Lucknow,Uttar Pradesh,Salaried,154130.35,698,Salary,256057.71,2025-07-07
C106668,Rohan Verma,40,Male,Mumbai,Maharashtra,Salaried,40387.14,764,Savings,35345.65,2017-07-12
C106669,Ananya Mohanty,43,Female,Jaipur,Rajasthan,Salaried,59425.74,628,Savings,7414.47,2024-04-14
C106670,Isha Mehta,38,Female,Guwahati,Assam,Student,46920.71,669,Current,63921.82,2017-12-11
C106671,Sneha Gupta,29,Male,Bhubaneswar,Odisha,Business,70050.13,741,Savings,153269.67,2019-07-23
C106672,Arjun Mishra,40,Female,Bhubaneswar,Odisha,Salaried,98839.4,708,Savings,187348.89,2015-09-02
C106673,Priya Gupta,37,Female,Chandigarh,Chandigarh,Student,76852.48,734,Salary,42502.0,2023-06-09
C106674,Kavya Nayak,45,Female,Bhubaneswar,Odisha,Salaried,18000.42,721,Salary,34698.69,2019-11-04
C106675,Arjun Jain,44,Female,Ahmedabad,Gujarat,Salaried,72403.68,746,Salary,65583.57,2015-06-25
C106676,Riya Mehta,36,Male,Kolkata,West Bengal,Salaried,31542.95,619,Savings,59714.16,2024-10-06
C106677,Ananya Mohanty,27,Female,Kochi,Kerala,Salaried,46384.26,788,Savings,58800.25,2018-08-05
C106678,Karan Behera,29,Male,Guwahati,Assam,Salaried,80355.8,674,Salary,56316.19,2023-10-03
C106679,Priya Singh,31,Female,Jaipur,Rajasthan,Business,29709.44,709,Savings,64594.79,2019-06-05
C106680,Amit Singh,33,Female,Kolkata,West Bengal,Self-Employed,103866.31,666,Salary,92211.66,2015-04-24
C106681,Riya Verma,39,Other,Kolkata,West Bengal,Self-Employed,45284.78,686,Salary,30717.56,2017-02-27
C106682,Ananya Verma,43,Male,Bengaluru,Karnataka,Business,181516.9,720,Savings,201254.84,2022-07-14
C106683,Riya Sharma,35,Male,Pune,Maharashtra,Business,57117.24,753,Savings,29864.57,2023-02-23
C106684,Nisha Verma,36,Male,Kolkata,West Bengal,Salaried,140509.02,764,Savings,171157.01,2025-06-09
C106685,Kavya Behera,37,Male,Hyderabad,Telangana,Self-Employed,106277.84,733,Savings,123597.01,2019-03-11
C106686,Ankit Rao,31,Female,Lucknow,Uttar Pradesh,Self-Employed,39300.03,666,Salary,33841.34,2019-05-20
C106687,Ananya Bose,27,Female,Delhi,Delhi,Retired,26880.56,729,Savings,72087.94,2020-01-17
C106688,Arjun Sahu,18,Female,Bhubaneswar,Odisha,Salaried,58546.91,721,Savings,49491.19,2021-10-19
C106689,Sneha Patel,29,Female,Jaipur,Rajasthan,Salaried,39920.08,709,Salary,42580.43,2024-05-18
C106690,Rahul Bose,41,Male,Bhubaneswar,Odisha,Self-Employed,131128.6,740,Savings,146450.91,2024-09-20
C106691,Sahil Kumar,29,Male,Chennai,Tamil Nadu,Business,48017.27,622,Salary,7725.14,2017-07-09
C106692,Karan Sahu,34,Male,Kolkata,West Bengal,Salaried,46623.79,573,Savings,65180.02,2023-05-25
C106693,Rohan Mishra,41,Female,Chandigarh,Chandigarh,Self-Employed,25523.23,782,Salary,41521.93,2025-03-06
C106694,Karan Nayak,41,Female,Bhubaneswar,Odisha,Salaried,69262.42,696,Savings,137407.56,2016-06-05
C106695,Pooja Sharma,25,Female,Delhi,Delhi,Retired,28832.72,732,Savings,42439.35,2020-05-17
C106696,Ankit Sharma,46,Male,Mumbai,Maharashtra,Salaried,70152.64,649,Savings,76144.04,2021-11-23
C106697,Pooja Kumar,47,Male,Chandigarh,Chandigarh,Salaried,75670.14,787,Savings,125301.99,2025-08-24
C106698,Sahil Jain,25,Female,Guwahati,Assam,Salaried,36416.13,728,Savings,39272.65,2023-11-12
C106699,Nisha Mohanty,28,Male,Bhubaneswar,Odisha,Salaried,93079.33,693,Savings,102403.02,2020-09-18
C106700,Arjun Gupta,48,Female,Chennai,Tamil Nadu,Salaried,47283.04,724,Salary,49034.15,2024-12-19
C106701,Kavya Panda,35,Male,Bengaluru,Karnataka,Business,24487.17,592,Salary,38148.56,2019-07-24
C106702,Kavya Mishra,18,Male,Mumbai,Maharashtra,Student,128668.74,729,Salary,54091.03,2022-03-31
C106703,Ankit Kumar,22,Female,Bengaluru,Karnataka,Salaried,33096.4,802,Salary,25859.44,2024-10-11
C106704,Riya Verma,34,Male,Mumbai,Maharashtra,Self-Employed,72691.32,725,Savings,49717.0,2023-06-22
C106705,Priya Panda,24,Female,Kolkata,West Bengal,Salaried,69513.44,717,Savings,82089.81,2022-02-15
C106706,Priya Patel,32,Female,Mumbai,Maharashtra,Salaried,68127.76,684,Savings,59620.32,2016-10-06
C106707,Isha Roul,36,Female,Jaipur,Rajasthan,Salaried,67481.75,775,Savings,66627.13,2017-09-15
C106708,Kavya Nayak,51,Female,Ahmedabad,Gujarat,Salaried,32256.84,785,Salary,52019.01,2021-09-19
C106709,Ananya Jain,33,Female,Hyderabad,Telangana,Self-Employed,139431.78,677,Salary,198479.69,2020-11-05
C106710,Vivaan Kumar,47,Male,Hyderabad,Telangana,Salaried,93062.4,728,Salary,186956.39,2018-03-24
C106711,Pooja Sharma,50,Female,Mumbai,Maharashtra,Student,71422.6,720,Salary,91050.46,2020-07-29
C106712,Karan Behera,50,Female,Bhubaneswar,Odisha,Business,26421.98,731,Current,37782.93,2023-09-02
C106713,Sneha Kumar,39,Male,Mumbai,Maharashtra,Business,32112.03,655,Premium Savings,47597.23,2015-11-04
C106714,Aarav Reddy,18,Female,Jaipur,Rajasthan,Student,78959.44,779,Savings,107352.98,2019-11-08
C106715,Pooja Verma,41,Female,Delhi,Delhi,Retired,18270.85,742,Salary,26140.59,2021-09-22
C106716,Aditi Sharma,46,Female,Delhi,Delhi,Self-Employed,66262.25,783,Savings,61076.61,2015-05-07
C106717,Vivaan Kumar,35,Female,Pune,Maharashtra,Self-Employed,26448.14,633,Savings,28796.01,2019-09-06
C106718,Pooja Patel,53,Male,Mumbai,Maharashtra,Salaried,34121.09,636,Current,45502.41,2015-09-29
C106719,Sneha Mohanty,45,Male,Chandigarh,Chandigarh,Business,25311.18,839,Savings,64362.02,2021-04-19
C106720,Nisha Gupta,42,Male,Chennai,Tamil Nadu,Self-Employed,62972.1,780,Savings,59602.02,2015-12-14
C106721,Nisha Patel,47,Male,Ahmedabad,Gujarat,Student,101629.31,652,Savings,153538.75,2022-11-25
C106722,Kavya Dasgupta,39,Female,Kolkata,West Bengal,Salaried,66602.55,761,Salary,105605.19,2024-12-31
C106723,Neha Behera,18,Female,Lucknow,Uttar Pradesh,Salaried,70749.21,675,Premium Savings,47026.99,2023-09-18
C106724,Rohan Bose,31,Male,Jaipur,Rajasthan,Salaried,60322.83,595,Savings,84583.88,2016-08-19
C106725,Priya Mehta,48,Female,Hyderabad,Telangana,Business,80063.06,568,Premium Savings,132455.02,2023-09-01
C106726,Arjun Jain,28,Other,Indore,Madhya Pradesh,Salaried,71110.16,704,Salary,153736.23,2022-03-12
C106727,Rahul Kumar,34,Female,Chandigarh,Chandigarh,Salaried,12354.61,806,Savings,36383.14,2015-06-13
C106728,Ananya Panda,26,Female,Delhi,Delhi,Salaried,90540.92,804,Current,24727.62,2019-02-22
C106729,Amit Dasgupta,54,Female,Delhi,Delhi,Salaried,85453.02,787,Premium Savings,87405.92,2018-02-10
C106730,Nisha Sahu,53,Male,Kochi,Kerala,Salaried,45062.98,759,Salary,14420.56,2019-05-30
C106731,Pooja Jain,27,Male,Jaipur,Rajasthan,Self-Employed,18569.48,726,Savings,50538.81,2018-02-24
C106732,Amit Verma,37,Female,Chandigarh,Chandigarh,Salaried,62846.42,780,Savings,134930.04,2020-03-17
C106733,Karan Sahu,29,Male,Mumbai,Maharashtra,Self-Employed,65824.8,574,Salary,78745.46,2022-04-17
C106734,Kavya Mishra,42,Female,Ahmedabad,Gujarat,Retired,43166.61,769,Current,81997.28,2024-01-18
C106735,Ananya Verma,41,Female,Bengaluru,Karnataka,Retired,60947.82,632,Savings,46145.81,2025-04-14
C106736,Isha Behera,44,Female,Mumbai,Maharashtra,Self-Employed,99170.97,646,Savings,166794.32,2018-10-30
C106737,Neha Patel,39,Male,Delhi,Delhi,Self-Employed,205607.73,750,Current,277750.13,2018-05-28
C106738,Kavya Patel,65,Male,Bhubaneswar,Odisha,Salaried,59628.29,765,Savings,49722.35,2024-05-18
C106739,Pooja Singh,26,Male,Lucknow,Uttar Pradesh,Retired,66087.9,665,Salary,80810.5,2021-01-01
C106740,Rahul Dasgupta,19,Male,Chandigarh,Chandigarh,Salaried,34961.56,747,Salary,45339.75,2021-10-15
C106741,Riya Roul,32,Male,Indore,Madhya Pradesh,Salaried,41744.49,742,Savings,57813.35,2018-09-01
C106742,Sahil Reddy,20,Female,Jaipur,Rajasthan,Salaried,51034.9,685,Savings,38869.38,2025-04-23
C106743,Karan Mishra,21,Male,Bhubaneswar,Odisha,Salaried,105117.43,715,Premium Savings,56381.65,2018-06-16
C106744,Ananya Kumar,26,Male,Jaipur,Rajasthan,Salaried,86293.99,840,Salary,166392.84,2024-08-04
C106745,Karan Behera,27,Male,Indore,Madhya Pradesh,Business,158932.17,687,Salary,178038.05,2025-08-21
C106746,Aarav Reddy,26,Female,Pune,Maharashtra,Self-Employed,24232.84,689,Savings,59165.45,2020-04-08
C106747,Sahil Roul,41,Male,Lucknow,Uttar Pradesh,Self-Employed,26556.62,715,Savings,7566.08,2020-09-25
C106748,Vivaan Behera,31,Male,Lucknow,Uttar Pradesh,Salaried,100834.32,693,Current,51618.05,2020-06-20
C106749,Pooja Nayak,34,Female,Pune,Maharashtra,Business,122022.61,756,Salary,250758.08,2019-05-01
C106750,Rohan Rao,45,Male,Chennai,Tamil Nadu,Salaried,56011.31,801,Savings,83820.88,2023-06-30
C106751,Ankit Behera,28,Female,Mumbai,Maharashtra,Salaried,12000.0,689,Savings,31596.53,2024-10-08
C106752,Amit Sahu,33,Female,Bengaluru,Karnataka,Self-Employed,36539.44,649,Savings,50238.42,2024-05-31
C106753,Sneha Mishra,40,Female,Mumbai,Maharashtra,Student,66145.36,833,Savings,23136.17,2022-09-20
C106754,Priya Rao,18,Female,Bengaluru,Karnataka,Salaried,33537.23,713,Premium Savings,53558.28,2021-08-11
C106755,Nisha Sahu,18,Male,Indore,Madhya Pradesh,Self-Employed,60895.09,594,Savings,59147.15,2022-10-18
C106756,Pooja Reddy,39,Male,Guwahati,Assam,Self-Employed,156262.72,826,Savings,79208.54,2021-04-13
C106757,Sahil Bose,41,Male,Hyderabad,Telangana,Student,120506.81,778,Salary,211296.87,2025-05-10
C106758,Aarav Roul,57,Male,Jaipur,Rajasthan,Salaried,85817.58,809,Current,70087.08,2022-08-26
C106759,Aarav Patel,38,Male,Jaipur,Rajasthan,Salaried,53084.56,798,Current,79583.9,2021-10-14
C106760,Pooja Mishra,44,Male,Kolkata,West Bengal,Salaried,41899.16,850,Salary,51407.95,2021-09-20
C106761,Ananya Sahu,34,Female,Jaipur,Rajasthan,Salaried,83437.38,638,Savings,80066.75,2022-05-31
C106762,Ananya Dasgupta,39,Female,Kochi,Kerala,Salaried,55773.58,653,Premium Savings,40339.89,2023-10-24
C106763,Rahul Jain,53,Male,Delhi,Delhi,Retired,56836.04,673,Savings,94489.87,2021-06-09
C106764,Aarav Bose,18,Male,Chennai,Tamil Nadu,Salaried,23433.45,671,Savings,16087.14,2016-07-16
C106765,Rohan Mehta,40,Male,Kolkata,West Bengal,Student,37126.89,713,Savings,25880.16,2020-04-06
C106766,Rohan Sahu,57,Male,Bhubaneswar,Odisha,Salaried,83167.48,673,Salary,155968.76,2018-10-12
C106767,Amit Rao,39,Female,Bengaluru,Karnataka,Student,30016.48,628,Savings,95235.31,2016-01-08
C106768,Nisha Gupta,53,Male,Delhi,Delhi,Self-Employed,63654.63,648,Savings,117416.96,2022-10-03
C106769,Aditya Singh,30,Male,Delhi,Delhi,Salaried,69007.15,686,Savings,84106.73,2020-06-28
C106770,Isha Bose,36,Female,Lucknow,Uttar Pradesh,Self-Employed,71259.03,779,Savings,49288.36,2025-12-08
C106771,Sneha Sahu,36,Female,Indore,Madhya Pradesh,Salaried,74849.43,668,Savings,140322.33,2018-11-03
C106772,Nisha Kumar,18,Female,Bhubaneswar,Odisha,Salaried,77678.81,758,Savings,112063.12,2020-12-22
C106773,Aditya Singh,24,Female,Guwahati,Assam,Salaried,39026.74,619,Savings,42035.26,2020-10-18
C106774,Rahul Roul,25,Male,Ahmedabad,Gujarat,Salaried,24535.55,497,Savings,32996.07,2021-11-29
C106775,Rohan Reddy,44,Male,Hyderabad,Telangana,Business,34017.96,696,Savings,47161.2,2022-01-30
C106776,Sahil Das,45,Male,Ahmedabad,Gujarat,Business,82169.96,665,Salary,48530.07,2015-09-15
C106777,Priya Das,39,Male,Guwahati,Assam,Salaried,28413.59,648,Savings,50601.46,2017-10-27
C106778,Sneha Reddy,44,Female,Bengaluru,Karnataka,Student,31031.33,640,Savings,23575.0,2022-01-20
C106779,Arjun Panda,34,Female,Bengaluru,Karnataka,Student,30937.03,659,Salary,73867.35,2018-01-03
C106780,Kavya Dasgupta,48,Male,Jaipur,Rajasthan,Salaried,19926.43,641,Premium Savings,14953.81,2025-06-23
C106781,Nisha Singh,36,Male,Lucknow,Uttar Pradesh,Salaried,29267.59,647,Current,39283.4,2018-01-16
C106782,Priya Behera,37,Male,Indore,Madhya Pradesh,Salaried,95349.73,617,Savings,163579.13,2024-10-22
C106783,Ankit Jain,33,Female,Guwahati,Assam,Self-Employed,37081.29,567,Current,84968.49,2018-03-29
C106784,Priya Mohanty,43,Male,Kochi,Kerala,Salaried,21018.8,561,Savings,26192.87,2021-08-31
C106785,Sahil Gupta,32,Male,Ahmedabad,Gujarat,Salaried,41509.78,850,Savings,6263.58,2020-10-04
C106786,Sneha Verma,46,Female,Ahmedabad,Gujarat,Business,72830.45,701,Savings,43232.96,2017-07-22
C106787,Karan Das,25,Male,Chennai,Tamil Nadu,Self-Employed,20093.74,804,Premium Savings,500.0,2018-07-06
C106788,Ananya Mehta,25,Male,Bhubaneswar,Odisha,Salaried,92912.1,693,Current,149213.68,2025-05-24
C106789,Sahil Nayak,43,Male,Bhubaneswar,Odisha,Student,24898.16,696,Savings,20944.34,2025-02-27
C106790,Aditya Kumar,35,Male,Ahmedabad,Gujarat,Business,44248.31,725,Premium Savings,76444.51,2018-08-20
C106791,Isha Kumar,31,Male,Jaipur,Rajasthan,Salaried,43938.34,747,Savings,43939.89,2025-03-04
C106792,Riya Mehta,45,Male,Lucknow,Uttar Pradesh,Business,40388.34,624,Savings,65370.87,2017-09-07
C106793,Aditya Roul,30,Female,Guwahati,Assam,Salaried,53074.27,680,Current,112473.98,2021-05-07
C106794,Sneha Mohanty,34,Female,Bhubaneswar,Odisha,Salaried,84397.8,725,Current,157950.46,2017-02-22
C106795,Karan Bose,50,Female,Lucknow,Uttar Pradesh,Salaried,53779.5,579,Savings,41396.12,2018-11-28
C106796,Aarav Mehta,51,Female,Bhubaneswar,Odisha,Salaried,39417.61,789,Savings,3459.94,2025-11-26
C106797,Rahul Patel,52,Male,Kolkata,West Bengal,Salaried,70730.36,774,Savings,148239.68,2018-06-08
C106798,Karan Dasgupta,33,Female,Chennai,Tamil Nadu,Salaried,61641.06,568,Salary,78527.92,2017-02-24
C106799,Riya Kumar,48,Male,Bengaluru,Karnataka,Self-Employed,38057.81,648,Savings,72225.13,2024-04-05
C106800,Nisha Roul,27,Male,Chandigarh,Chandigarh,Business,56294.62,712,Salary,95946.0,2018-10-04
C106801,Pooja Sahu,27,Male,Kolkata,West Bengal,Salaried,36362.75,760,Savings,12742.72,2020-10-21
C106802,Isha Nayak,18,Male,Bhubaneswar,Odisha,Salaried,34164.15,804,Savings,51859.72,2022-08-01
C106803,Arjun Dasgupta,53,Female,Bhubaneswar,Odisha,Business,85671.81,664,Savings,51440.23,2019-08-13
C106804,Sahil Rao,27,Male,Indore,Madhya Pradesh,Salaried,70327.33,850,Premium Savings,144351.29,2018-02-14
C106805,Aditya Gupta,35,Male,Pune,Maharashtra,Salaried,84018.92,702,Current,121678.7,2017-12-16
C106806,Sneha Singh,27,Male,Lucknow,Uttar Pradesh,Self-Employed,77995.71,690,Salary,95570.99,2021-09-14
C106807,Rohan Sharma,43,Male,Bengaluru,Karnataka,Business,33762.9,742,Current,66799.31,2019-10-03
C106808,Aditya Gupta,32,Male,Chennai,Tamil Nadu,Business,95396.15,725,Premium Savings,78644.5,2022-07-06
C106809,Isha Mishra,23,Male,Delhi,Delhi,Business,46695.57,722,Savings,8553.45,2022-05-23
C106810,Karan Mishra,40,Male,Pune,Maharashtra,Salaried,91689.05,835,Current,45698.13,2017-02-10
C106811,Priya Gupta,22,Female,Hyderabad,Telangana,Business,51342.51,721,Salary,53277.83,2023-08-14
C106812,Vivaan Kumar,28,Male,Hyderabad,Telangana,Salaried,65337.94,641,Current,75676.62,2021-11-16
C106813,Arjun Das,18,Male,Chandigarh,Chandigarh,Salaried,66427.33,650,Salary,106060.99,2024-12-26
C106814,Pooja Das,22,Female,Pune,Maharashtra,Self-Employed,86021.17,801,Current,69336.25,2023-10-29
C106815,Riya Roul,38,Other,Jaipur,Rajasthan,Business,22383.7,749,Salary,67982.54,2016-07-24
C106816,Sneha Sharma,18,Male,Guwahati,Assam,Salaried,23111.13,604,Savings,21293.66,2023-12-30
C106817,Karan Sharma,21,Male,Jaipur,Rajasthan,Salaried,79580.9,601,Savings,34252.37,2023-08-20
C106818,Isha Rao,36,Female,Mumbai,Maharashtra,Business,66908.94,707,Savings,82052.99,2022-09-20
C106819,Sneha Nayak,31,Male,Chennai,Tamil Nadu,Student,35899.71,745,Salary,90338.92,2018-04-23
C106820,Pooja Rao,56,Female,Lucknow,Uttar Pradesh,Self-Employed,67202.01,661,Savings,69249.78,2017-02-17
C106821,Vivaan Panda,54,Male,Indore,Madhya Pradesh,Salaried,25354.47,596,Current,66331.33,2022-09-15
C106822,Aarav Sahu,27,Female,Guwahati,Assam,Student,331190.06,632,Savings,186400.77,2022-09-10
C106823,Kavya Sahu,42,Other,Lucknow,Uttar Pradesh,Business,113148.09,812,Salary,172950.93,2019-01-20
C106824,Arjun Dasgupta,43,Female,Kochi,Kerala,Self-Employed,77447.45,737,Savings,71505.15,2022-12-28
C106825,Amit Mohanty,30,Male,Kochi,Kerala,Salaried,57336.07,770,Current,100377.14,2021-02-01
C106826,Sneha Singh,21,Male,Kochi,Kerala,Salaried,39135.61,781,Current,102149.44,2021-03-14
C106827,Aditi Verma,36,Male,Guwahati,Assam,Salaried,26755.25,664,Savings,51687.13,2018-08-08
C106828,Aarav Rao,34,Female,Jaipur,Rajasthan,Salaried,51662.43,681,Salary,69243.97,2017-04-17
C106829,Neha Rao,32,Female,Chennai,Tamil Nadu,Salaried,34276.67,694,Savings,19349.2,2023-12-13
C106830,Aditya Sahu,40,Male,Kochi,Kerala,Self-Employed,35393.92,732,Salary,28371.23,2020-03-10
C106831,Rohan Kumar,28,Female,Lucknow,Uttar Pradesh,Salaried,25232.1,776,Savings,53790.69,2021-07-10
C106832,Kavya Singh,24,Male,Mumbai,Maharashtra,Business,63095.4,827,Salary,64387.1,2020-10-31
C106833,Vivaan Nayak,37,Male,Delhi,Delhi,Salaried,44700.59,758,Savings,65499.29,2016-12-11
C106834,Riya Bose,40,Female,Jaipur,Rajasthan,Self-Employed,73819.47,758,Savings,115483.98,2016-04-25
C106835,Isha Jain,24,Male,Mumbai,Maharashtra,Business,70720.64,830,Savings,39298.69,2023-02-15
C106836,Riya Patel,45,Male,Kolkata,West Bengal,Self-Employed,62398.34,692,Salary,62371.63,2023-02-08
C106837,Ankit Kumar,18,Male,Indore,Madhya Pradesh,Salaried,237466.21,782,Salary,181262.91,2024-10-28
C106838,Isha Jain,30,Female,Chennai,Tamil Nadu,Salaried,86519.62,743,Savings,168232.69,2018-04-08
C106839,Nisha Mishra,33,Female,Hyderabad,Telangana,Student,27495.49,745,Premium Savings,40377.97,2022-02-28
C106840,Vivaan Mishra,30,Female,Bengaluru,Karnataka,Retired,70784.37,691,Savings,94637.86,2017-10-08
C106841,Rohan Jain,30,Female,Bengaluru,Karnataka,Self-Employed,53389.97,614,Savings,64881.26,2017-04-22
C106842,Ankit Mehta,55,Female,Chandigarh,Chandigarh,Business,26297.96,727,Savings,69478.97,2021-09-15
C106843,Sneha Gupta,27,Male,Pune,Maharashtra,Salaried,25164.52,728,Savings,29924.69,2023-11-10
C106844,Aditi Sahu,60,Other,Delhi,Delhi,Student,70569.27,668,Savings,90508.89,2022-02-07
C106845,Pooja Nayak,40,Female,Guwahati,Assam,Retired,80719.83,699,Savings,37475.73,2024-04-24
C106846,Arjun Panda,37,Female,Chandigarh,Chandigarh,Self-Employed,30935.11,648,Savings,73135.67,2018-10-13
C106847,Aditi Reddy,41,Female,Bengaluru,Karnataka,Business,93777.51,648,Salary,79844.71,2017-01-19
C106848,Sneha Patel,61,Female,Bengaluru,Karnataka,Self-Employed,64330.64,674,Savings,65747.56,2024-12-13
C106849,Priya Mishra,26,Male,Kolkata,West Bengal,Salaried,106171.5,619,Savings,98016.69,2022-04-06
C106850,Aditi Sharma,25,Male,Jaipur,Rajasthan,Student,100145.53,667,Savings,155441.05,2024-01-30
C106851,Sneha Gupta,28,Female,Mumbai,Maharashtra,Self-Employed,50410.17,751,Savings,114605.21,2020-07-28
C106852,Nisha Patel,36,Female,Hyderabad,Telangana,Self-Employed,135221.35,800,Savings,64107.53,2019-03-16
C106853,Nisha Rao,19,Female,Hyderabad,Telangana,Self-Employed,29638.36,840,Current,44692.56,2017-10-03
C106854,Aarav Mishra,36,Male,Pune,Maharashtra,Student,204792.07,679,Current,167138.06,2019-05-24
C106855,Ankit Singh,53,Male,Pune,Maharashtra,Business,33919.87,783,Savings,29336.67,2020-06-06
C106856,Priya Kumar,38,Female,Bengaluru,Karnataka,Salaried,53566.92,727,Savings,35859.98,2023-01-16
C106857,Aditi Mohanty,33,Female,Chandigarh,Chandigarh,Salaried,40260.85,690,Current,66323.71,2018-01-13
C106858,Vivaan Kumar,30,Female,Chennai,Tamil Nadu,Retired,44705.57,731,Salary,45659.73,2025-06-16
C106859,Riya Reddy,45,Male,Delhi,Delhi,Self-Employed,274592.37,777,Savings,233330.91,2021-05-16
C106860,Ananya Dasgupta,28,Female,Lucknow,Uttar Pradesh,Student,42641.88,673,Savings,83374.01,2020-02-24
C106861,Nisha Kumar,54,Female,Bhubaneswar,Odisha,Business,87833.48,671,Salary,152900.58,2021-01-10
C106862,Karan Jain,55,Female,Lucknow,Uttar Pradesh,Business,48320.77,678,Savings,29898.81,2018-10-30
C106863,Riya Singh,39,Male,Lucknow,Uttar Pradesh,Salaried,92059.57,664,Salary,61637.76,2016-08-22
C106864,Nisha Jain,36,Male,Chandigarh,Chandigarh,Salaried,40774.03,783,Savings,81446.22,2017-11-09
C106865,Pooja Sharma,46,Female,Kolkata,West Bengal,Self-Employed,63320.29,655,Salary,39039.23,2021-10-18
C106866,Pooja Gupta,47,Male,Kolkata,West Bengal,Salaried,77720.36,667,Savings,88757.82,2015-10-23
C106867,Rohan Kumar,28,Female,Guwahati,Assam,Business,36978.51,725,Current,36223.12,2017-10-31
C106868,Priya Mishra,31,Male,Mumbai,Maharashtra,Business,250656.24,720,Savings,184765.83,2016-05-24
C106869,Aditya Behera,23,Female,Mumbai,Maharashtra,Salaried,79985.93,678,Savings,59262.27,2025-11-02
C106870,Amit Jain,40,Male,Jaipur,Rajasthan,Business,48572.09,814,Current,48588.08,2019-03-23
C106871,Rahul Mehta,43,Male,Kochi,Kerala,Self-Employed,37481.75,664,Savings,17532.48,2024-02-13
C106872,Rohan Jain,23,Female,Indore,Madhya Pradesh,Salaried,57845.8,694,Savings,113823.78,2021-03-05
C106873,Aarav Singh,31,Female,Guwahati,Assam,Salaried,28177.8,580,Current,53401.49,2019-05-30
C106874,Rohan Kumar,23,Male,Bengaluru,Karnataka,Student,146583.55,685,Savings,75090.93,2015-01-14
C106875,Neha Panda,27,Male,Mumbai,Maharashtra,Salaried,69722.48,619,Current,46632.5,2015-09-30
C106876,Aarav Dasgupta,42,Other,Jaipur,Rajasthan,Salaried,52401.8,645,Savings,59786.71,2017-02-12
C106877,Isha Mohanty,29,Male,Chandigarh,Chandigarh,Salaried,97770.32,578,Salary,87189.75,2024-02-08
C106878,Ananya Gupta,33,Female,Chandigarh,Chandigarh,Salaried,36984.54,647,Current,12397.93,2025-06-23
C106879,Isha Sharma,20,Male,Delhi,Delhi,Self-Employed,29123.79,700,Savings,51493.02,2017-11-09
C106880,Rahul Behera,38,Female,Chennai,Tamil Nadu,Salaried,51201.05,689,Savings,12923.25,2025-05-28
C106881,Amit Roul,36,Female,Kolkata,West Bengal,Business,58996.74,678,Savings,66496.67,2020-07-20
C106882,Ananya Dasgupta,29,Female,Bhubaneswar,Odisha,Salaried,73637.59,684,Savings,113279.31,2020-02-06
C106883,Amit Bose,34,Male,Lucknow,Uttar Pradesh,Self-Employed,24419.46,672,Savings,15722.09,2025-06-25
C106884,Ankit Roul,38,Female,Mumbai,Maharashtra,Salaried,42792.33,703,Premium Savings,62209.44,2021-03-05
C106885,Aditi Reddy,28,Male,Jaipur,Rajasthan,Retired,12000.0,698,Salary,21095.5,2021-07-18
C106886,Aarav Sahu,21,Female,Pune,Maharashtra,Salaried,28704.13,723,Current,50880.21,2024-03-17
C106887,Ananya Mohanty,54,Male,Delhi,Delhi,Business,81510.11,692,Savings,118155.15,2018-02-08
C106888,Amit Mehta,30,Female,Guwahati,Assam,Business,93307.21,677,Salary,66714.66,2020-09-24
C106889,Aditya Rao,35,Male,Kolkata,West Bengal,Business,29348.18,756,Salary,23492.82,2021-05-13
C106890,Ankit Mehta,46,Female,Kolkata,West Bengal,Business,46007.33,744,Savings,86700.68,2019-09-19
C106891,Sahil Jain,70,Male,Kochi,Kerala,Salaried,55780.07,703,Savings,74153.12,2017-03-26
C106892,Nisha Roul,24,Male,Hyderabad,Telangana,Business,99513.54,783,Current,129177.01,2017-12-24
C106893,Ananya Kumar,40,Male,Guwahati,Assam,Salaried,127527.93,710,Savings,117017.66,2015-07-28
C106894,Aarav Das,29,Male,Pune,Maharashtra,Business,59831.27,695,Savings,84301.47,2019-10-18
C106895,Aditya Nayak,31,Male,Bhubaneswar,Odisha,Retired,47655.31,701,Savings,119817.03,2022-01-16
C106896,Vivaan Reddy,29,Male,Mumbai,Maharashtra,Student,24861.03,716,Savings,28368.72,2020-06-28
C106897,Rahul Dasgupta,25,Female,Pune,Maharashtra,Salaried,58368.2,645,Savings,80422.94,2021-09-04
C106898,Amit Roul,36,Male,Kochi,Kerala,Salaried,172180.02,583,Savings,93556.49,2016-03-18
C106899,Aditya Panda,21,Female,Pune,Maharashtra,Salaried,111825.44,723,Salary,55793.74,2020-05-05
C106900,Priya Verma,45,Male,Jaipur,Rajasthan,Salaried,60552.17,759,Salary,84687.4,2019-11-26
C106901,Isha Panda,37,Female,Delhi,Delhi,Salaried,64987.24,640,Savings,27613.11,2019-05-04
C106902,Kavya Panda,40,Male,Kochi,Kerala,Salaried,37661.91,775,Savings,49504.32,2018-07-06
C106903,Nisha Sharma,31,Female,Kolkata,West Bengal,Retired,45191.48,598,Current,64429.5,2016-05-04
C106904,Amit Mehta,32,Female,Hyderabad,Telangana,Self-Employed,59651.11,669,Savings,72780.84,2016-07-26
C106905,Aditi Mohanty,39,Male,Guwahati,Assam,Self-Employed,59750.77,816,Savings,40431.13,2017-01-11
C106906,Arjun Rao,24,Female,Kolkata,West Bengal,Salaried,95894.21,728,Salary,67259.99,2016-05-18
C106907,Kavya Reddy,32,Male,Kolkata,West Bengal,Business,93361.48,685,Savings,41165.28,2019-01-20
C106908,Kavya Sharma,27,Female,Kolkata,West Bengal,Retired,73232.91,721,Savings,130398.5,2023-07-11
C106909,Karan Patel,27,Male,Guwahati,Assam,Self-Employed,31747.14,783,Salary,54553.32,2023-12-27
C106910,Ananya Sahu,18,Male,Kochi,Kerala,Salaried,32412.84,611,Savings,60875.2,2015-08-12
C106911,Isha Mohanty,49,Male,Pune,Maharashtra,Self-Employed,33750.42,791,Salary,58891.47,2015-06-18
C106912,Vivaan Panda,29,Female,Bengaluru,Karnataka,Retired,62606.51,673,Savings,96903.82,2024-07-02
C106913,Ankit Reddy,48,Male,Delhi,Delhi,Salaried,18044.78,751,Premium Savings,32853.84,2015-10-15
C106914,Rahul Gupta,47,Female,Bengaluru,Karnataka,Self-Employed,54810.51,665,Current,84891.31,2018-02-10
C106915,Sneha Sharma,23,Female,Guwahati,Assam,Salaried,119353.14,814,Premium Savings,138462.22,2016-03-16
C106916,Priya Reddy,25,Male,Indore,Madhya Pradesh,Salaried,79367.38,703,Current,76531.26,2021-02-24
C106917,Sneha Gupta,62,Female,Mumbai,Maharashtra,Student,45351.04,619,Savings,76409.23,2021-01-01
C106918,Riya Mishra,54,Female,Chennai,Tamil Nadu,Salaried,37460.71,736,Premium Savings,44136.36,2018-01-04
C106919,Riya Panda,36,Female,Indore,Madhya Pradesh,Salaried,85667.76,790,Current,133992.76,2016-06-05
C106920,Priya Roul,39,Female,Delhi,Delhi,Salaried,65083.02,782,Current,52804.4,2023-10-16
C106921,Amit Mohanty,30,Female,Bengaluru,Karnataka,Retired,48028.54,711,Savings,74576.9,2016-01-28
C106922,Sneha Dasgupta,40,Female,Kochi,Kerala,Salaried,39780.08,758,Savings,7162.11,2025-05-19
C106923,Sahil Kumar,29,Male,Jaipur,Rajasthan,Business,57359.81,678,Current,102356.68,2023-05-02
C106924,Riya Mohanty,18,Male,Jaipur,Rajasthan,Salaried,46556.33,743,Savings,60554.77,2022-09-13
C106925,Sneha Mohanty,23,Male,Chandigarh,Chandigarh,Student,84668.36,729,Salary,110212.91,2019-09-30
C106926,Pooja Sahu,36,Male,Bengaluru,Karnataka,Retired,108850.59,517,Savings,85606.83,2017-04-19
C106927,Vivaan Sharma,25,Male,Jaipur,Rajasthan,Salaried,25928.58,640,Current,39994.34,2015-06-13
C106928,Sneha Gupta,35,Other,Lucknow,Uttar Pradesh,Salaried,28025.99,719,Salary,39097.01,2024-12-29
C106929,Amit Nayak,25,Male,Jaipur,Rajasthan,Salaried,115441.52,716,Savings,80814.74,2022-05-28
C106930,Priya Panda,28,Female,Bhubaneswar,Odisha,Business,60251.87,703,Savings,86413.25,2021-05-09
C106931,Pooja Mishra,45,Female,Chennai,Tamil Nadu,Salaried,29515.79,711,Savings,42419.42,2015-09-03
C106932,Aditya Rao,38,Male,Kolkata,West Bengal,Salaried,94454.81,783,Current,67498.81,2015-02-10
C106933,Amit Patel,36,Male,Lucknow,Uttar Pradesh,Salaried,66370.99,728,Savings,39963.92,2016-04-01
C106934,Amit Mishra,45,Female,Ahmedabad,Gujarat,Salaried,184771.21,553,Premium Savings,239521.45,2018-10-14
C106935,Rohan Gupta,41,Female,Chennai,Tamil Nadu,Salaried,48323.47,832,Current,57939.07,2025-12-15
C106936,Nisha Sahu,50,Other,Kochi,Kerala,Student,101202.19,581,Current,50029.79,2022-01-01
C106937,Pooja Mehta,31,Male,Chandigarh,Chandigarh,Student,24790.84,767,Salary,17745.32,2023-01-26
C106938,Kavya Gupta,32,Female,Bengaluru,Karnataka,Salaried,118527.9,603,Savings,73207.09,2018-02-09
C106939,Priya Kumar,23,Male,Chennai,Tamil Nadu,Self-Employed,92445.68,798,Current,168302.35,2018-03-10
C106940,Aarav Nayak,32,Female,Bhubaneswar,Odisha,Self-Employed,132916.92,687,Current,168898.49,2019-10-27
C106941,Riya Gupta,46,Female,Chandigarh,Chandigarh,Business,101306.68,730,Savings,199544.39,2017-09-12
C106942,Riya Patel,49,Male,Lucknow,Uttar Pradesh,Self-Employed,52083.94,576,Premium Savings,75820.4,2017-08-02
C106943,Nisha Nayak,46,Male,Kolkata,West Bengal,Self-Employed,28881.86,752,Salary,71388.61,2017-06-21
C106944,Pooja Roul,18,Male,Hyderabad,Telangana,Self-Employed,39496.19,732,Salary,27830.29,2021-12-07
C106945,Arjun Dasgupta,47,Male,Ahmedabad,Gujarat,Business,20878.09,745,Premium Savings,28387.01,2021-10-08
C106946,Aditya Verma,18,Female,Kochi,Kerala,Salaried,33143.24,767,Savings,65349.07,2021-05-26
C106947,Sneha Sharma,45,Male,Jaipur,Rajasthan,Salaried,69516.0,717,Salary,52247.57,2023-06-07
C106948,Priya Nayak,32,Female,Lucknow,Uttar Pradesh,Salaried,53574.28,691,Current,32038.34,2017-12-28
C106949,Rohan Rao,43,Male,Chandigarh,Chandigarh,Self-Employed,48635.74,652,Premium Savings,31788.51,2025-05-28
C106950,Vivaan Mohanty,23,Female,Kochi,Kerala,Salaried,35556.63,676,Savings,31125.0,2021-03-13
C106951,Aditi Panda,48,Female,Kolkata,West Bengal,Self-Employed,20749.33,783,Savings,40993.02,2018-12-19
C106952,Ananya Panda,21,Female,Delhi,Delhi,Salaried,60793.26,651,Savings,80656.49,2024-06-05
C106953,Ankit Rao,29,Female,Chennai,Tamil Nadu,Business,67753.17,585,Savings,75704.91,2017-08-26
C106954,Neha Kumar,26,Male,Bengaluru,Karnataka,Salaried,31879.82,641,Savings,32608.06,2016-09-13
C106955,Arjun Kumar,18,Female,Pune,Maharashtra,Self-Employed,41015.13,744,Savings,87619.98,2015-04-05
C106956,Vivaan Rao,37,Male,Lucknow,Uttar Pradesh,Self-Employed,128445.74,685,Savings,140631.27,2021-03-17
C106957,Nisha Rao,54,Male,Kochi,Kerala,Salaried,104069.3,744,Savings,76432.2,2021-07-20
C106958,Sneha Nayak,63,Male,Mumbai,Maharashtra,Salaried,24310.29,575,Savings,26123.61,2018-07-21
C106959,Pooja Verma,37,Female,Indore,Madhya Pradesh,Business,52498.43,511,Savings,55999.68,2023-07-20
C106960,Ankit Verma,47,Female,Chennai,Tamil Nadu,Salaried,122432.37,722,Savings,123517.85,2017-06-19
C106961,Neha Mehta,38,Female,Mumbai,Maharashtra,Student,48827.89,770,Savings,39683.17,2016-12-04
C106962,Pooja Singh,41,Male,Ahmedabad,Gujarat,Student,47437.57,594,Savings,33902.42,2024-01-14
C106963,Isha Panda,33,Male,Bhubaneswar,Odisha,Self-Employed,100317.37,739,Savings,118173.85,2025-11-02
C106964,Pooja Singh,38,Female,Kochi,Kerala,Business,94653.35,782,Savings,109574.89,2024-04-02
C106965,Rohan Jain,41,Male,Delhi,Delhi,Self-Employed,91996.45,705,Savings,101705.58,2019-04-19
C106966,Nisha Roul,30,Male,Bengaluru,Karnataka,Self-Employed,47619.46,764,Salary,25676.54,2017-04-12
C106967,Ankit Bose,35,Female,Kochi,Kerala,Retired,79195.67,717,Salary,20748.09,2021-01-27
C106968,Priya Gupta,35,Male,Ahmedabad,Gujarat,Salaried,125141.26,688,Premium Savings,154720.63,2021-11-29
C106969,Aarav Roul,44,Male,Hyderabad,Telangana,Salaried,53511.82,758,Savings,37530.64,2015-03-13
C106970,Nisha Sharma,25,Male,Kochi,Kerala,Salaried,44055.84,829,Savings,105896.47,2025-09-14
C106971,Aditi Bose,35,Male,Lucknow,Uttar Pradesh,Self-Employed,108188.29,669,Premium Savings,207024.27,2016-10-18
C106972,Sahil Jain,55,Male,Indore,Madhya Pradesh,Salaried,169410.55,699,Savings,211829.58,2016-01-09
C106973,Isha Verma,48,Female,Mumbai,Maharashtra,Student,176017.93,641,Savings,255925.62,2021-05-28
C106974,Neha Sharma,49,Female,Bengaluru,Karnataka,Salaried,44761.66,715,Salary,31181.6,2023-04-21
C106975,Neha Jain,36,Male,Pune,Maharashtra,Student,47304.77,695,Savings,51327.75,2021-11-20
C106976,Nisha Behera,39,Female,Jaipur,Rajasthan,Salaried,31227.34,780,Salary,48115.4,2025-12-22
C106977,Rohan Sahu,46,Female,Pune,Maharashtra,Salaried,58689.57,797,Savings,65183.76,2025-12-03
C106978,Aditya Roul,52,Male,Bengaluru,Karnataka,Salaried,30464.67,756,Savings,34245.0,2018-01-09
C106979,Isha Singh,18,Female,Jaipur,Rajasthan,Salaried,41168.97,773,Savings,60626.9,2024-01-29
C106980,Neha Dasgupta,23,Female,Mumbai,Maharashtra,Self-Employed,80879.03,659,Savings,115133.21,2020-06-14
C106981,Kavya Patel,49,Male,Chennai,Tamil Nadu,Retired,68157.47,643,Salary,82115.78,2016-05-25
C106982,Aditi Mohanty,33,Male,Kochi,Kerala,Salaried,20316.56,733,Salary,6755.52,2016-01-27
C106983,Pooja Mohanty,29,Male,Kolkata,West Bengal,Self-Employed,130450.51,706,Savings,121272.46,2017-10-05
C106984,Pooja Behera,23,Female,Indore,Madhya Pradesh,Salaried,30249.67,835,Current,38787.27,2024-06-24
C106985,Ananya Mohanty,30,Male,Guwahati,Assam,Salaried,32421.43,580,Salary,30491.98,2019-07-23
C106986,Vivaan Roul,22,Female,Indore,Madhya Pradesh,Self-Employed,27824.75,745,Salary,61582.09,2017-06-24
C106987,Nisha Panda,57,Female,Ahmedabad,Gujarat,Salaried,38230.26,744,Savings,90916.53,2017-09-18
C106988,Neha Singh,36,Male,Chandigarh,Chandigarh,Student,33585.34,655,Salary,75383.27,2020-02-26
C106989,Sneha Mishra,35,Female,Jaipur,Rajasthan,Business,34038.59,642,Premium Savings,56446.38,2021-11-01
C106990,Kavya Mohanty,42,Female,Bhubaneswar,Odisha,Salaried,14182.14,683,Savings,19103.19,2016-11-09
C106991,Nisha Das,46,Male,Ahmedabad,Gujarat,Self-Employed,59074.14,598,Salary,117859.07,2025-01-01
C106992,Pooja Reddy,45,Female,Pune,Maharashtra,Salaried,62487.66,800,Salary,86227.72,2016-12-11
C106993,Aditya Patel,47,Male,Chennai,Tamil Nadu,Business,189001.87,850,Salary,127835.8,2025-04-16
C106994,Pooja Mishra,30,Male,Kochi,Kerala,Business,71867.25,683,Savings,106986.38,2017-06-21
C106995,Ananya Kumar,33,Male,Lucknow,Uttar Pradesh,Business,41854.91,663,Current,57588.51,2018-02-18
C106996,Rahul Dasgupta,44,Female,Lucknow,Uttar Pradesh,Salaried,28415.65,620,Savings,52314.58,2016-03-15
C106997,Aditi Sahu,31,Female,Lucknow,Uttar Pradesh,Salaried,52163.4,634,Salary,58262.59,2015-01-13
C106998,Rohan Das,36,Male,Bhubaneswar,Odisha,Self-Employed,70395.6,667,Current,115771.84,2017-09-05
C106999,Vivaan Sahu,40,Male,Hyderabad,Telangana,Retired,41699.6,784,Savings,82391.59,2022-07-12
C107000,Riya Das,44,Male,Chennai,Tamil Nadu,Student,56877.05,850,Salary,500.0,2018-06-17
C107001,Ankit Roul,18,Female,Ahmedabad,Gujarat,Salaried,156159.5,658,Current,174596.09,2019-11-18
C107002,Rohan Mishra,43,Female,Guwahati,Assam,Business,44525.97,646,Salary,84586.81,2021-07-02
C107003,Karan Mishra,34,Female,Pune,Maharashtra,Student,19484.25,629,Salary,19899.62,2024-08-27
C107004,Vivaan Singh,43,Female,Mumbai,Maharashtra,Salaried,88921.23,734,Salary,121378.95,2021-09-22
C107005,Karan Behera,44,Female,Lucknow,Uttar Pradesh,Business,65379.58,727,Savings,60923.19,2024-07-11
C107006,Nisha Mishra,52,Male,Guwahati,Assam,Salaried,21485.7,712,Premium Savings,24550.81,2019-05-03
C107007,Sahil Gupta,50,Male,Mumbai,Maharashtra,Salaried,69584.18,676,Current,112554.73,2020-01-02
C107008,Sneha Sharma,49,Female,Bengaluru,Karnataka,Salaried,31769.55,793,Savings,38593.0,2017-05-24
C107009,Sneha Sharma,50,Female,Chandigarh,Chandigarh,Self-Employed,70109.65,755,Savings,24225.7,2017-08-09
C107010,Sneha Panda,39,Male,Bhubaneswar,Odisha,Student,157012.92,752,Premium Savings,95083.78,2016-02-16
C107011,Sahil Mishra,36,Female,Kolkata,West Bengal,Self-Employed,49898.95,729,Current,51504.17,2024-07-02
C107012,Aarav Jain,45,Female,Pune,Maharashtra,Salaried,99796.42,693,Savings,43575.6,2015-12-02
C107013,Aditi Verma,43,Male,Bhubaneswar,Odisha,Salaried,27984.9,659,Savings,27112.87,2019-08-01
C107014,Rahul Roul,33,Female,Ahmedabad,Gujarat,Self-Employed,23846.86,739,Savings,53769.49,2022-12-28
C107015,Priya Mohanty,40,Female,Bhubaneswar,Odisha,Self-Employed,166815.26,733,Premium Savings,293174.95,2019-12-25
C107016,Riya Jain,36,Male,Pune,Maharashtra,Self-Employed,65146.04,742,Savings,40800.1,2019-12-18
C107017,Priya Singh,27,Male,Hyderabad,Telangana,Salaried,78061.86,603,Savings,108417.53,2016-09-07
C107018,Aditi Nayak,49,Male,Bhubaneswar,Odisha,Business,103642.29,727,Salary,112773.88,2023-04-16
C107019,Aditya Singh,37,Male,Kolkata,West Bengal,Student,41142.23,685,Savings,54352.15,2024-12-16
C107020,Isha Mehta,56,Female,Kolkata,West Bengal,Self-Employed,86586.78,648,Savings,44483.18,2019-04-24
C107021,Amit Rao,20,Male,Chandigarh,Chandigarh,Business,79661.19,752,Salary,99775.26,2024-07-16
C107022,Vivaan Patel,30,Male,Bhubaneswar,Odisha,Student,26982.55,717,Salary,68891.48,2021-11-24
C107023,Sneha Gupta,36,Male,Indore,Madhya Pradesh,Self-Employed,126402.99,850,Savings,63511.08,2023-06-02
C107024,Sahil Bose,47,Male,Guwahati,Assam,Business,112855.3,736,Salary,177675.73,2019-04-07
C107025,Riya Mehta,40,Male,Delhi,Delhi,Business,27147.6,686,Savings,70658.12,2015-04-05
C107026,Ankit Dasgupta,39,Female,Mumbai,Maharashtra,Salaried,61404.97,698,Savings,93647.96,2021-01-26
C107027,Kavya Mehta,25,Male,Lucknow,Uttar Pradesh,Self-Employed,48435.81,629,Savings,85664.4,2023-07-31
C107028,Amit Kumar,24,Female,Mumbai,Maharashtra,Student,119989.27,785,Savings,63865.25,2018-01-17
C107029,Arjun Panda,39,Female,Lucknow,Uttar Pradesh,Salaried,25317.52,725,Savings,51068.04,2017-04-20
C107030,Isha Sharma,22,Male,Guwahati,Assam,Student,398880.33,727,Savings,248065.13,2024-11-20
C107031,Sahil Das,31,Female,Mumbai,Maharashtra,Self-Employed,49967.21,636,Savings,45249.22,2022-07-20
C107032,Ananya Verma,41,Female,Hyderabad,Telangana,Salaried,82556.1,756,Salary,110232.7,2020-07-06
C107033,Ankit Singh,26,Male,Bhubaneswar,Odisha,Self-Employed,117973.17,644,Current,54453.11,2019-11-24
C107034,Isha Sharma,52,Male,Kochi,Kerala,Salaried,49379.41,669,Salary,49518.37,2023-11-09
C107035,Priya Mishra,48,Female,Indore,Madhya Pradesh,Business,51630.63,713,Savings,73424.5,2024-10-24
C107036,Pooja Sahu,20,Female,Pune,Maharashtra,Self-Employed,41711.47,667,Savings,59437.17,2020-11-16
C107037,Ankit Singh,27,Male,Indore,Madhya Pradesh,Student,33795.48,653,Savings,54436.45,2018-11-03
C107038,Ananya Mehta,18,Male,Jaipur,Rajasthan,Self-Employed,63870.38,702,Savings,108794.44,2018-08-12
C107039,Aarav Rao,28,Male,Kolkata,West Bengal,Business,51056.69,771,Salary,80164.48,2015-03-26
C107040,Riya Sahu,44,Male,Mumbai,Maharashtra,Retired,41561.63,763,Current,45717.9,2020-08-06
C107041,Riya Bose,32,Female,Ahmedabad,Gujarat,Salaried,42918.5,751,Premium Savings,39060.64,2020-09-09
C107042,Pooja Dasgupta,41,Male,Bengaluru,Karnataka,Business,75509.73,737,Savings,90322.0,2021-11-26
C107043,Sneha Sharma,21,Male,Delhi,Delhi,Salaried,35469.5,674,Savings,40898.3,2019-05-08
C107044,Rohan Patel,44,Male,Pune,Maharashtra,Business,48014.48,778,Savings,29962.81,2024-05-26
C107045,Amit Panda,30,Male,Indore,Madhya Pradesh,Self-Employed,90161.3,592,Savings,107570.67,2019-12-17
C107046,Rahul Das,36,Male,Chennai,Tamil Nadu,Student,63010.87,733,Current,28346.56,2021-10-20
C107047,Arjun Mishra,35,Male,Bhubaneswar,Odisha,Student,30878.98,760,Savings,44886.15,2017-04-21
C107048,Aditya Rao,23,Male,Kochi,Kerala,Salaried,54282.62,699,Salary,82915.8,2019-03-08
C107049,Vivaan Reddy,24,Female,Delhi,Delhi,Salaried,69944.01,658,Savings,143626.81,2016-08-14
C107050,Aditi Mehta,46,Female,Ahmedabad,Gujarat,Self-Employed,94768.1,703,Salary,168900.37,2022-11-21
C107051,Riya Jain,40,Male,Bengaluru,Karnataka,Self-Employed,36302.08,656,Savings,12875.51,2015-11-13
C107052,Neha Roul,47,Female,Chandigarh,Chandigarh,Salaried,40453.04,738,Savings,28423.2,2021-09-27
C107053,Nisha Panda,39,Male,Chandigarh,Chandigarh,Salaried,37524.54,766,Savings,18703.79,2024-05-21
C107054,Rahul Dasgupta,37,Male,Hyderabad,Telangana,Self-Employed,38563.15,734,Savings,53062.41,2022-11-02
C107055,Kavya Panda,19,Male,Guwahati,Assam,Salaried,68723.13,730,Salary,53497.86,2022-08-30
C107056,Isha Rao,33,Male,Bhubaneswar,Odisha,Student,76271.72,754,Salary,142058.37,2019-03-27
C107057,Rohan Bose,36,Female,Mumbai,Maharashtra,Business,98035.54,762,Salary,46927.41,2016-11-20
C107058,Kavya Roul,56,Male,Pune,Maharashtra,Business,52309.97,654,Savings,76165.13,2023-11-02
C107059,Aditya Gupta,43,Male,Chandigarh,Chandigarh,Salaried,25391.27,605,Premium Savings,55597.39,2019-07-13
C107060,Rohan Nayak,51,Female,Kolkata,West Bengal,Salaried,79482.89,723,Savings,153215.48,2017-04-28
C107061,Nisha Verma,42,Female,Ahmedabad,Gujarat,Self-Employed,60031.07,765,Savings,70467.17,2017-06-11
C107062,Neha Das,29,Male,Ahmedabad,Gujarat,Retired,56844.33,602,Premium Savings,61475.13,2018-07-11
C107063,Nisha Kumar,37,Male,Chandigarh,Chandigarh,Salaried,27152.29,709,Premium Savings,50283.57,2018-12-17
C107064,Kavya Panda,38,Male,Kochi,Kerala,Salaried,49383.85,778,Current,79081.14,2019-07-18
C107065,Sneha Nayak,27,Male,Bhubaneswar,Odisha,Salaried,28526.2,697,Savings,11673.98,2018-01-27
C107066,Ankit Kumar,32,Male,Lucknow,Uttar Pradesh,Business,71694.49,804,Savings,103235.45,2017-10-15
C107067,Neha Sharma,34,Male,Jaipur,Rajasthan,Self-Employed,43418.75,792,Current,48126.77,2023-01-07
C107068,Amit Roul,52,Female,Kochi,Kerala,Salaried,41330.03,693,Salary,40070.1,2018-04-05
C107069,Rohan Dasgupta,18,Female,Bhubaneswar,Odisha,Salaried,23615.37,681,Savings,37944.6,2025-01-28
C107070,Riya Bose,48,Female,Kolkata,West Bengal,Business,96760.22,682,Current,42144.29,2017-08-03
C107071,Aarav Rao,27,Male,Kolkata,West Bengal,Self-Employed,47709.12,714,Savings,70546.13,2019-04-04
C107072,Aarav Sharma,22,Male,Kolkata,West Bengal,Business,57695.12,629,Salary,69812.5,2021-09-25
C107073,Priya Reddy,48,Male,Guwahati,Assam,Business,36701.35,617,Current,46906.57,2024-11-04
C107074,Vivaan Das,43,Female,Chennai,Tamil Nadu,Business,22187.23,557,Premium Savings,31056.94,2020-04-07
C107075,Isha Rao,49,Male,Kochi,Kerala,Self-Employed,41056.09,704,Salary,93881.72,2025-10-09
C107076,Ankit Mehta,44,Female,Jaipur,Rajasthan,Student,44834.84,838,Savings,42617.49,2015-04-10
C107077,Aditya Singh,57,Female,Kolkata,West Bengal,Student,64608.84,576,Savings,89951.82,2022-09-12
C107078,Aarav Singh,42,Female,Hyderabad,Telangana,Salaried,45243.79,693,Current,85872.67,2025-06-27
C107079,Rohan Sharma,34,Female,Pune,Maharashtra,Salaried,37049.0,691,Savings,62920.1,2021-04-26
C107080,Aditya Rao,39,Female,Ahmedabad,Gujarat,Business,24058.7,695,Salary,54262.47,2017-09-26
C107081,Ananya Nayak,48,Female,Indore,Madhya Pradesh,Salaried,56485.42,787,Savings,55078.74,2022-03-28
C107082,Ananya Gupta,28,Female,Chandigarh,Chandigarh,Student,35489.08,647,Salary,11804.86,2022-10-28
C107083,Aditya Jain,29,Male,Kochi,Kerala,Salaried,113724.26,578,Savings,123429.15,2015-09-22
C107084,Sahil Bose,33,Male,Jaipur,Rajasthan,Student,59734.75,670,Savings,72890.6,2020-01-27
C107085,Kavya Behera,18,Female,Guwahati,Assam,Self-Employed,74925.16,662,Savings,83431.14,2022-12-30
C107086,Rahul Reddy,37,Other,Lucknow,Uttar Pradesh,Business,47966.34,560,Salary,11808.6,2023-12-22
C107087,Vivaan Gupta,18,Male,Ahmedabad,Gujarat,Salaried,61438.54,721,Current,122886.71,2015-03-31
C107088,Sneha Sahu,37,Male,Kochi,Kerala,Retired,33698.04,628,Savings,31359.99,2019-05-12
C107089,Rahul Mohanty,45,Female,Lucknow,Uttar Pradesh,Salaried,28769.41,700,Savings,69107.15,2021-05-30
C107090,Priya Sharma,31,Female,Ahmedabad,Gujarat,Salaried,55459.62,681,Savings,106166.04,2018-11-14
C107091,Arjun Verma,53,Male,Mumbai,Maharashtra,Salaried,75267.51,635,Savings,130357.14,2019-01-12
C107092,Rohan Jain,21,Female,Ahmedabad,Gujarat,Retired,18861.76,763,Salary,44303.8,2019-04-10
C107093,Nisha Mohanty,48,Female,Delhi,Delhi,Salaried,41797.07,687,Current,73183.26,2015-03-25
C107094,Sahil Gupta,43,Female,Jaipur,Rajasthan,Business,151487.08,709,Savings,126394.55,2020-07-03
C107095,Rohan Patel,19,Male,Ahmedabad,Gujarat,Business,71586.63,743,Savings,132070.36,2019-11-23
C107096,Amit Jain,63,Male,Bengaluru,Karnataka,Student,128129.12,724,Savings,91230.53,2023-02-14
C107097,Vivaan Rao,35,Male,Ahmedabad,Gujarat,Business,38807.3,714,Salary,6952.64,2019-12-30
C107098,Riya Mehta,27,Male,Delhi,Delhi,Self-Employed,42754.95,651,Salary,19928.72,2025-03-13
C107099,Ankit Dasgupta,22,Male,Bhubaneswar,Odisha,Business,93600.57,633,Salary,94876.64,2019-10-04
C107100,Karan Roul,34,Female,Chandigarh,Chandigarh,Business,77499.34,715,Salary,109873.66,2016-01-02
C107101,Aarav Panda,35,Male,Mumbai,Maharashtra,Salaried,52217.71,642,Savings,49171.22,2019-11-27
C107102,Ananya Bose,37,Female,Indore,Madhya Pradesh,Salaried,27466.02,757,Premium Savings,21352.29,2017-11-10
C107103,Kavya Singh,33,Female,Delhi,Delhi,Salaried,103917.96,697,Savings,48097.33,2018-11-27
C107104,Amit Dasgupta,42,Male,Bengaluru,Karnataka,Salaried,218756.37,747,Salary,340273.21,2017-07-25
C107105,Karan Jain,32,Other,Kochi,Kerala,Self-Employed,23168.81,641,Savings,36906.54,2018-01-07
C107106,Riya Sharma,18,Female,Hyderabad,Telangana,Self-Employed,119023.83,631,Savings,94822.89,2019-02-10
C107107,Neha Patel,35,Female,Lucknow,Uttar Pradesh,Retired,42511.2,814,Savings,44197.82,2025-03-22
C107108,Aditya Gupta,18,Male,Chandigarh,Chandigarh,Salaried,45783.58,695,Savings,27163.22,2017-11-30
C107109,Priya Mohanty,40,Female,Kolkata,West Bengal,Business,63792.45,764,Savings,38540.54,2020-05-14
C107110,Aditi Singh,26,Male,Guwahati,Assam,Self-Employed,28340.6,613,Savings,63291.94,2016-10-09
C107111,Amit Singh,38,Female,Jaipur,Rajasthan,Salaried,53887.96,687,Current,43667.83,2016-11-21
C107112,Sneha Rao,49,Male,Kolkata,West Bengal,Self-Employed,22672.29,790,Salary,32622.14,2017-06-16
C107113,Aditya Gupta,27,Female,Bengaluru,Karnataka,Retired,71462.91,603,Savings,15012.73,2024-07-28
C107114,Riya Mehta,47,Male,Guwahati,Assam,Salaried,187894.44,850,Savings,173702.05,2021-07-26
C107115,Isha Kumar,32,Male,Bengaluru,Karnataka,Self-Employed,38690.38,718,Salary,74305.96,2022-03-26
C107116,Aditi Mohanty,54,Female,Kolkata,West Bengal,Salaried,50125.22,652,Current,21403.64,2020-10-19
C107117,Aarav Kumar,32,Female,Kolkata,West Bengal,Salaried,51501.98,728,Current,72545.3,2021-09-19
C107118,Ananya Patel,28,Male,Guwahati,Assam,Self-Employed,94622.09,777,Premium Savings,39067.47,2020-12-14
C107119,Arjun Panda,43,Male,Chennai,Tamil Nadu,Student,68744.59,651,Savings,89126.28,2024-02-01
C107120,Neha Rao,32,Female,Hyderabad,Telangana,Business,91242.75,661,Savings,165024.51,2017-03-12
C107121,Aditi Rao,28,Female,Mumbai,Maharashtra,Salaried,41633.44,721,Current,76166.67,2024-06-26
C107122,Rahul Sharma,31,Male,Mumbai,Maharashtra,Student,69811.32,735,Salary,84471.47,2015-05-29
C107123,Aditi Singh,36,Female,Delhi,Delhi,Salaried,12000.0,692,Savings,27748.43,2025-12-24
C107124,Ananya Reddy,49,Male,Delhi,Delhi,Business,79395.18,731,Salary,113406.94,2019-04-12
C107125,Nisha Singh,18,Male,Hyderabad,Telangana,Salaried,28150.0,760,Savings,47123.74,2019-02-02
C107126,Vivaan Kumar,36,Female,Mumbai,Maharashtra,Student,45931.75,716,Savings,40172.7,2015-07-16
C107127,Riya Singh,42,Female,Chennai,Tamil Nadu,Business,82865.71,660,Savings,65029.65,2023-07-13
C107128,Riya Verma,38,Female,Kolkata,West Bengal,Student,23629.21,704,Savings,34192.11,2017-07-25
C107129,Rahul Mishra,49,Male,Delhi,Delhi,Salaried,100135.2,819,Savings,103948.74,2016-01-04
C107130,Amit Singh,35,Female,Jaipur,Rajasthan,Business,51365.44,727,Savings,51288.69,2022-12-06
C107131,Nisha Mohanty,34,Male,Chennai,Tamil Nadu,Business,122308.52,786,Salary,120104.27,2025-04-09
C107132,Aarav Gupta,42,Female,Bengaluru,Karnataka,Business,33474.0,672,Savings,48869.66,2016-10-12
C107133,Nisha Roul,37,Male,Bengaluru,Karnataka,Self-Employed,20293.49,722,Savings,33673.5,2016-01-14
C107134,Kavya Panda,32,Male,Pune,Maharashtra,Salaried,54131.3,757,Savings,50571.0,2021-11-25
C107135,Priya Bose,41,Female,Chennai,Tamil Nadu,Salaried,75961.38,802,Current,36128.78,2022-10-19
C107136,Rohan Panda,29,Male,Kolkata,West Bengal,Salaried,79547.04,785,Current,141723.87,2021-03-14
C107137,Arjun Mehta,30,Female,Chennai,Tamil Nadu,Student,29453.56,632,Current,11476.23,2015-07-25
C107138,Riya Verma,31,Female,Pune,Maharashtra,Student,22506.07,780,Savings,56532.16,2017-10-22
C107139,Priya Kumar,50,Male,Guwahati,Assam,Salaried,46319.13,815,Savings,56644.25,2015-11-21
C107140,Aditya Sahu,18,Female,Mumbai,Maharashtra,Retired,73067.04,668,Salary,115275.69,2020-11-21
C107141,Karan Behera,40,Male,Hyderabad,Telangana,Salaried,71059.38,647,Current,100048.66,2025-06-14
C107142,Pooja Reddy,36,Male,Kochi,Kerala,Salaried,130582.17,703,Savings,176230.01,2017-11-11
C107143,Ankit Behera,19,Other,Ahmedabad,Gujarat,Salaried,44787.67,717,Savings,55732.04,2020-01-30
C107144,Rohan Sharma,39,Female,Bhubaneswar,Odisha,Student,19938.25,682,Salary,34754.6,2016-09-02
C107145,Pooja Mehta,41,Male,Kochi,Kerala,Business,106218.65,628,Current,63662.19,2018-04-15
C107146,Pooja Nayak,42,Female,Pune,Maharashtra,Salaried,61233.27,801,Salary,83397.71,2016-08-03
C107147,Arjun Nayak,18,Male,Mumbai,Maharashtra,Business,64234.25,649,Savings,96810.48,2024-08-17
C107148,Rohan Nayak,50,Female,Bengaluru,Karnataka,Salaried,83867.06,672,Savings,111529.56,2019-11-21
C107149,Riya Mohanty,29,Female,Kolkata,West Bengal,Salaried,110204.44,712,Savings,166631.04,2018-02-14
C107150,Amit Panda,43,Male,Kolkata,West Bengal,Salaried,54308.04,609,Savings,41771.48,2024-10-07
C107151,Neha Das,43,Female,Bhubaneswar,Odisha,Salaried,105050.02,604,Current,90930.0,2025-04-09
C107152,Sneha Singh,27,Male,Kolkata,West Bengal,Student,74515.57,677,Salary,107275.4,2017-01-31
C107153,Ananya Behera,43,Male,Hyderabad,Telangana,Business,38350.32,759,Savings,2648.26,2017-07-27
C107154,Aditya Bose,32,Female,Chandigarh,Chandigarh,Salaried,48378.33,717,Savings,102948.29,2019-08-05
C107155,Riya Mishra,18,Female,Chennai,Tamil Nadu,Salaried,77211.04,571,Savings,59413.2,2018-06-30
C107156,Aditya Das,48,Male,Indore,Madhya Pradesh,Salaried,37243.58,795,Premium Savings,39933.58,2016-11-13
C107157,Ankit Panda,28,Female,Lucknow,Uttar Pradesh,Salaried,89557.93,757,Savings,108662.63,2020-11-02
C107158,Kavya Mohanty,27,Male,Hyderabad,Telangana,Self-Employed,59999.37,717,Savings,99944.01,2015-10-01
C107159,Amit Sahu,32,Male,Ahmedabad,Gujarat,Salaried,67844.83,716,Savings,66503.52,2017-08-07
C107160,Pooja Rao,39,Female,Kochi,Kerala,Business,121463.17,749,Current,111267.26,2024-10-10
C107161,Rohan Gupta,35,Female,Chennai,Tamil Nadu,Salaried,66916.46,850,Salary,104273.98,2016-01-13
C107162,Ankit Roul,41,Female,Kolkata,West Bengal,Salaried,57203.19,762,Savings,49473.81,2021-12-18
C107163,Ankit Roul,23,Male,Mumbai,Maharashtra,Student,52557.59,724,Savings,87599.58,2015-08-02
C107164,Priya Nayak,29,Female,Jaipur,Rajasthan,Salaried,51073.81,625,Savings,39775.06,2021-06-03
C107165,Aditi Mohanty,35,Female,Hyderabad,Telangana,Salaried,65306.91,716,Savings,136799.72,2022-05-05
C107166,Isha Rao,55,Male,Indore,Madhya Pradesh,Salaried,116414.93,755,Savings,192915.14,2023-10-13
C107167,Rohan Behera,35,Male,Pune,Maharashtra,Salaried,39285.53,698,Savings,49547.1,2023-10-18
C107168,Sneha Verma,47,Female,Indore,Madhya Pradesh,Salaried,37683.86,671,Salary,59195.39,2024-10-11
C107169,Kavya Kumar,36,Male,Kochi,Kerala,Salaried,111508.98,741,Salary,67740.36,2025-09-11
C107170,Priya Jain,31,Male,Ahmedabad,Gujarat,Student,40283.92,641,Salary,30442.09,2024-09-20
C107171,Ankit Mishra,34,Female,Kolkata,West Bengal,Business,61941.19,761,Salary,89604.22,2025-07-23
C107172,Isha Patel,34,Other,Chandigarh,Chandigarh,Business,39719.59,677,Savings,16327.09,2023-04-24
C107173,Rohan Behera,42,Female,Kolkata,West Bengal,Salaried,21837.24,567,Savings,23821.79,2016-12-21
C107174,Nisha Patel,50,Female,Bengaluru,Karnataka,Self-Employed,61335.39,675,Salary,13824.66,2018-03-26
C107175,Amit Gupta,40,Female,Kolkata,West Bengal,Salaried,101562.62,701,Current,67306.37,2021-02-22
C107176,Riya Sharma,48,Female,Guwahati,Assam,Salaried,53154.51,741,Current,87554.89,2020-04-10
C107177,Ankit Singh,26,Male,Chennai,Tamil Nadu,Salaried,24347.3,733,Salary,27943.53,2025-07-25
C107178,Ankit Rao,32,Male,Indore,Madhya Pradesh,Self-Employed,58400.36,621,Salary,120189.17,2019-09-30
C107179,Nisha Sahu,29,Male,Bengaluru,Karnataka,Salaried,36290.64,713,Current,53680.52,2025-01-13
C107180,Vivaan Sharma,39,Male,Indore,Madhya Pradesh,Salaried,13021.55,670,Savings,500.0,2016-11-18
C107181,Vivaan Panda,32,Male,Bhubaneswar,Odisha,Salaried,52606.89,682,Savings,65410.62,2017-08-25
C107182,Ankit Sharma,43,Male,Ahmedabad,Gujarat,Salaried,73116.9,640,Savings,85843.5,2015-03-12
C107183,Aditi Reddy,27,Male,Guwahati,Assam,Salaried,105116.7,702,Salary,21015.19,2024-01-22
C107184,Neha Verma,36,Male,Pune,Maharashtra,Salaried,144546.79,850,Savings,82655.69,2025-10-12
C107185,Kavya Mishra,43,Female,Pune,Maharashtra,Salaried,78676.76,826,Savings,25028.25,2017-03-11
C107186,Kavya Sahu,18,Male,Jaipur,Rajasthan,Salaried,91908.66,640,Premium Savings,148849.27,2021-10-04
C107187,Rahul Nayak,57,Female,Ahmedabad,Gujarat,Salaried,27134.94,709,Savings,500.0,2022-12-28
C107188,Rohan Jain,33,Male,Bhubaneswar,Odisha,Salaried,134200.83,685,Savings,123218.53,2015-11-12
C107189,Sneha Singh,18,Female,Bengaluru,Karnataka,Salaried,110429.94,714,Savings,213367.14,2015-10-03
C107190,Rahul Verma,38,Female,Kochi,Kerala,Business,44944.11,765,Salary,45256.63,2023-09-01
C107191,Sahil Behera,36,Female,Ahmedabad,Gujarat,Salaried,80017.57,697,Salary,500.0,2016-02-20
C107192,Rahul Patel,35,Female,Chennai,Tamil Nadu,Salaried,75710.79,659,Current,70773.19,2018-01-07
C107193,Amit Sahu,46,Female,Pune,Maharashtra,Salaried,123464.12,780,Current,46528.19,2024-03-01
C107194,Aditi Mishra,43,Male,Mumbai,Maharashtra,Salaried,50613.78,625,Premium Savings,36079.59,2023-10-13
C107195,Vivaan Behera,39,Other,Delhi,Delhi,Salaried,36485.15,717,Savings,43082.58,2017-01-02
C107196,Aditya Gupta,41,Female,Ahmedabad,Gujarat,Retired,42006.91,608,Savings,60387.73,2020-12-27
C107197,Vivaan Kumar,35,Female,Chennai,Tamil Nadu,Business,90068.54,638,Savings,64820.09,2016-05-23
C107198,Priya Singh,54,Male,Kolkata,West Bengal,Salaried,19132.81,753,Savings,24237.78,2023-09-27
C107199,Pooja Mishra,21,Female,Jaipur,Rajasthan,Self-Employed,12000.0,661,Savings,8731.34,2020-03-09
C107200,Arjun Kumar,37,Female,Indore,Madhya Pradesh,Salaried,89942.46,583,Premium Savings,178702.45,2021-03-16
C107201,Pooja Das,37,Female,Chennai,Tamil Nadu,Salaried,63973.96,658,Savings,67473.91,2023-07-14
C107202,Rohan Jain,44,Female,Lucknow,Uttar Pradesh,Business,55561.36,651,Salary,77904.54,2019-02-20
C107203,Ankit Reddy,28,Male,Pune,Maharashtra,Salaried,26823.61,623,Salary,69102.11,2023-02-10
C107204,Sahil Rao,19,Male,Hyderabad,Telangana,Salaried,21475.09,741,Savings,15317.74,2017-01-02
C107205,Priya Sahu,38,Male,Kochi,Kerala,Self-Employed,38796.97,604,Premium Savings,93028.46,2016-09-17
C107206,Nisha Sharma,39,Male,Kolkata,West Bengal,Self-Employed,67105.47,667,Current,89563.16,2020-12-25
C107207,Aarav Reddy,51,Male,Hyderabad,Telangana,Retired,39851.8,714,Current,27177.58,2025-06-15
C107208,Isha Gupta,23,Male,Indore,Madhya Pradesh,Business,90232.38,683,Savings,157425.8,2017-02-04
C107209,Rahul Behera,48,Male,Pune,Maharashtra,Business,32544.24,679,Salary,500.0,2017-10-03
C107210,Amit Roul,60,Male,Kolkata,West Bengal,Salaried,41334.33,658,Savings,67799.01,2023-10-29
C107211,Priya Behera,32,Male,Ahmedabad,Gujarat,Salaried,80971.22,626,Savings,24789.11,2015-02-05
C107212,Isha Gupta,23,Female,Bengaluru,Karnataka,Business,44702.52,664,Savings,72796.91,2018-08-26
C107213,Pooja Nayak,32,Female,Lucknow,Uttar Pradesh,Retired,45937.91,748,Savings,93274.89,2024-08-04
C107214,Rohan Das,36,Female,Jaipur,Rajasthan,Salaried,38606.26,677,Salary,42816.15,2016-12-04
C107215,Nisha Dasgupta,42,Male,Bengaluru,Karnataka,Retired,34862.64,716,Salary,24797.64,2023-08-05
C107216,Amit Mehta,30,Female,Bhubaneswar,Odisha,Salaried,66828.57,778,Savings,96458.13,2018-01-20
C107217,Aditi Sahu,52,Female,Chandigarh,Chandigarh,Salaried,71763.19,744,Salary,107510.67,2020-10-03
C107218,Neha Rao,25,Other,Lucknow,Uttar Pradesh,Salaried,62318.9,622,Savings,49630.05,2024-02-14
C107219,Kavya Reddy,19,Female,Kolkata,West Bengal,Salaried,39190.42,734,Savings,12106.11,2015-03-26
C107220,Ananya Mishra,47,Female,Chandigarh,Chandigarh,Business,49230.47,773,Savings,59186.59,2020-08-13
C107221,Aditi Sharma,18,Female,Lucknow,Uttar Pradesh,Salaried,132303.34,667,Salary,127567.94,2020-08-28
C107222,Rohan Das,34,Male,Kochi,Kerala,Student,25172.13,602,Salary,41725.93,2025-01-13
C107223,Neha Das,67,Male,Ahmedabad,Gujarat,Self-Employed,155178.08,676,Savings,235183.29,2015-08-21
C107224,Ankit Mohanty,36,Female,Kochi,Kerala,Salaried,58100.78,717,Savings,65758.75,2019-06-02
C107225,Amit Jain,25,Male,Jaipur,Rajasthan,Business,49812.39,744,Savings,58067.47,2016-07-06
C107226,Priya Sharma,35,Male,Mumbai,Maharashtra,Salaried,92915.57,671,Salary,76097.22,2016-11-15
C107227,Vivaan Roul,35,Female,Bengaluru,Karnataka,Business,17642.96,573,Premium Savings,23962.75,2015-07-18
C107228,Rahul Behera,38,Male,Guwahati,Assam,Salaried,117508.3,622,Current,120332.88,2020-04-05
C107229,Nisha Sharma,43,Female,Lucknow,Uttar Pradesh,Salaried,152792.74,728,Savings,133611.72,2016-09-30
C107230,Nisha Patel,26,Female,Lucknow,Uttar Pradesh,Self-Employed,100054.82,834,Savings,126678.42,2024-06-29
C107231,Vivaan Sahu,53,Male,Pune,Maharashtra,Student,17306.4,704,Premium Savings,32438.52,2016-06-25
C107232,Ankit Mohanty,38,Male,Guwahati,Assam,Self-Employed,83732.36,790,Premium Savings,39491.92,2017-09-17
C107233,Neha Reddy,43,Male,Guwahati,Assam,Self-Employed,135996.94,636,Premium Savings,238263.31,2024-08-30
C107234,Ankit Nayak,30,Male,Pune,Maharashtra,Business,128489.22,663,Salary,135458.62,2021-10-30
C107235,Rahul Mohanty,49,Male,Delhi,Delhi,Salaried,25352.67,553,Savings,59801.38,2024-05-10
C107236,Isha Rao,33,Male,Kochi,Kerala,Business,96190.39,729,Salary,52944.31,2019-02-13
C107237,Amit Mehta,39,Male,Lucknow,Uttar Pradesh,Salaried,147657.72,647,Salary,177057.4,2021-06-08
C107238,Priya Gupta,27,Male,Bengaluru,Karnataka,Salaried,55898.6,744,Savings,79383.22,2023-10-13
C107239,Vivaan Nayak,26,Female,Kolkata,West Bengal,Salaried,24738.17,672,Salary,37344.23,2018-02-17
C107240,Rohan Mishra,43,Female,Indore,Madhya Pradesh,Salaried,86755.35,836,Salary,158026.77,2020-03-09
C107241,Arjun Jain,32,Female,Kolkata,West Bengal,Salaried,98194.98,822,Salary,186762.26,2017-10-03
C107242,Aditi Rao,27,Female,Hyderabad,Telangana,Salaried,50946.12,555,Salary,63945.01,2020-02-07
C107243,Aditi Singh,30,Male,Bengaluru,Karnataka,Salaried,28572.23,743,Current,47320.03,2016-12-18
C107244,Vivaan Sahu,43,Female,Chennai,Tamil Nadu,Business,94383.18,657,Salary,183173.55,2022-12-19
C107245,Pooja Verma,30,Male,Chandigarh,Chandigarh,Self-Employed,36034.91,747,Savings,45394.92,2016-03-26
C107246,Sahil Panda,35,Male,Pune,Maharashtra,Self-Employed,68434.28,618,Savings,34381.42,2023-01-01
C107247,Amit Behera,36,Female,Mumbai,Maharashtra,Salaried,129583.4,799,Savings,181362.47,2017-10-13
C107248,Karan Nayak,18,Male,Jaipur,Rajasthan,Business,22087.11,772,Current,21781.31,2016-10-25
C107249,Amit Panda,21,Male,Chennai,Tamil Nadu,Salaried,90613.52,613,Savings,119268.7,2022-03-06
C107250,Sneha Panda,39,Female,Lucknow,Uttar Pradesh,Self-Employed,49092.83,693,Current,56528.28,2021-10-18
C107251,Aarav Gupta,29,Female,Hyderabad,Telangana,Salaried,49797.95,716,Savings,49144.17,2023-06-18
C107252,Priya Roul,47,Male,Bhubaneswar,Odisha,Self-Employed,72981.59,752,Current,48142.71,2015-06-23
C107253,Nisha Das,46,Male,Pune,Maharashtra,Salaried,35983.91,704,Current,40212.3,2015-10-02
C107254,Ananya Das,43,Female,Chennai,Tamil Nadu,Business,28820.09,756,Salary,39448.23,2019-03-26
C107255,Isha Rao,54,Female,Chandigarh,Chandigarh,Student,20615.15,700,Current,21634.18,2016-07-10
C107256,Riya Mishra,35,Male,Lucknow,Uttar Pradesh,Business,108288.9,745,Salary,176134.13,2015-01-03
C107257,Priya Mohanty,42,Female,Hyderabad,Telangana,Salaried,44831.61,616,Savings,75811.33,2018-03-22
C107258,Karan Mishra,30,Female,Delhi,Delhi,Salaried,75248.83,703,Savings,102864.53,2020-03-02
C107259,Isha Kumar,61,Male,Guwahati,Assam,Student,42121.81,780,Savings,27540.22,2020-12-06
C107260,Amit Mishra,56,Female,Pune,Maharashtra,Salaried,29031.02,797,Salary,37041.5,2023-12-17
C107261,Aarav Rao,36,Female,Chandigarh,Chandigarh,Retired,78736.37,716,Current,36664.37,2020-06-29
C107262,Amit Gupta,40,Male,Ahmedabad,Gujarat,Salaried,65871.94,699,Savings,65656.07,2022-08-07
C107263,Priya Mishra,50,Female,Bhubaneswar,Odisha,Retired,48281.03,794,Salary,45451.74,2023-06-17
C107264,Karan Patel,35,Male,Ahmedabad,Gujarat,Student,64934.3,698,Savings,68843.11,2019-06-06
C107265,Rohan Mishra,29,Female,Jaipur,Rajasthan,Business,32429.44,779,Savings,16459.74,2021-03-04
C107266,Neha Nayak,45,Female,Ahmedabad,Gujarat,Salaried,98559.76,698,Savings,188080.2,2021-01-26
C107267,Arjun Das,37,Male,Lucknow,Uttar Pradesh,Salaried,111960.96,708,Savings,118086.1,2023-02-22
C107268,Rahul Nayak,38,Female,Ahmedabad,Gujarat,Student,83508.69,633,Savings,74571.63,2019-07-13
C107269,Kavya Gupta,28,Female,Bengaluru,Karnataka,Student,44823.88,624,Premium Savings,53016.83,2024-12-19
C107270,Aarav Panda,19,Male,Mumbai,Maharashtra,Salaried,56824.86,769,Current,85379.94,2020-11-20
C107271,Riya Verma,38,Male,Bengaluru,Karnataka,Salaried,130346.1,817,Current,219906.02,2020-03-26
C107272,Karan Mohanty,45,Male,Hyderabad,Telangana,Business,111271.66,712,Current,177815.96,2025-10-15
C107273,Rohan Patel,34,Female,Ahmedabad,Gujarat,Self-Employed,164672.92,694,Savings,219848.79,2022-04-05
C107274,Amit Mishra,50,Female,Hyderabad,Telangana,Student,35803.58,771,Premium Savings,38785.24,2025-07-30
C107275,Ananya Patel,29,Female,Bhubaneswar,Odisha,Business,34080.2,727,Premium Savings,24717.7,2020-10-29
C107276,Priya Reddy,25,Male,Kochi,Kerala,Student,59218.67,549,Salary,90405.99,2018-12-20
C107277,Sneha Patel,35,Female,Delhi,Delhi,Salaried,68794.64,770,Savings,39008.86,2023-10-27
C107278,Rahul Mishra,35,Male,Lucknow,Uttar Pradesh,Salaried,50859.87,618,Salary,63850.88,2021-10-16
C107279,Rahul Mehta,44,Male,Indore,Madhya Pradesh,Salaried,44389.67,704,Savings,86115.01,2021-06-23
C107280,Arjun Sharma,28,Male,Lucknow,Uttar Pradesh,Student,110432.07,676,Current,73431.66,2023-01-21
C107281,Kavya Reddy,50,Male,Bhubaneswar,Odisha,Salaried,52322.71,663,Savings,41556.81,2024-05-23
C107282,Ananya Verma,56,Female,Hyderabad,Telangana,Salaried,28189.99,708,Savings,40945.43,2023-05-28
C107283,Priya Dasgupta,36,Female,Ahmedabad,Gujarat,Salaried,30039.23,763,Salary,57433.31,2019-07-18
C107284,Kavya Patel,48,Female,Kolkata,West Bengal,Salaried,63005.28,707,Premium Savings,22337.07,2023-06-06
C107285,Nisha Gupta,25,Female,Indore,Madhya Pradesh,Business,286801.99,797,Salary,255988.16,2017-10-26
C107286,Vivaan Gupta,47,Male,Jaipur,Rajasthan,Business,32154.88,805,Savings,23451.28,2020-11-14
C107287,Rahul Singh,46,Other,Indore,Madhya Pradesh,Business,46254.21,804,Savings,48718.69,2025-07-04
C107288,Ankit Mehta,45,Female,Bengaluru,Karnataka,Salaried,206432.98,701,Premium Savings,264827.21,2019-07-28
C107289,Sneha Nayak,36,Female,Indore,Madhya Pradesh,Student,42139.22,674,Savings,68438.88,2016-11-14
C107290,Aditya Reddy,18,Male,Kolkata,West Bengal,Salaried,70656.96,703,Current,75198.75,2020-08-22
C107291,Nisha Behera,30,Male,Indore,Madhya Pradesh,Self-Employed,154328.6,778,Savings,262991.6,2024-08-15
C107292,Rohan Verma,30,Female,Chennai,Tamil Nadu,Salaried,32590.47,774,Savings,27686.92,2020-08-08
C107293,Ananya Reddy,26,Male,Lucknow,Uttar Pradesh,Salaried,46397.24,536,Salary,87241.66,2016-06-01
C107294,Rahul Mehta,37,Female,Kolkata,West Bengal,Salaried,42137.24,725,Savings,98999.12,2024-01-10
C107295,Amit Bose,32,Female,Pune,Maharashtra,Self-Employed,23866.86,551,Current,15595.53,2015-05-30
C107296,Vivaan Rao,28,Male,Kochi,Kerala,Self-Employed,130384.07,704,Savings,80268.4,2017-04-27
C107297,Isha Reddy,25,Male,Chandigarh,Chandigarh,Salaried,39859.5,671,Savings,59758.08,2015-10-28
C107298,Nisha Reddy,29,Female,Hyderabad,Telangana,Salaried,33967.29,651,Savings,51776.62,2021-09-22
C107299,Amit Verma,47,Male,Chennai,Tamil Nadu,Student,43072.92,760,Current,88283.69,2019-02-14
C107300,Aarav Verma,29,Female,Kolkata,West Bengal,Salaried,91669.57,663,Premium Savings,152891.31,2024-06-10
C107301,Amit Nayak,31,Female,Kolkata,West Bengal,Salaried,58523.28,704,Salary,29369.03,2018-05-07
C107302,Aditi Gupta,31,Male,Bengaluru,Karnataka,Salaried,35584.73,644,Current,42968.56,2016-04-18
C107303,Aditya Behera,39,Female,Delhi,Delhi,Student,68879.98,710,Salary,53360.71,2021-10-11
C107304,Kavya Kumar,41,Female,Mumbai,Maharashtra,Salaried,85992.52,767,Salary,70334.51,2025-02-20
C107305,Priya Rao,18,Female,Ahmedabad,Gujarat,Retired,54285.8,648,Savings,82749.32,2019-08-17
C107306,Priya Verma,46,Female,Bengaluru,Karnataka,Salaried,48337.84,747,Current,62850.03,2019-04-17
C107307,Kavya Kumar,50,Female,Kochi,Kerala,Salaried,96164.95,709,Salary,134073.32,2019-03-20
C107308,Sneha Sahu,25,Male,Indore,Madhya Pradesh,Salaried,49838.18,708,Salary,77526.03,2018-05-11
C107309,Amit Das,26,Male,Kolkata,West Bengal,Business,133198.24,682,Savings,75785.58,2019-03-11
C107310,Isha Singh,31,Male,Mumbai,Maharashtra,Salaried,36257.06,755,Salary,34620.1,2015-04-08
C107311,Sahil Sahu,28,Male,Hyderabad,Telangana,Self-Employed,35795.81,749,Savings,29436.39,2018-07-12
C107312,Amit Sharma,38,Female,Delhi,Delhi,Salaried,33456.46,696,Salary,57971.15,2020-06-18
C107313,Neha Kumar,18,Male,Chennai,Tamil Nadu,Salaried,48229.34,718,Salary,90853.71,2017-03-24
C107314,Neha Singh,25,Female,Jaipur,Rajasthan,Student,55075.8,753,Salary,85266.67,2023-06-01
C107315,Aditya Dasgupta,51,Male,Mumbai,Maharashtra,Business,26528.87,740,Savings,12764.51,2015-03-07
C107316,Ananya Sahu,27,Male,Bhubaneswar,Odisha,Salaried,58006.19,685,Premium Savings,45479.39,2017-06-01
C107317,Amit Mehta,48,Female,Guwahati,Assam,Self-Employed,75059.26,781,Current,101467.05,2019-11-19
C107318,Rahul Sharma,40,Male,Ahmedabad,Gujarat,Self-Employed,24564.76,761,Salary,62518.1,2023-09-10
C107319,Aarav Mohanty,18,Female,Jaipur,Rajasthan,Salaried,41292.83,842,Current,37351.5,2022-02-28
C107320,Neha Reddy,42,Male,Pune,Maharashtra,Salaried,75147.31,603,Savings,69991.13,2023-06-01
C107321,Priya Patel,35,Female,Hyderabad,Telangana,Salaried,30209.38,751,Savings,53274.95,2016-08-25
C107322,Ankit Singh,31,Female,Mumbai,Maharashtra,Salaried,46226.12,780,Savings,56213.17,2020-01-17
C107323,Vivaan Mehta,38,Female,Hyderabad,Telangana,Business,100066.42,770,Current,105320.89,2024-09-13
C107324,Aditi Dasgupta,41,Male,Pune,Maharashtra,Salaried,147626.24,689,Savings,228183.25,2021-08-15
C107325,Sneha Bose,43,Male,Bengaluru,Karnataka,Salaried,70055.41,616,Current,56778.35,2023-11-12
C107326,Ananya Sahu,48,Female,Pune,Maharashtra,Salaried,50111.17,805,Current,89882.43,2023-07-05
C107327,Aditi Mohanty,40,Female,Kochi,Kerala,Retired,41744.36,674,Savings,75794.83,2023-05-27
C107328,Pooja Reddy,22,Male,Indore,Madhya Pradesh,Business,90762.66,686,Savings,149024.4,2016-07-26
C107329,Ankit Roul,31,Male,Kochi,Kerala,Salaried,102586.54,839,Savings,206444.44,2022-04-12
C107330,Karan Sahu,65,Male,Jaipur,Rajasthan,Salaried,29116.16,622,Salary,44029.18,2023-11-26
C107331,Aarav Bose,43,Male,Kochi,Kerala,Salaried,90746.32,758,Savings,109438.99,2018-05-21
C107332,Vivaan Panda,60,Female,Jaipur,Rajasthan,Self-Employed,39387.86,656,Savings,31259.76,2019-06-12
C107333,Vivaan Kumar,50,Male,Ahmedabad,Gujarat,Salaried,34280.53,655,Current,75008.33,2017-09-28
C107334,Vivaan Reddy,38,Male,Mumbai,Maharashtra,Retired,50543.22,716,Current,18396.34,2016-08-05
C107335,Ankit Sahu,39,Female,Bengaluru,Karnataka,Salaried,94890.2,749,Savings,52699.25,2015-03-09
C107336,Arjun Patel,36,Male,Bengaluru,Karnataka,Self-Employed,65203.04,767,Savings,124112.28,2025-02-05
C107337,Karan Behera,19,Female,Chennai,Tamil Nadu,Business,64239.33,775,Savings,14761.22,2017-07-19
C107338,Rahul Rao,36,Female,Guwahati,Assam,Business,66764.81,659,Savings,55584.87,2025-02-18
C107339,Isha Bose,48,Male,Bengaluru,Karnataka,Salaried,71132.55,631,Savings,127213.31,2019-12-04
C107340,Isha Dasgupta,30,Female,Mumbai,Maharashtra,Business,51653.09,683,Savings,67685.35,2017-11-01
C107341,Arjun Dasgupta,40,Male,Chandigarh,Chandigarh,Salaried,77856.86,728,Savings,68583.06,2020-06-16
C107342,Aditi Roul,45,Male,Kolkata,West Bengal,Salaried,38263.94,692,Savings,59452.15,2019-06-24
C107343,Vivaan Gupta,27,Male,Chennai,Tamil Nadu,Student,78679.87,469,Salary,63395.23,2020-03-25
C107344,Sneha Kumar,31,Male,Jaipur,Rajasthan,Retired,88117.85,586,Savings,62601.94,2022-12-29
C107345,Sneha Mishra,26,Male,Bengaluru,Karnataka,Business,80790.41,689,Salary,136807.08,2020-03-20
C107346,Riya Bose,28,Male,Lucknow,Uttar Pradesh,Salaried,83129.45,761,Premium Savings,105097.59,2019-03-02
C107347,Arjun Sahu,23,Female,Ahmedabad,Gujarat,Business,71023.39,646,Premium Savings,28185.71,2024-11-23
C107348,Isha Rao,27,Female,Chennai,Tamil Nadu,Salaried,104870.56,753,Savings,89738.75,2017-04-18
C107349,Riya Verma,50,Female,Pune,Maharashtra,Salaried,15767.42,608,Savings,50300.93,2020-03-12
C107350,Aditya Bose,27,Female,Mumbai,Maharashtra,Business,87960.99,722,Current,118308.4,2016-06-18
C107351,Ananya Sahu,37,Male,Kochi,Kerala,Salaried,163013.79,722,Salary,119572.88,2019-08-31
C107352,Aditi Patel,31,Male,Hyderabad,Telangana,Retired,39067.49,735,Current,52106.99,2025-10-05
C107353,Ananya Patel,48,Male,Ahmedabad,Gujarat,Salaried,36736.9,639,Savings,69622.0,2015-07-30
C107354,Nisha Jain,49,Male,Jaipur,Rajasthan,Salaried,111587.46,604,Current,18194.83,2017-10-02
C107355,Priya Jain,45,Female,Bengaluru,Karnataka,Business,33036.95,752,Savings,10104.47,2025-08-17
C107356,Riya Dasgupta,39,Female,Pune,Maharashtra,Business,38116.03,606,Salary,500.0,2016-08-19
C107357,Rohan Jain,34,Male,Kochi,Kerala,Salaried,60388.87,655,Current,85381.94,2025-01-22
C107358,Kavya Das,24,Male,Chandigarh,Chandigarh,Salaried,35442.44,795,Current,14437.65,2022-03-06
C107359,Isha Patel,55,Male,Jaipur,Rajasthan,Business,88996.47,716,Savings,92065.68,2025-05-07
C107360,Aarav Rao,28,Male,Pune,Maharashtra,Salaried,35601.65,729,Current,76395.89,2016-02-19
C107361,Rahul Rao,43,Male,Indore,Madhya Pradesh,Salaried,67066.29,746,Current,40583.11,2018-04-25
C107362,Rohan Sharma,47,Female,Kochi,Kerala,Self-Employed,64315.36,743,Current,72417.82,2019-03-13
C107363,Riya Kumar,30,Male,Kolkata,West Bengal,Salaried,137341.65,704,Salary,151976.5,2015-08-06
C107364,Ankit Mohanty,46,Female,Chennai,Tamil Nadu,Retired,104402.04,646,Salary,82809.39,2018-12-06
C107365,Rahul Roul,44,Male,Delhi,Delhi,Self-Employed,41103.49,850,Current,38520.87,2020-03-20
C107366,Pooja Roul,53,Male,Mumbai,Maharashtra,Retired,27436.17,686,Salary,8341.71,2025-03-13
C107367,Ananya Sahu,31,Female,Ahmedabad,Gujarat,Salaried,87201.02,727,Savings,134121.24,2019-05-03
C107368,Ankit Sharma,23,Female,Mumbai,Maharashtra,Retired,38396.57,734,Savings,76068.56,2024-12-12
C107369,Pooja Bose,31,Male,Kochi,Kerala,Salaried,45728.01,670,Current,62874.89,2022-04-30
C107370,Amit Sharma,38,Female,Delhi,Delhi,Salaried,30705.08,677,Savings,43929.55,2024-10-12
C107371,Riya Mishra,37,Male,Ahmedabad,Gujarat,Salaried,79901.11,802,Savings,58977.16,2019-11-11
C107372,Vivaan Jain,32,Male,Jaipur,Rajasthan,Salaried,38542.52,657,Savings,81606.53,2015-11-16
C107373,Aditi Mohanty,18,Female,Hyderabad,Telangana,Salaried,53950.14,732,Current,60782.18,2021-09-16
C107374,Isha Behera,41,Female,Kolkata,West Bengal,Self-Employed,54413.19,763,Savings,32094.74,2018-04-19
C107375,Nisha Panda,56,Male,Lucknow,Uttar Pradesh,Salaried,60842.68,691,Savings,37043.28,2018-12-24
C107376,Ananya Kumar,41,Male,Kolkata,West Bengal,Salaried,79141.26,699,Savings,86229.42,2024-03-17
C107377,Sahil Verma,42,Female,Hyderabad,Telangana,Self-Employed,48124.05,767,Current,92515.75,2020-09-30
C107378,Ankit Behera,42,Male,Kochi,Kerala,Salaried,36581.7,696,Savings,18577.91,2021-03-09
C107379,Riya Roul,40,Male,Bengaluru,Karnataka,Business,19778.27,570,Premium Savings,34307.58,2020-05-08
C107380,Neha Mohanty,45,Female,Chennai,Tamil Nadu,Self-Employed,58193.84,803,Salary,139970.1,2015-06-15
C107381,Aditya Gupta,40,Female,Kolkata,West Bengal,Student,50450.05,642,Savings,81712.32,2025-06-22
C107382,Sneha Rao,33,Male,Indore,Madhya Pradesh,Salaried,37209.84,719,Current,59845.45,2024-09-27
C107383,Sahil Panda,28,Female,Kochi,Kerala,Retired,56925.14,619,Savings,67589.13,2024-07-02
C107384,Vivaan Sahu,34,Female,Chennai,Tamil Nadu,Self-Employed,88069.27,672,Salary,145662.29,2020-05-17
C107385,Sneha Bose,39,Male,Chandigarh,Chandigarh,Retired,101379.57,677,Savings,33422.39,2015-10-05
C107386,Isha Sahu,33,Female,Kochi,Kerala,Salaried,23641.59,716,Savings,42900.48,2018-12-14
C107387,Pooja Verma,39,Female,Delhi,Delhi,Business,45098.97,648,Salary,29603.02,2018-09-19
C107388,Aditya Dasgupta,40,Male,Chennai,Tamil Nadu,Business,93307.18,834,Savings,160598.75,2017-03-03
C107389,Priya Rao,44,Male,Pune,Maharashtra,Salaried,132311.07,707,Current,59009.79,2018-06-25
C107390,Arjun Reddy,49,Female,Pune,Maharashtra,Self-Employed,35087.26,762,Salary,56749.85,2025-05-04
C107391,Neha Nayak,37,Female,Bengaluru,Karnataka,Business,117379.33,704,Salary,131406.0,2020-09-06
C107392,Ananya Sahu,23,Male,Ahmedabad,Gujarat,Self-Employed,26174.36,770,Savings,69457.29,2016-11-10
C107393,Vivaan Verma,33,Female,Lucknow,Uttar Pradesh,Salaried,103429.45,568,Salary,191376.13,2015-02-15
C107394,Aditi Verma,36,Female,Bengaluru,Karnataka,Business,47104.44,659,Savings,47564.34,2016-02-19
C107395,Sneha Roul,18,Female,Bhubaneswar,Odisha,Salaried,129915.73,671,Savings,72199.67,2016-08-20
C107396,Ankit Mishra,50,Female,Guwahati,Assam,Business,42611.15,671,Current,64191.26,2023-05-07
C107397,Aditya Bose,37,Male,Guwahati,Assam,Salaried,46381.16,739,Savings,92149.67,2022-12-22
C107398,Vivaan Mohanty,40,Male,Kolkata,West Bengal,Salaried,51109.34,743,Current,92935.77,2021-04-19
C107399,Karan Panda,50,Female,Delhi,Delhi,Salaried,23616.74,700,Current,35360.29,2018-01-09
C107400,Rahul Sharma,30,Male,Hyderabad,Telangana,Self-Employed,20862.92,702,Salary,22262.7,2015-09-03
C107401,Vivaan Singh,42,Female,Chandigarh,Chandigarh,Retired,72814.71,850,Savings,74233.82,2015-04-12
C107402,Ananya Bose,35,Male,Kochi,Kerala,Salaried,94725.9,726,Savings,143605.35,2020-09-17
C107403,Ananya Sahu,34,Male,Pune,Maharashtra,Salaried,76822.75,560,Savings,46806.64,2017-06-14
C107404,Priya Roul,28,Male,Lucknow,Uttar Pradesh,Salaried,27595.33,755,Current,52302.13,2022-01-27
C107405,Amit Rao,53,Female,Lucknow,Uttar Pradesh,Business,71624.49,741,Current,72387.19,2020-11-04
C107406,Kavya Rao,32,Female,Indore,Madhya Pradesh,Salaried,31903.67,780,Savings,69918.13,2019-03-01
C107407,Amit Sharma,43,Male,Ahmedabad,Gujarat,Salaried,68823.29,744,Savings,106089.69,2015-04-09
C107408,Karan Kumar,18,Male,Chennai,Tamil Nadu,Self-Employed,102467.71,646,Savings,85175.92,2020-01-11
C107409,Sneha Rao,48,Male,Ahmedabad,Gujarat,Salaried,67318.83,763,Salary,112874.33,2019-07-11
C107410,Riya Rao,47,Female,Indore,Madhya Pradesh,Salaried,123350.12,711,Salary,198876.6,2018-09-30
C107411,Arjun Panda,37,Male,Jaipur,Rajasthan,Salaried,50644.98,773,Savings,40713.46,2023-12-15
C107412,Rohan Sahu,34,Female,Kolkata,West Bengal,Business,48821.76,806,Current,8818.97,2021-11-15
C107413,Arjun Verma,40,Male,Delhi,Delhi,Student,57075.58,697,Current,73289.17,2020-02-29
C107414,Ankit Dasgupta,59,Male,Kolkata,West Bengal,Business,26281.9,762,Savings,11983.11,2018-11-22
C107415,Kavya Singh,18,Female,Kochi,Kerala,Salaried,44066.95,772,Savings,73790.53,2021-12-21
C107416,Aarav Kumar,44,Male,Bengaluru,Karnataka,Self-Employed,46247.62,715,Salary,53612.81,2018-08-30
C107417,Rahul Gupta,27,Female,Hyderabad,Telangana,Salaried,47046.35,832,Savings,63429.82,2018-03-13
C107418,Vivaan Singh,36,Male,Bengaluru,Karnataka,Business,63745.16,773,Salary,18774.77,2019-02-16
C107419,Ananya Nayak,34,Male,Hyderabad,Telangana,Self-Employed,24365.11,667,Current,4383.64,2015-07-28
C107420,Priya Mehta,32,Male,Hyderabad,Telangana,Student,29289.98,722,Savings,42385.09,2023-12-26
C107421,Aarav Patel,36,Male,Jaipur,Rajasthan,Salaried,102511.14,761,Premium Savings,90861.91,2020-10-18
C107422,Priya Nayak,25,Female,Hyderabad,Telangana,Business,18235.07,830,Savings,34685.34,2021-07-26
C107423,Nisha Patel,46,Female,Kochi,Kerala,Business,77195.2,745,Salary,23034.06,2016-05-20
C107424,Isha Patel,18,Female,Indore,Madhya Pradesh,Salaried,44785.09,724,Current,30795.18,2024-11-27
C107425,Nisha Panda,41,Male,Chennai,Tamil Nadu,Business,60063.39,787,Salary,76162.82,2019-12-01
C107426,Riya Roul,33,Female,Kochi,Kerala,Student,129578.58,691,Savings,227988.28,2023-07-04
C107427,Nisha Rao,24,Female,Hyderabad,Telangana,Student,51171.5,641,Savings,60925.96,2020-06-19
C107428,Sneha Mohanty,38,Male,Delhi,Delhi,Business,77578.99,751,Savings,139888.98,2019-11-11
C107429,Amit Bose,20,Female,Indore,Madhya Pradesh,Salaried,56800.49,680,Current,124419.1,2023-07-25
C107430,Isha Rao,36,Female,Pune,Maharashtra,Student,51788.92,850,Current,88497.4,2020-10-06
C107431,Rahul Nayak,22,Male,Mumbai,Maharashtra,Self-Employed,48380.01,721,Premium Savings,98912.67,2015-05-29
C107432,Sneha Kumar,41,Female,Bengaluru,Karnataka,Salaried,80875.85,751,Current,113598.44,2022-06-22
C107433,Sneha Roul,27,Male,Mumbai,Maharashtra,Salaried,36779.92,664,Savings,46258.56,2023-09-28
C107434,Aarav Roul,31,Male,Chennai,Tamil Nadu,Salaried,29509.74,787,Savings,45881.75,2021-02-22
C107435,Ankit Mishra,39,Male,Delhi,Delhi,Salaried,57299.64,703,Salary,68199.39,2023-03-04
C107436,Isha Mishra,28,Female,Ahmedabad,Gujarat,Business,61152.11,697,Salary,91342.13,2023-05-26
C107437,Vivaan Sharma,35,Male,Kochi,Kerala,Salaried,20166.97,698,Current,16727.76,2021-05-08
C107438,Aarav Panda,21,Female,Bengaluru,Karnataka,Salaried,54683.67,621,Savings,111371.08,2020-09-03
C107439,Aditya Nayak,42,Female,Bengaluru,Karnataka,Salaried,28009.7,689,Salary,40049.03,2015-10-03
C107440,Amit Mehta,54,Female,Delhi,Delhi,Self-Employed,77641.1,741,Savings,23252.56,2025-11-09
C107441,Rohan Behera,64,Male,Delhi,Delhi,Salaried,20395.34,605,Savings,41198.08,2016-09-20
C107442,Ankit Behera,37,Female,Chandigarh,Chandigarh,Salaried,158558.7,771,Savings,172708.79,2025-06-18
C107443,Amit Sharma,44,Female,Lucknow,Uttar Pradesh,Salaried,45664.63,688,Savings,65049.8,2024-04-01
C107444,Kavya Gupta,18,Male,Pune,Maharashtra,Business,34178.75,721,Current,44241.89,2019-03-28
C107445,Arjun Mohanty,51,Female,Ahmedabad,Gujarat,Salaried,47072.94,560,Savings,72026.15,2018-09-14
C107446,Nisha Panda,44,Female,Delhi,Delhi,Self-Employed,74685.22,720,Savings,119818.7,2022-05-29
C107447,Neha Mehta,31,Female,Bengaluru,Karnataka,Salaried,89755.72,637,Savings,39926.16,2023-01-04
C107448,Sahil Sahu,48,Male,Guwahati,Assam,Salaried,47297.71,682,Current,14443.48,2019-12-07
C107449,Sneha Singh,33,Male,Chandigarh,Chandigarh,Salaried,24929.54,603,Savings,11557.84,2023-03-16
C107450,Isha Behera,31,Male,Bengaluru,Karnataka,Salaried,28235.21,648,Savings,77647.78,2023-02-07
C107451,Kavya Roul,41,Male,Lucknow,Uttar Pradesh,Salaried,64382.79,694,Savings,64376.05,2022-02-14
C107452,Ananya Kumar,25,Female,Pune,Maharashtra,Salaried,94666.78,687,Savings,85145.16,2017-12-30
C107453,Isha Behera,46,Female,Kochi,Kerala,Salaried,101691.59,762,Salary,190483.72,2016-08-12
C107454,Sneha Das,25,Female,Mumbai,Maharashtra,Business,60327.26,584,Savings,152777.19,2016-08-05
C107455,Rahul Mehta,25,Female,Indore,Madhya Pradesh,Salaried,93629.73,702,Savings,141921.5,2023-07-19
C107456,Rahul Mohanty,27,Female,Chennai,Tamil Nadu,Student,157452.73,699,Salary,225337.32,2025-04-05
C107457,Priya Jain,44,Male,Hyderabad,Telangana,Business,105850.15,675,Savings,43012.15,2017-03-15
C107458,Vivaan Sharma,30,Female,Guwahati,Assam,Business,91327.69,646,Salary,78982.47,2016-01-17
C107459,Rohan Singh,23,Male,Jaipur,Rajasthan,Salaried,35294.49,777,Current,58017.71,2021-12-01
C107460,Amit Patel,30,Male,Indore,Madhya Pradesh,Business,93389.04,838,Savings,108915.73,2019-04-22
C107461,Rahul Mishra,36,Female,Indore,Madhya Pradesh,Salaried,70881.61,594,Savings,57565.45,2018-02-03
C107462,Ankit Patel,24,Male,Indore,Madhya Pradesh,Salaried,78664.21,645,Premium Savings,102186.12,2019-06-04
C107463,Ananya Jain,24,Male,Chandigarh,Chandigarh,Salaried,110050.75,640,Current,110642.13,2017-06-21
C107464,Pooja Mohanty,57,Female,Chandigarh,Chandigarh,Student,66989.78,687,Current,106832.31,2015-06-21
C107465,Arjun Das,27,Male,Bengaluru,Karnataka,Salaried,51983.83,787,Current,45302.26,2015-06-30
C107466,Ananya Reddy,33,Male,Delhi,Delhi,Student,30536.02,739,Savings,52757.35,2018-05-25
C107467,Ananya Bose,32,Male,Chandigarh,Chandigarh,Salaried,46723.59,695,Savings,39407.17,2015-02-19
C107468,Nisha Patel,32,Male,Kochi,Kerala,Student,61830.82,706,Savings,114272.0,2025-09-10
C107469,Sahil Kumar,42,Male,Delhi,Delhi,Student,64073.05,684,Current,57904.81,2016-06-28
C107470,Isha Das,45,Female,Pune,Maharashtra,Student,62894.9,753,Salary,30650.39,2017-03-07
C107471,Isha Sharma,33,Male,Pune,Maharashtra,Self-Employed,93229.45,761,Savings,138197.09,2019-09-10
C107472,Priya Reddy,24,Female,Ahmedabad,Gujarat,Student,88524.89,743,Savings,120147.46,2021-05-20
C107473,Neha Jain,49,Male,Indore,Madhya Pradesh,Retired,53153.54,562,Premium Savings,41310.46,2017-03-04
C107474,Neha Patel,35,Male,Hyderabad,Telangana,Salaried,34513.1,706,Savings,40886.59,2019-09-07
C107475,Riya Kumar,53,Female,Bengaluru,Karnataka,Salaried,67909.78,693,Savings,51087.36,2023-12-19
C107476,Rohan Roul,18,Female,Jaipur,Rajasthan,Business,189202.68,769,Savings,133774.05,2024-04-05
C107477,Nisha Singh,38,Female,Delhi,Delhi,Salaried,65628.94,721,Savings,92555.42,2024-11-26
C107478,Kavya Bose,55,Female,Ahmedabad,Gujarat,Business,46738.82,741,Savings,76690.39,2016-09-13
C107479,Riya Nayak,32,Male,Kochi,Kerala,Salaried,73850.52,673,Savings,88441.13,2019-10-15
C107480,Sahil Rao,34,Male,Chennai,Tamil Nadu,Self-Employed,76324.05,766,Savings,38882.44,2021-02-18
C107481,Aditi Patel,39,Female,Bengaluru,Karnataka,Salaried,75860.11,785,Salary,168453.9,2021-05-16
C107482,Nisha Dasgupta,30,Male,Kochi,Kerala,Salaried,117028.48,599,Salary,162003.85,2017-11-11
C107483,Sneha Roul,33,Male,Chandigarh,Chandigarh,Salaried,68012.01,621,Salary,63495.72,2025-04-10
C107484,Neha Reddy,33,Male,Guwahati,Assam,Business,114012.71,755,Premium Savings,47730.88,2017-05-12
C107485,Priya Singh,30,Female,Indore,Madhya Pradesh,Salaried,62424.76,694,Salary,94698.59,2015-01-03
C107486,Kavya Jain,48,Male,Chandigarh,Chandigarh,Business,126369.13,772,Savings,155623.73,2015-09-29
C107487,Aditi Mehta,41,Male,Hyderabad,Telangana,Business,106808.5,721,Savings,167183.01,2016-10-31
C107488,Riya Nayak,39,Male,Mumbai,Maharashtra,Self-Employed,91315.71,750,Savings,117551.65,2024-08-18
C107489,Ankit Nayak,44,Female,Bhubaneswar,Odisha,Salaried,84892.47,656,Savings,48557.94,2015-06-03
C107490,Rahul Sharma,33,Male,Jaipur,Rajasthan,Salaried,195032.83,727,Savings,174984.46,2017-12-23
C107491,Rahul Das,28,Male,Bengaluru,Karnataka,Salaried,99431.89,727,Current,42665.41,2023-02-26
C107492,Sahil Dasgupta,30,Female,Bhubaneswar,Odisha,Salaried,34474.12,660,Salary,45596.38,2020-05-30
C107493,Rahul Gupta,36,Female,Kochi,Kerala,Self-Employed,62964.97,770,Savings,77698.68,2023-10-29
C107494,Riya Dasgupta,25,Female,Jaipur,Rajasthan,Retired,47547.96,582,Current,83004.3,2015-09-28
C107495,Sneha Roul,31,Female,Bhubaneswar,Odisha,Salaried,171193.61,719,Savings,72788.54,2017-06-16
C107496,Aditya Mishra,31,Male,Bhubaneswar,Odisha,Self-Employed,109467.08,621,Savings,130262.66,2020-04-02
C107497,Pooja Mishra,57,Male,Kolkata,West Bengal,Retired,168158.38,639,Savings,233457.45,2025-04-06
C107498,Pooja Reddy,18,Male,Chennai,Tamil Nadu,Student,36210.03,769,Premium Savings,34826.74,2016-11-09
C107499,Ankit Verma,34,Female,Pune,Maharashtra,Student,100811.68,634,Premium Savings,160408.02,2025-05-16
C107500,Vivaan Mishra,53,Male,Lucknow,Uttar Pradesh,Business,25967.41,631,Savings,26333.53,2022-07-18
C107501,Aditya Kumar,37,Female,Lucknow,Uttar Pradesh,Salaried,22911.99,743,Salary,41685.77,2020-07-14
C107502,Riya Patel,44,Other,Bhubaneswar,Odisha,Student,44212.49,633,Savings,1537.44,2016-04-12
C107503,Rahul Jain,37,Male,Chennai,Tamil Nadu,Retired,126360.57,771,Current,146975.62,2015-11-24
C107504,Sneha Panda,29,Male,Kolkata,West Bengal,Self-Employed,31861.39,747,Current,36483.42,2022-07-04
C107505,Arjun Gupta,18,Male,Chandigarh,Chandigarh,Salaried,54493.79,654,Salary,63236.46,2020-02-26
C107506,Arjun Behera,38,Male,Ahmedabad,Gujarat,Salaried,105762.58,769,Savings,116735.82,2024-02-07
C107507,Amit Panda,28,Male,Bengaluru,Karnataka,Salaried,87606.96,579,Savings,42093.84,2025-01-31
C107508,Neha Sharma,28,Female,Hyderabad,Telangana,Salaried,186091.0,736,Savings,307903.41,2018-11-04
C107509,Sneha Reddy,31,Male,Hyderabad,Telangana,Self-Employed,55102.1,624,Current,36197.74,2021-12-01
C107510,Aarav Gupta,53,Male,Guwahati,Assam,Self-Employed,43139.41,671,Current,90338.99,2023-03-01
C107511,Pooja Reddy,60,Male,Pune,Maharashtra,Salaried,30125.4,675,Salary,34597.32,2025-12-25
C107512,Isha Panda,38,Female,Chennai,Tamil Nadu,Salaried,44922.25,788,Savings,68035.39,2019-03-05
C107513,Arjun Kumar,31,Female,Chandigarh,Chandigarh,Business,29974.7,672,Premium Savings,52588.37,2024-07-16
C107514,Nisha Behera,24,Female,Ahmedabad,Gujarat,Salaried,20476.71,700,Premium Savings,27616.74,2020-04-04
C107515,Rahul Mehta,41,Female,Indore,Madhya Pradesh,Salaried,161935.66,677,Savings,169470.09,2025-09-19
C107516,Sneha Behera,54,Male,Pune,Maharashtra,Self-Employed,56499.51,641,Savings,111814.92,2025-09-22
C107517,Rahul Nayak,34,Male,Ahmedabad,Gujarat,Salaried,228752.35,638,Current,150747.74,2017-11-23
C107518,Kavya Sahu,18,Male,Delhi,Delhi,Salaried,34664.79,725,Savings,21779.64,2021-06-21
C107519,Riya Dasgupta,43,Male,Mumbai,Maharashtra,Salaried,43444.68,703,Savings,89887.98,2021-04-06
C107520,Karan Nayak,46,Female,Kolkata,West Bengal,Business,35905.13,755,Savings,16810.02,2021-02-22
C107521,Aditya Patel,20,Male,Pune,Maharashtra,Self-Employed,38664.33,689,Salary,67448.32,2024-12-21
C107522,Amit Gupta,38,Male,Ahmedabad,Gujarat,Salaried,88926.95,691,Savings,102810.32,2025-02-08
C107523,Aditya Gupta,41,Female,Kolkata,West Bengal,Salaried,75099.31,755,Savings,76370.19,2024-02-18
C107524,Aditya Roul,35,Female,Jaipur,Rajasthan,Self-Employed,89015.31,681,Current,144330.51,2023-04-28
C107525,Aditya Bose,28,Female,Kolkata,West Bengal,Student,115074.82,611,Premium Savings,87278.92,2018-09-16
C107526,Arjun Kumar,46,Male,Bhubaneswar,Odisha,Self-Employed,101127.13,760,Current,40326.67,2022-01-30
C107527,Riya Kumar,32,Female,Kolkata,West Bengal,Business,31584.42,661,Savings,33801.07,2022-06-16
C107528,Ankit Sharma,21,Female,Guwahati,Assam,Self-Employed,41232.76,709,Savings,71096.62,2018-08-30
C107529,Priya Reddy,18,Male,Chennai,Tamil Nadu,Business,58800.4,664,Savings,18203.97,2020-11-27
C107530,Amit Das,49,Female,Pune,Maharashtra,Student,427366.31,642,Salary,515388.65,2016-09-29
C107531,Priya Kumar,42,Female,Delhi,Delhi,Business,84112.34,582,Savings,112733.81,2022-06-28
C107532,Pooja Panda,37,Male,Hyderabad,Telangana,Student,58323.9,727,Current,101822.03,2022-08-25
C107533,Aarav Nayak,32,Male,Jaipur,Rajasthan,Salaried,79649.38,484,Salary,99140.4,2024-05-14
C107534,Ankit Mohanty,31,Male,Pune,Maharashtra,Student,39473.14,789,Savings,76989.31,2023-01-14
C107535,Vivaan Bose,25,Male,Mumbai,Maharashtra,Self-Employed,63539.85,772,Salary,29637.5,2021-08-12
C107536,Ananya Sahu,32,Female,Guwahati,Assam,Student,92981.21,646,Salary,132797.58,2020-10-31
C107537,Aarav Panda,18,Male,Bhubaneswar,Odisha,Salaried,54129.84,808,Salary,41739.19,2022-08-27
C107538,Sahil Patel,29,Female,Jaipur,Rajasthan,Self-Employed,36278.63,839,Premium Savings,46898.11,2018-02-16
C107539,Sneha Mohanty,33,Female,Kochi,Kerala,Student,52694.05,687,Savings,19307.07,2024-01-16
C107540,Arjun Nayak,42,Female,Chandigarh,Chandigarh,Salaried,46134.73,732,Savings,58983.62,2021-08-29
C107541,Isha Mohanty,36,Male,Mumbai,Maharashtra,Business,26073.33,714,Savings,13932.48,2023-09-23
C107542,Isha Roul,44,Male,Mumbai,Maharashtra,Business,40164.34,803,Savings,15099.57,2025-01-20
C107543,Aditya Sharma,49,Male,Bengaluru,Karnataka,Salaried,25566.58,614,Savings,28065.72,2017-10-01
C107544,Karan Kumar,47,Male,Hyderabad,Telangana,Salaried,27857.33,690,Salary,13648.41,2017-07-15
C107545,Sahil Verma,41,Male,Delhi,Delhi,Self-Employed,29365.3,765,Savings,48978.5,2024-02-20
C107546,Sneha Gupta,36,Female,Chennai,Tamil Nadu,Self-Employed,92919.3,758,Savings,141379.39,2015-04-02
C107547,Priya Rao,26,Male,Chennai,Tamil Nadu,Salaried,124757.76,702,Current,65206.51,2019-11-13
C107548,Rahul Singh,43,Female,Guwahati,Assam,Salaried,23629.34,796,Salary,500.0,2020-06-02
C107549,Pooja Mehta,53,Male,Lucknow,Uttar Pradesh,Salaried,131162.13,720,Salary,174627.48,2018-01-19
C107550,Kavya Behera,39,Female,Chennai,Tamil Nadu,Salaried,29597.99,712,Savings,43834.63,2018-09-06
C107551,Sahil Patel,55,Female,Lucknow,Uttar Pradesh,Salaried,82939.98,750,Savings,93189.68,2025-07-16
C107552,Pooja Gupta,21,Male,Indore,Madhya Pradesh,Business,63404.85,701,Savings,88897.29,2020-09-15
C107553,Aarav Mishra,24,Female,Indore,Madhya Pradesh,Self-Employed,78026.74,708,Premium Savings,98620.56,2018-05-16
C107554,Karan Mohanty,45,Female,Kochi,Kerala,Business,28967.5,654,Premium Savings,23392.43,2020-08-05
C107555,Sahil Gupta,39,Female,Kochi,Kerala,Salaried,20298.29,850,Savings,55140.37,2025-11-28
C107556,Aditi Panda,49,Female,Chandigarh,Chandigarh,Self-Employed,35365.39,674,Current,18110.36,2023-02-14
C107557,Aditi Bose,36,Male,Bengaluru,Karnataka,Salaried,69554.52,752,Salary,91058.17,2019-07-16
C107558,Pooja Sharma,27,Male,Chennai,Tamil Nadu,Student,161358.8,829,Savings,311587.76,2015-07-30
C107559,Aditi Mishra,34,Male,Guwahati,Assam,Business,31217.7,618,Salary,27224.45,2025-09-04
C107560,Amit Behera,21,Female,Kochi,Kerala,Student,52089.98,745,Savings,34105.74,2021-08-20
C107561,Arjun Mishra,25,Other,Kolkata,West Bengal,Salaried,36428.07,707,Savings,36063.2,2018-05-15
C107562,Sneha Behera,46,Female,Kolkata,West Bengal,Business,54481.37,822,Premium Savings,77776.13,2023-12-28
C107563,Ankit Reddy,45,Male,Ahmedabad,Gujarat,Self-Employed,19018.29,646,Current,64380.09,2024-09-05
C107564,Rohan Jain,40,Female,Jaipur,Rajasthan,Business,125368.45,656,Salary,155511.43,2017-11-21
C107565,Ankit Reddy,19,Female,Bhubaneswar,Odisha,Self-Employed,55731.92,702,Current,34538.49,2016-03-12
C107566,Aarav Jain,32,Male,Bhubaneswar,Odisha,Self-Employed,91083.28,673,Savings,95628.18,2024-03-29
C107567,Aarav Mishra,24,Male,Kochi,Kerala,Salaried,48405.92,675,Savings,83985.97,2016-08-29
C107568,Rohan Sahu,48,Male,Delhi,Delhi,Business,61079.64,837,Salary,85354.68,2021-03-23
C107569,Pooja Verma,30,Female,Pune,Maharashtra,Salaried,102331.04,713,Savings,23717.28,2017-07-04
C107570,Amit Reddy,25,Female,Hyderabad,Telangana,Salaried,59132.31,654,Savings,62727.58,2024-06-21
C107571,Riya Patel,36,Male,Kochi,Kerala,Salaried,60314.45,680,Savings,109277.92,2023-10-15
C107572,Ananya Rao,30,Male,Bhubaneswar,Odisha,Retired,35540.24,731,Savings,47133.27,2017-06-15
C107573,Sneha Mishra,51,Female,Bhubaneswar,Odisha,Salaried,40992.96,727,Savings,54063.43,2024-11-16
C107574,Aditya Patel,29,Female,Kochi,Kerala,Student,31509.36,667,Salary,58596.39,2025-09-21
C107575,Aditya Sharma,22,Female,Kochi,Kerala,Retired,36650.37,599,Savings,61926.55,2017-10-15
C107576,Riya Behera,18,Female,Lucknow,Uttar Pradesh,Retired,109454.53,702,Salary,162831.9,2020-03-16
C107577,Sneha Mehta,36,Male,Kolkata,West Bengal,Student,148720.44,700,Savings,180849.26,2025-02-24
C107578,Ankit Sahu,30,Female,Kochi,Kerala,Student,27697.22,663,Savings,40075.33,2016-09-19
C107579,Arjun Das,22,Male,Chennai,Tamil Nadu,Salaried,68352.47,788,Savings,107266.31,2025-05-21
C107580,Priya Mishra,48,Female,Delhi,Delhi,Salaried,46182.59,742,Salary,69230.97,2016-02-08
C107581,Sneha Patel,43,Male,Kochi,Kerala,Self-Employed,118589.26,714,Salary,109316.56,2022-10-27
C107582,Sneha Nayak,36,Female,Lucknow,Uttar Pradesh,Self-Employed,59234.63,682,Current,39627.49,2021-01-29
C107583,Aarav Patel,50,Male,Hyderabad,Telangana,Salaried,54774.32,818,Salary,112641.76,2020-09-02
C107584,Sahil Mohanty,43,Female,Kolkata,West Bengal,Business,36514.52,630,Savings,82558.23,2019-01-26
C107585,Ankit Bose,28,Male,Ahmedabad,Gujarat,Self-Employed,23685.29,673,Savings,18836.16,2019-08-18
C107586,Sneha Mohanty,26,Male,Pune,Maharashtra,Student,83583.77,676,Current,91341.71,2023-04-30
C107587,Aditi Nayak,44,Female,Ahmedabad,Gujarat,Self-Employed,66784.53,724,Savings,68006.78,2019-06-26
C107588,Riya Jain,40,Male,Mumbai,Maharashtra,Self-Employed,67689.26,748,Current,135480.94,2019-09-14
C107589,Nisha Bose,38,Female,Indore,Madhya Pradesh,Salaried,39555.44,618,Savings,81457.0,2021-05-09
C107590,Nisha Gupta,28,Female,Bengaluru,Karnataka,Salaried,50762.63,661,Savings,54153.44,2018-09-18
C107591,Isha Gupta,42,Male,Guwahati,Assam,Retired,84980.53,734,Savings,170175.24,2018-05-10
C107592,Isha Reddy,28,Female,Guwahati,Assam,Salaried,94395.66,662,Savings,188102.22,2015-11-29
C107593,Pooja Sharma,35,Female,Pune,Maharashtra,Salaried,28765.41,679,Salary,39891.09,2017-09-20
C107594,Amit Jain,50,Female,Kolkata,West Bengal,Self-Employed,38822.18,716,Savings,69257.98,2016-10-27
C107595,Arjun Sharma,29,Female,Lucknow,Uttar Pradesh,Salaried,25607.81,641,Savings,22940.47,2021-12-27
C107596,Vivaan Mohanty,20,Male,Kolkata,West Bengal,Salaried,61438.0,723,Premium Savings,50405.3,2020-05-24
C107597,Pooja Sharma,25,Male,Kochi,Kerala,Salaried,89453.53,745,Salary,69116.27,2025-08-21
C107598,Aditya Mohanty,46,Female,Ahmedabad,Gujarat,Salaried,47183.28,707,Premium Savings,28116.18,2025-05-30
C107599,Kavya Mishra,39,Male,Chennai,Tamil Nadu,Salaried,38197.19,798,Savings,63391.94,2022-06-08
C107600,Kavya Mehta,35,Male,Bengaluru,Karnataka,Student,45737.44,752,Current,47780.08,2015-09-29
C107601,Nisha Nayak,31,Male,Kochi,Kerala,Self-Employed,195547.93,702,Savings,319726.43,2023-09-10
C107602,Aditi Roul,41,Male,Chandigarh,Chandigarh,Salaried,105942.2,684,Savings,71635.99,2018-07-09
C107603,Karan Patel,28,Female,Delhi,Delhi,Salaried,82218.61,819,Current,91678.16,2025-05-21
C107604,Pooja Bose,39,Female,Indore,Madhya Pradesh,Salaried,65586.54,662,Current,83195.45,2024-12-21
C107605,Arjun Kumar,29,Other,Chennai,Tamil Nadu,Student,54615.92,687,Savings,48646.99,2015-08-22
C107606,Aditya Mohanty,27,Female,Jaipur,Rajasthan,Salaried,33404.33,678,Salary,63303.47,2019-11-20
C107607,Arjun Panda,30,Male,Jaipur,Rajasthan,Retired,30673.63,731,Current,42786.51,2019-07-21
C107608,Neha Patel,32,Male,Jaipur,Rajasthan,Salaried,40244.86,850,Salary,54010.75,2024-02-21
C107609,Vivaan Gupta,36,Male,Chandigarh,Chandigarh,Business,32549.25,721,Premium Savings,80207.3,2019-11-06
C107610,Aditi Sharma,38,Female,Indore,Madhya Pradesh,Salaried,39371.26,684,Salary,78593.86,2016-09-22
C107611,Rohan Reddy,18,Male,Hyderabad,Telangana,Salaried,52002.44,717,Savings,76941.91,2019-08-24
C107612,Sahil Nayak,28,Male,Pune,Maharashtra,Salaried,54239.93,620,Savings,53326.06,2020-04-22
C107613,Ankit Reddy,32,Female,Ahmedabad,Gujarat,Self-Employed,39100.04,693,Savings,96053.51,2025-12-21
C107614,Ananya Mehta,51,Female,Delhi,Delhi,Salaried,72218.66,816,Savings,83506.81,2015-05-06
C107615,Nisha Sahu,25,Male,Mumbai,Maharashtra,Salaried,49569.7,748,Salary,95487.52,2018-09-29
C107616,Pooja Gupta,38,Male,Ahmedabad,Gujarat,Business,61893.64,785,Savings,37253.13,2025-07-07
C107617,Amit Mishra,51,Female,Kolkata,West Bengal,Salaried,36518.12,771,Salary,89572.08,2019-02-26
C107618,Amit Bose,23,Female,Chandigarh,Chandigarh,Salaried,80512.55,659,Salary,97369.88,2016-04-29
C107619,Ankit Panda,40,Male,Mumbai,Maharashtra,Student,40983.43,829,Savings,53427.66,2018-06-15
C107620,Neha Mehta,28,Male,Mumbai,Maharashtra,Self-Employed,133224.81,590,Savings,63087.71,2017-08-23
C107621,Ananya Das,31,Female,Ahmedabad,Gujarat,Business,48598.27,727,Savings,96888.3,2020-06-15
C107622,Amit Panda,28,Female,Bengaluru,Karnataka,Salaried,52209.11,571,Savings,24950.53,2024-11-09
C107623,Arjun Rao,29,Female,Lucknow,Uttar Pradesh,Salaried,76233.95,594,Savings,35032.74,2020-07-07
C107624,Aarav Roul,63,Female,Bhubaneswar,Odisha,Salaried,85957.31,766,Salary,64576.16,2025-05-28
C107625,Amit Verma,44,Female,Delhi,Delhi,Student,91205.0,660,Savings,47838.13,2025-09-30
C107626,Amit Sharma,47,Male,Mumbai,Maharashtra,Student,146043.8,786,Savings,92790.6,2019-06-12
C107627,Vivaan Nayak,41,Male,Indore,Madhya Pradesh,Retired,79152.01,564,Savings,110716.82,2021-08-07
C107628,Aditi Panda,20,Female,Chennai,Tamil Nadu,Salaried,53010.53,699,Current,76182.19,2017-05-26
C107629,Nisha Das,40,Female,Hyderabad,Telangana,Business,41100.81,626,Salary,43294.15,2019-07-19
C107630,Sneha Jain,47,Female,Jaipur,Rajasthan,Salaried,51097.09,684,Salary,95611.61,2019-10-28
C107631,Ananya Roul,27,Male,Mumbai,Maharashtra,Salaried,124404.99,806,Savings,123805.51,2024-07-11
C107632,Sneha Kumar,46,Female,Bengaluru,Karnataka,Business,25648.93,821,Premium Savings,64907.82,2017-08-21
C107633,Aditi Rao,43,Male,Bhubaneswar,Odisha,Salaried,35053.61,738,Current,35922.97,2018-03-19
C107634,Pooja Mishra,55,Female,Delhi,Delhi,Salaried,48759.03,601,Savings,44687.72,2017-09-23
C107635,Arjun Mohanty,32,Male,Guwahati,Assam,Salaried,34797.99,627,Savings,76983.28,2021-11-05
C107636,Karan Panda,25,Female,Kolkata,West Bengal,Business,43926.1,715,Savings,40544.02,2024-01-09
C107637,Ankit Sahu,32,Female,Delhi,Delhi,Salaried,148526.32,653,Savings,140951.48,2016-11-06
C107638,Rahul Gupta,50,Male,Mumbai,Maharashtra,Salaried,46683.09,748,Salary,88931.64,2018-10-08
C107639,Isha Rao,18,Male,Ahmedabad,Gujarat,Retired,68974.71,814,Savings,107754.98,2016-10-14
C107640,Rahul Roul,18,Female,Bhubaneswar,Odisha,Salaried,22094.42,641,Salary,500.0,2021-09-15
C107641,Riya Verma,37,Female,Mumbai,Maharashtra,Salaried,29993.86,647,Savings,24999.64,2018-09-01
C107642,Isha Jain,32,Male,Indore,Madhya Pradesh,Self-Employed,91864.0,628,Salary,63864.12,2021-08-27
C107643,Priya Mishra,36,Male,Guwahati,Assam,Business,137654.76,688,Salary,135336.9,2019-03-24
C107644,Aditi Singh,45,Male,Mumbai,Maharashtra,Salaried,62122.55,708,Savings,86374.42,2024-07-26
C107645,Kavya Jain,30,Female,Hyderabad,Telangana,Self-Employed,46480.1,706,Savings,92393.5,2015-12-06
C107646,Riya Mohanty,18,Male,Kolkata,West Bengal,Salaried,72256.49,763,Salary,34036.66,2016-02-17
C107647,Aditya Gupta,56,Male,Lucknow,Uttar Pradesh,Self-Employed,13180.58,731,Savings,40608.58,2015-12-03
C107648,Aditya Mishra,26,Female,Bhubaneswar,Odisha,Salaried,62386.56,701,Savings,80236.61,2015-12-04
C107649,Sahil Panda,25,Female,Jaipur,Rajasthan,Salaried,30937.6,708,Salary,70719.17,2023-12-06
C107650,Karan Kumar,47,Male,Indore,Madhya Pradesh,Salaried,85121.9,711,Premium Savings,108604.99,2023-04-09
C107651,Kavya Behera,32,Other,Ahmedabad,Gujarat,Student,16470.47,701,Salary,9205.8,2015-02-04
C107652,Sneha Mohanty,35,Female,Bhubaneswar,Odisha,Business,38928.49,661,Salary,53719.18,2016-09-06
C107653,Vivaan Sahu,41,Male,Lucknow,Uttar Pradesh,Student,53774.34,627,Savings,60015.44,2021-01-22
C107654,Aarav Verma,47,Male,Chennai,Tamil Nadu,Self-Employed,36174.27,714,Savings,33587.43,2019-10-22
C107655,Ananya Dasgupta,33,Female,Bengaluru,Karnataka,Salaried,44737.71,673,Current,52124.65,2020-07-10
C107656,Arjun Rao,51,Male,Delhi,Delhi,Salaried,90447.73,739,Savings,161899.11,2025-01-20
C107657,Amit Mehta,18,Male,Bengaluru,Karnataka,Student,54263.96,710,Savings,73789.53,2016-01-14
C107658,Pooja Behera,44,Male,Pune,Maharashtra,Self-Employed,32967.22,706,Salary,33210.38,2025-06-24
C107659,Rahul Kumar,28,Female,Guwahati,Assam,Retired,92254.7,769,Savings,108095.56,2025-11-17
C107660,Arjun Jain,50,Female,Bhubaneswar,Odisha,Salaried,63141.15,614,Current,76238.53,2023-11-25
C107661,Rahul Mehta,37,Female,Chandigarh,Chandigarh,Salaried,64599.15,820,Savings,121509.8,2024-01-23
C107662,Aarav Jain,29,Male,Chandigarh,Chandigarh,Salaried,33664.78,563,Savings,58778.46,2022-10-27
C107663,Nisha Dasgupta,43,Female,Kolkata,West Bengal,Salaried,13546.79,799,Current,18964.25,2022-04-08
C107664,Aditi Roul,45,Female,Ahmedabad,Gujarat,Salaried,33413.53,718,Salary,75757.6,2016-09-14
C107665,Ananya Gupta,42,Male,Kochi,Kerala,Salaried,31595.21,671,Savings,42325.93,2015-07-30
C107666,Sneha Nayak,26,Female,Chennai,Tamil Nadu,Self-Employed,39252.69,609,Salary,34497.77,2015-01-09
C107667,Sneha Roul,31,Male,Chandigarh,Chandigarh,Salaried,34615.88,666,Savings,46841.0,2020-04-14
C107668,Nisha Dasgupta,36,Female,Kolkata,West Bengal,Salaried,58517.0,694,Savings,119682.37,2016-12-28
C107669,Aditi Mohanty,36,Male,Lucknow,Uttar Pradesh,Business,89283.42,718,Current,77872.38,2015-05-14
C107670,Aarav Kumar,43,Female,Lucknow,Uttar Pradesh,Salaried,99406.94,799,Savings,37769.19,2016-06-30
C107671,Ankit Mehta,18,Female,Chennai,Tamil Nadu,Self-Employed,87164.72,710,Savings,115663.57,2018-04-08
C107672,Ananya Rao,39,Other,Jaipur,Rajasthan,Salaried,33570.22,726,Salary,60808.68,2024-06-17
C107673,Aarav Mishra,33,Male,Guwahati,Assam,Student,56810.92,728,Salary,95930.07,2019-02-11
C107674,Aditi Mishra,28,Male,Delhi,Delhi,Self-Employed,130083.22,684,Premium Savings,147079.87,2022-08-12
C107675,Sahil Singh,29,Male,Hyderabad,Telangana,Student,23005.41,693,Salary,23488.55,2022-09-09
C107676,Kavya Kumar,34,Female,Chandigarh,Chandigarh,Self-Employed,115452.56,698,Premium Savings,121930.14,2025-04-18
C107677,Riya Jain,18,Female,Lucknow,Uttar Pradesh,Salaried,31800.32,746,Current,11221.1,2024-04-09
C107678,Sneha Panda,29,Male,Kolkata,West Bengal,Salaried,64644.57,646,Savings,56658.11,2022-11-07
C107679,Rahul Verma,27,Male,Chandigarh,Chandigarh,Self-Employed,69017.84,672,Savings,49315.36,2019-01-03
C107680,Priya Singh,41,Female,Delhi,Delhi,Self-Employed,61055.63,728,Savings,73929.27,2022-06-21
C107681,Aditi Patel,28,Female,Ahmedabad,Gujarat,Business,187352.76,635,Savings,153824.69,2021-05-31
C107682,Priya Sharma,34,Male,Pune,Maharashtra,Salaried,46612.82,712,Salary,55767.68,2015-12-25
C107683,Aditi Das,51,Male,Indore,Madhya Pradesh,Self-Employed,22322.94,670,Current,45358.16,2015-06-15
C107684,Sneha Patel,46,Male,Hyderabad,Telangana,Business,66912.05,738,Savings,129554.38,2016-11-07
C107685,Aarav Patel,45,Female,Chandigarh,Chandigarh,Business,50089.49,794,Salary,23342.75,2025-01-05
C107686,Aditya Kumar,31,Female,Chennai,Tamil Nadu,Self-Employed,74624.87,670,Current,50886.93,2018-06-22
C107687,Vivaan Reddy,41,Female,Jaipur,Rajasthan,Retired,89343.24,754,Savings,83273.13,2018-09-14
C107688,Priya Sahu,34,Male,Chennai,Tamil Nadu,Salaried,53990.27,718,Savings,114970.09,2016-02-14
C107689,Aditya Sahu,34,Female,Chandigarh,Chandigarh,Salaried,69916.66,680,Savings,74268.07,2015-06-09
C107690,Aditya Panda,40,Male,Lucknow,Uttar Pradesh,Business,59540.93,705,Savings,81735.15,2021-07-15
C107691,Pooja Roul,30,Male,Lucknow,Uttar Pradesh,Salaried,147358.93,789,Salary,116118.61,2015-12-04
C107692,Riya Gupta,51,Other,Hyderabad,Telangana,Business,44859.0,694,Salary,37348.08,2015-06-11
C107693,Sahil Behera,34,Male,Bhubaneswar,Odisha,Salaried,37691.88,790,Savings,18014.74,2021-11-21
C107694,Isha Reddy,42,Male,Indore,Madhya Pradesh,Salaried,89276.22,697,Savings,134060.81,2015-01-01
C107695,Rahul Reddy,51,Other,Ahmedabad,Gujarat,Salaried,32992.63,613,Current,74331.67,2024-03-18
C107696,Amit Sharma,46,Male,Indore,Madhya Pradesh,Salaried,68239.25,695,Salary,94503.84,2025-05-06
C107697,Vivaan Dasgupta,22,Female,Mumbai,Maharashtra,Salaried,50101.91,608,Savings,103587.51,2017-02-26
C107698,Isha Singh,40,Female,Mumbai,Maharashtra,Salaried,52018.88,684,Current,77413.49,2023-11-08
C107699,Karan Bose,45,Female,Kochi,Kerala,Business,210156.13,682,Salary,96743.77,2016-11-27
C107700,Ankit Jain,45,Male,Chennai,Tamil Nadu,Business,108427.41,823,Salary,165951.68,2025-01-22
C107701,Nisha Behera,25,Male,Kolkata,West Bengal,Business,96467.09,810,Salary,97760.27,2019-05-20
C107702,Vivaan Dasgupta,29,Male,Hyderabad,Telangana,Student,73636.96,711,Savings,138478.23,2024-03-29
C107703,Sneha Rao,46,Male,Bhubaneswar,Odisha,Salaried,37599.86,784,Salary,50728.36,2020-07-01
C107704,Rahul Roul,28,Female,Kolkata,West Bengal,Student,63506.87,679,Savings,15468.85,2016-03-16
C107705,Karan Reddy,33,Male,Mumbai,Maharashtra,Self-Employed,75804.8,612,Current,114225.25,2017-12-30
C107706,Vivaan Gupta,52,Male,Lucknow,Uttar Pradesh,Salaried,61361.04,739,Savings,30991.44,2021-08-27
C107707,Sahil Bose,36,Female,Kochi,Kerala,Business,57942.19,728,Salary,70661.5,2018-04-08
C107708,Arjun Rao,29,Female,Pune,Maharashtra,Salaried,44200.5,644,Savings,74479.09,2021-11-25
C107709,Pooja Mishra,27,Female,Kochi,Kerala,Business,63926.59,647,Current,72894.94,2024-05-20
C107710,Neha Verma,39,Male,Guwahati,Assam,Salaried,41193.02,766,Salary,36703.31,2020-11-24
C107711,Priya Sahu,23,Female,Pune,Maharashtra,Salaried,80981.11,596,Salary,26272.24,2015-10-21
C107712,Aditya Behera,34,Female,Bengaluru,Karnataka,Salaried,18149.79,741,Current,3221.68,2024-04-30
C107713,Rahul Singh,39,Male,Mumbai,Maharashtra,Salaried,116122.09,685,Current,104655.63,2021-11-14
C107714,Aditya Bose,49,Male,Chandigarh,Chandigarh,Student,26733.49,741,Salary,43173.02,2018-03-11
C107715,Riya Singh,43,Male,Chennai,Tamil Nadu,Retired,30579.9,769,Savings,27686.62,2016-07-21
C107716,Rahul Sharma,29,Female,Kochi,Kerala,Salaried,68868.78,648,Current,90332.9,2015-09-24
C107717,Neha Roul,48,Male,Bhubaneswar,Odisha,Salaried,74017.47,631,Salary,83027.24,2020-03-08
C107718,Aditya Bose,33,Female,Mumbai,Maharashtra,Salaried,172498.07,800,Savings,131027.19,2021-10-18
C107719,Sneha Nayak,24,Female,Ahmedabad,Gujarat,Business,64734.2,701,Premium Savings,500.0,2024-07-23
C107720,Arjun Rao,34,Female,Hyderabad,Telangana,Salaried,53789.76,726,Savings,98572.21,2017-11-30
C107721,Sneha Reddy,50,Male,Indore,Madhya Pradesh,Student,61102.2,764,Savings,34343.83,2016-10-06
C107722,Amit Sharma,38,Male,Delhi,Delhi,Business,131907.57,643,Savings,65723.61,2022-03-20
C107723,Rahul Roul,36,Male,Guwahati,Assam,Student,208669.82,764,Savings,68123.35,2023-09-14
C107724,Neha Gupta,52,Male,Guwahati,Assam,Self-Employed,49684.5,747,Savings,52735.97,2022-11-06
C107725,Arjun Sahu,22,Female,Delhi,Delhi,Business,74132.8,801,Savings,133349.02,2020-10-09
C107726,Aditi Mishra,23,Male,Bengaluru,Karnataka,Self-Employed,52795.14,799,Savings,51905.83,2016-01-29
C107727,Neha Bose,20,Male,Mumbai,Maharashtra,Business,52221.1,709,Salary,86664.49,2020-07-26
C107728,Karan Mehta,40,Male,Chennai,Tamil Nadu,Business,154595.35,754,Savings,280179.03,2021-10-20
C107729,Aditi Panda,38,Male,Ahmedabad,Gujarat,Self-Employed,33055.26,708,Current,29721.68,2017-07-05
C107730,Aditya Sahu,51,Female,Pune,Maharashtra,Self-Employed,15233.22,714,Savings,16050.48,2022-09-23
C107731,Pooja Sahu,38,Female,Mumbai,Maharashtra,Student,65491.97,632,Salary,44402.77,2018-03-08
C107732,Sahil Sharma,32,Female,Kochi,Kerala,Student,106472.5,690,Premium Savings,162282.24,2015-05-12
C107733,Amit Singh,36,Male,Lucknow,Uttar Pradesh,Business,62070.84,588,Savings,116278.07,2019-05-31
C107734,Amit Panda,37,Female,Delhi,Delhi,Salaried,72497.0,696,Salary,105132.7,2024-07-22
C107735,Aditya Panda,19,Female,Pune,Maharashtra,Salaried,83191.86,791,Current,50752.92,2018-10-19
C107736,Amit Das,63,Male,Hyderabad,Telangana,Student,58459.5,756,Savings,30667.29,2022-06-16
C107737,Priya Singh,41,Male,Bengaluru,Karnataka,Salaried,74686.73,712,Savings,90598.49,2016-10-28
C107738,Riya Singh,38,Female,Lucknow,Uttar Pradesh,Salaried,74004.04,692,Salary,36932.49,2022-10-17
C107739,Sneha Mohanty,42,Female,Hyderabad,Telangana,Salaried,18729.52,670,Savings,11971.79,2020-04-20
C107740,Arjun Das,43,Female,Lucknow,Uttar Pradesh,Self-Employed,58554.62,645,Premium Savings,55930.43,2024-02-01
C107741,Sneha Behera,35,Male,Guwahati,Assam,Self-Employed,23157.13,758,Premium Savings,38455.56,2020-01-28
C107742,Amit Mohanty,30,Male,Guwahati,Assam,Salaried,53857.35,605,Savings,14397.71,2019-01-09
C107743,Nisha Gupta,42,Female,Jaipur,Rajasthan,Salaried,41885.04,604,Current,30865.98,2025-09-03
C107744,Aditi Behera,40,Female,Lucknow,Uttar Pradesh,Business,97128.94,764,Current,47803.17,2020-09-15
C107745,Nisha Mehta,28,Male,Chandigarh,Chandigarh,Student,62913.46,719,Salary,66218.06,2018-06-09
C107746,Rohan Das,50,Female,Pune,Maharashtra,Salaried,71349.42,708,Salary,121144.58,2018-04-17
C107747,Priya Das,39,Male,Chennai,Tamil Nadu,Salaried,49503.1,718,Current,92595.86,2022-04-30
C107748,Aditi Sahu,43,Female,Bengaluru,Karnataka,Self-Employed,98104.46,836,Current,97487.68,2022-11-30
C107749,Sahil Gupta,50,Female,Bengaluru,Karnataka,Business,22846.64,709,Savings,13899.19,2024-02-19
C107750,Ankit Bose,36,Female,Kochi,Kerala,Business,33609.44,724,Premium Savings,17308.41,2019-07-01
C107751,Sahil Mishra,39,Male,Kochi,Kerala,Business,111586.73,839,Savings,187607.64,2019-09-09
C107752,Neha Dasgupta,44,Male,Chandigarh,Chandigarh,Student,43281.55,701,Savings,50389.33,2024-01-19
C107753,Neha Bose,29,Female,Pune,Maharashtra,Salaried,16896.82,817,Savings,500.0,2025-06-08
C107754,Arjun Kumar,37,Female,Hyderabad,Telangana,Salaried,122276.62,568,Savings,60347.08,2017-08-21
C107755,Aditya Nayak,37,Female,Mumbai,Maharashtra,Self-Employed,99449.31,629,Current,76170.66,2023-11-28
C107756,Amit Mishra,26,Female,Kolkata,West Bengal,Business,81317.92,662,Savings,36733.4,2024-07-01
C107757,Vivaan Sahu,59,Female,Indore,Madhya Pradesh,Self-Employed,57931.22,743,Savings,84312.75,2018-06-20
C107758,Sahil Sharma,22,Female,Pune,Maharashtra,Retired,137104.59,820,Savings,79426.05,2022-06-21
C107759,Aditi Bose,23,Male,Delhi,Delhi,Business,109900.27,667,Savings,96591.93,2018-08-30
C107760,Aarav Mehta,49,Male,Lucknow,Uttar Pradesh,Business,128850.66,769,Savings,177430.39,2017-05-12
C107761,Riya Rao,43,Male,Hyderabad,Telangana,Salaried,80629.01,850,Salary,125219.68,2017-09-12
C107762,Kavya Reddy,26,Female,Chandigarh,Chandigarh,Salaried,58842.88,807,Current,38112.29,2020-03-04
C107763,Priya Mehta,42,Male,Kochi,Kerala,Business,44158.81,679,Savings,37323.83,2016-09-01
C107764,Ananya Behera,51,Male,Guwahati,Assam,Salaried,27369.39,761,Savings,25502.54,2022-11-20
C107765,Vivaan Jain,36,Female,Delhi,Delhi,Salaried,72490.7,727,Premium Savings,104604.59,2016-09-27
C107766,Rohan Rao,62,Female,Delhi,Delhi,Student,75889.61,662,Savings,123747.66,2015-05-31
C107767,Isha Rao,19,Female,Kolkata,West Bengal,Student,45374.64,733,Savings,9292.86,2015-11-22
C107768,Aditi Patel,43,Male,Mumbai,Maharashtra,Salaried,77081.07,674,Premium Savings,50232.68,2015-08-29
C107769,Rohan Verma,48,Female,Chennai,Tamil Nadu,Business,45816.09,713,Savings,64294.66,2021-08-04
C107770,Nisha Kumar,45,Male,Ahmedabad,Gujarat,Salaried,88625.39,615,Salary,62400.63,2024-10-24
C107771,Rahul Sharma,34,Male,Delhi,Delhi,Salaried,33857.96,590,Savings,39762.6,2016-04-27
C107772,Sahil Jain,33,Male,Hyderabad,Telangana,Self-Employed,30784.82,686,Salary,69735.39,2016-08-27
C107773,Amit Mohanty,40,Male,Ahmedabad,Gujarat,Business,48183.42,726,Savings,85507.72,2016-03-17
C107774,Rohan Kumar,44,Male,Indore,Madhya Pradesh,Salaried,86761.69,632,Premium Savings,93203.77,2020-01-13
C107775,Neha Das,42,Female,Mumbai,Maharashtra,Salaried,29078.56,739,Salary,58208.36,2016-05-31
C107776,Sneha Jain,46,Male,Hyderabad,Telangana,Salaried,97969.97,708,Savings,160203.52,2016-09-03
C107777,Aarav Roul,26,Female,Pune,Maharashtra,Retired,22284.91,747,Salary,37625.53,2023-02-08
C107778,Rahul Roul,34,Male,Delhi,Delhi,Business,48020.26,766,Premium Savings,32510.59,2015-10-28
C107779,Priya Bose,27,Male,Kolkata,West Bengal,Salaried,25283.23,792,Savings,28749.02,2018-03-03
C107780,Ankit Reddy,32,Male,Chennai,Tamil Nadu,Salaried,13090.52,744,Salary,52061.76,2023-08-22
C107781,Riya Sharma,46,Female,Pune,Maharashtra,Self-Employed,67281.26,686,Savings,67510.34,2018-09-24
C107782,Rohan Behera,37,Female,Kolkata,West Bengal,Self-Employed,49875.86,717,Savings,49752.18,2022-09-17
C107783,Priya Verma,62,Female,Bengaluru,Karnataka,Business,25506.38,850,Savings,17776.06,2018-08-03
C107784,Aditi Panda,38,Female,Guwahati,Assam,Salaried,41396.47,769,Salary,13543.06,2021-06-30
C107785,Nisha Rao,37,Female,Jaipur,Rajasthan,Retired,70129.05,710,Premium Savings,101377.62,2017-09-06
C107786,Pooja Mishra,37,Female,Pune,Maharashtra,Salaried,44918.55,695,Salary,73184.33,2023-01-22
C107787,Pooja Panda,30,Female,Mumbai,Maharashtra,Salaried,49306.63,666,Savings,48329.34,2020-05-26
C107788,Karan Behera,35,Male,Hyderabad,Telangana,Salaried,44176.02,628,Premium Savings,80566.29,2019-11-19
C107789,Ananya Rao,47,Female,Chennai,Tamil Nadu,Self-Employed,39927.57,816,Savings,74591.51,2019-08-06
C107790,Nisha Mehta,37,Male,Ahmedabad,Gujarat,Student,39642.34,736,Savings,62194.15,2016-05-17
C107791,Ananya Reddy,28,Male,Indore,Madhya Pradesh,Business,39007.33,623,Savings,30949.33,2025-06-05
C107792,Nisha Singh,27,Female,Mumbai,Maharashtra,Self-Employed,36346.74,697,Premium Savings,35522.35,2022-03-24
C107793,Sahil Mohanty,31,Male,Ahmedabad,Gujarat,Salaried,31431.83,788,Current,68243.68,2022-06-30
C107794,Sahil Reddy,37,Male,Indore,Madhya Pradesh,Salaried,44633.8,676,Savings,99637.35,2025-07-27
C107795,Aditya Reddy,48,Male,Guwahati,Assam,Self-Employed,38681.94,652,Current,64666.33,2022-07-14
C107796,Kavya Roul,23,Female,Delhi,Delhi,Business,30505.25,728,Savings,33656.89,2021-03-11
C107797,Sneha Mohanty,33,Male,Indore,Madhya Pradesh,Business,83817.45,748,Savings,2165.7,2023-03-07
C107798,Aarav Roul,37,Male,Ahmedabad,Gujarat,Salaried,108340.93,676,Savings,179867.34,2021-08-04
C107799,Isha Sahu,18,Female,Indore,Madhya Pradesh,Salaried,54996.89,666,Savings,90479.83,2018-05-24
C107800,Rahul Verma,28,Male,Lucknow,Uttar Pradesh,Salaried,57048.02,735,Savings,80062.49,2025-07-06
C107801,Sneha Mohanty,29,Male,Lucknow,Uttar Pradesh,Student,37578.16,632,Salary,71390.09,2022-12-14
C107802,Neha Kumar,28,Male,Indore,Madhya Pradesh,Self-Employed,98909.02,670,Savings,45703.15,2017-05-09
C107803,Arjun Das,38,Male,Lucknow,Uttar Pradesh,Salaried,143069.83,697,Current,106446.68,2025-01-16
C107804,Ananya Dasgupta,34,Male,Chennai,Tamil Nadu,Salaried,50261.86,753,Salary,48466.43,2020-04-22
C107805,Ankit Das,30,Male,Jaipur,Rajasthan,Salaried,41286.58,677,Current,106805.31,2022-05-11
C107806,Karan Roul,40,Male,Chandigarh,Chandigarh,Salaried,66363.33,742,Savings,44059.58,2015-05-19
C107807,Aarav Sharma,53,Female,Chennai,Tamil Nadu,Business,59041.78,781,Savings,65339.41,2019-01-31
C107808,Riya Patel,52,Female,Guwahati,Assam,Retired,41772.89,672,Savings,55909.31,2016-10-03
C107809,Ananya Jain,18,Female,Bhubaneswar,Odisha,Self-Employed,71271.1,850,Savings,112863.53,2019-05-20
C107810,Amit Patel,42,Male,Pune,Maharashtra,Salaried,92140.99,797,Current,121522.77,2017-02-23
C107811,Isha Singh,34,Male,Jaipur,Rajasthan,Business,35699.37,723,Savings,68937.89,2018-11-14
C107812,Nisha Das,38,Female,Ahmedabad,Gujarat,Business,222616.79,693,Savings,212365.16,2015-09-28
C107813,Sahil Dasgupta,32,Male,Pune,Maharashtra,Salaried,23670.16,669,Salary,45785.87,2015-07-20
C107814,Rahul Bose,37,Female,Jaipur,Rajasthan,Student,34429.14,813,Savings,64072.7,2015-05-09
C107815,Pooja Mishra,38,Male,Hyderabad,Telangana,Business,62553.09,719,Savings,85818.44,2024-06-07
C107816,Rohan Kumar,30,Female,Ahmedabad,Gujarat,Salaried,189258.42,611,Salary,197516.78,2024-07-26
C107817,Vivaan Rao,27,Male,Indore,Madhya Pradesh,Self-Employed,40362.79,594,Salary,47360.74,2024-01-05
C107818,Isha Bose,32,Male,Hyderabad,Telangana,Business,30605.29,712,Savings,32278.19,2017-10-29
C107819,Karan Reddy,38,Female,Jaipur,Rajasthan,Business,74397.03,714,Salary,89132.35,2019-05-15
C107820,Rohan Mohanty,42,Female,Chandigarh,Chandigarh,Salaried,47971.46,645,Salary,54806.2,2017-02-03
C107821,Amit Sahu,45,Male,Chennai,Tamil Nadu,Salaried,79298.87,607,Savings,121549.56,2024-02-11
C107822,Ananya Nayak,31,Female,Kochi,Kerala,Salaried,52900.03,577,Salary,91856.16,2020-07-31
C107823,Riya Verma,39,Male,Kochi,Kerala,Business,34325.61,656,Savings,78129.21,2020-03-13
C107824,Rahul Das,46,Male,Jaipur,Rajasthan,Salaried,200179.6,681,Savings,232883.58,2022-05-20
C107825,Aarav Rao,48,Female,Bengaluru,Karnataka,Self-Employed,12000.0,750,Salary,1775.41,2025-11-02
C107826,Rahul Sharma,35,Female,Pune,Maharashtra,Business,149674.73,697,Salary,254123.08,2019-06-17
C107827,Aditya Behera,34,Female,Chennai,Tamil Nadu,Salaried,91893.22,774,Savings,110939.42,2023-10-16
C107828,Pooja Sharma,38,Male,Delhi,Delhi,Business,36498.06,744,Current,67871.5,2022-12-14
C107829,Riya Nayak,25,Male,Hyderabad,Telangana,Salaried,154032.6,738,Savings,264812.83,2024-09-03
C107830,Rahul Dasgupta,34,Female,Bengaluru,Karnataka,Salaried,25869.19,769,Savings,44499.85,2018-08-18
C107831,Kavya Gupta,43,Male,Chandigarh,Chandigarh,Salaried,95755.13,615,Savings,68404.52,2020-01-16
C107832,Aditya Sahu,42,Male,Ahmedabad,Gujarat,Retired,17494.36,670,Salary,10802.64,2016-06-28
C107833,Rohan Rao,33,Male,Indore,Madhya Pradesh,Business,29285.72,850,Savings,40337.32,2024-02-24
C107834,Aditi Sahu,38,Male,Kochi,Kerala,Salaried,29245.75,581,Savings,20599.56,2018-09-01
C107835,Karan Jain,28,Male,Chennai,Tamil Nadu,Retired,36396.48,686,Savings,59386.12,2023-05-11
C107836,Priya Reddy,43,Male,Chennai,Tamil Nadu,Business,55351.45,736,Savings,36204.23,2025-11-03
C107837,Rohan Behera,35,Female,Jaipur,Rajasthan,Salaried,34919.53,583,Savings,67247.2,2022-12-07
C107838,Priya Verma,33,Female,Kochi,Kerala,Salaried,17944.92,656,Savings,37508.64,2019-09-26
C107839,Priya Reddy,32,Male,Bhubaneswar,Odisha,Salaried,70968.14,835,Premium Savings,90176.49,2022-05-20
C107840,Aarav Sharma,35,Male,Indore,Madhya Pradesh,Self-Employed,56500.88,716,Savings,89922.15,2018-07-13
C107841,Ananya Reddy,32,Male,Jaipur,Rajasthan,Self-Employed,68871.55,668,Savings,119411.86,2025-09-29
C107842,Vivaan Bose,43,Male,Chennai,Tamil Nadu,Salaried,60454.32,719,Savings,92591.11,2025-04-07
C107843,Arjun Behera,32,Female,Bengaluru,Karnataka,Salaried,92959.38,668,Savings,103419.63,2023-06-06
C107844,Ankit Dasgupta,52,Other,Guwahati,Assam,Salaried,52763.41,816,Savings,57014.64,2021-05-09
C107845,Sahil Singh,51,Female,Chennai,Tamil Nadu,Salaried,95987.65,641,Salary,151029.53,2024-09-25
C107846,Rahul Sahu,27,Female,Hyderabad,Telangana,Self-Employed,35898.66,671,Salary,28961.37,2022-11-06
C107847,Rohan Roul,37,Male,Ahmedabad,Gujarat,Salaried,37042.45,608,Savings,69032.42,2017-01-23
C107848,Vivaan Sharma,29,Male,Chandigarh,Chandigarh,Self-Employed,117232.0,686,Salary,222511.07,2015-01-31
C107849,Karan Sahu,33,Female,Jaipur,Rajasthan,Retired,115925.87,694,Salary,161473.92,2024-09-30
C107850,Aarav Mohanty,56,Female,Hyderabad,Telangana,Salaried,75406.34,783,Savings,78458.32,2023-10-14
C107851,Rahul Singh,33,Male,Lucknow,Uttar Pradesh,Salaried,33727.85,639,Savings,63163.79,2016-11-03
C107852,Amit Mehta,40,Male,Lucknow,Uttar Pradesh,Salaried,32266.69,736,Savings,29757.62,2025-09-13
C107853,Vivaan Singh,41,Female,Jaipur,Rajasthan,Salaried,114179.11,711,Savings,91654.85,2017-10-23
C107854,Isha Mishra,26,Male,Pune,Maharashtra,Business,110752.6,582,Savings,35073.27,2019-08-31
C107855,Aarav Roul,27,Female,Chennai,Tamil Nadu,Self-Employed,53109.96,658,Salary,30372.58,2016-01-17
C107856,Sahil Singh,24,Female,Kolkata,West Bengal,Self-Employed,199411.37,655,Current,324851.7,2020-06-17
C107857,Sahil Roul,27,Male,Bengaluru,Karnataka,Salaried,70790.74,814,Savings,66162.3,2024-10-26
C107858,Pooja Mehta,18,Female,Chandigarh,Chandigarh,Salaried,29915.4,740,Savings,15640.6,2018-10-02
C107859,Karan Panda,41,Other,Mumbai,Maharashtra,Salaried,47263.39,714,Savings,49009.42,2016-08-29
C107860,Arjun Sahu,57,Female,Delhi,Delhi,Self-Employed,55165.73,426,Current,82470.36,2015-06-22
C107861,Nisha Singh,37,Male,Jaipur,Rajasthan,Salaried,57676.65,581,Salary,17470.43,2024-11-30
C107862,Riya Sharma,22,Male,Delhi,Delhi,Business,109380.75,752,Salary,81860.34,2016-07-28
C107863,Aditi Kumar,30,Female,Hyderabad,Telangana,Self-Employed,32504.36,756,Salary,42588.91,2017-09-10
C107864,Neha Jain,31,Male,Mumbai,Maharashtra,Salaried,26443.26,657,Savings,4107.84,2020-10-01
C107865,Amit Kumar,26,Male,Ahmedabad,Gujarat,Self-Employed,76601.08,707,Salary,85622.2,2021-10-09
C107866,Neha Sahu,45,Male,Guwahati,Assam,Retired,41616.29,702,Savings,104348.58,2020-07-21
C107867,Aditi Jain,44,Female,Chandigarh,Chandigarh,Salaried,208567.25,716,Savings,335003.42,2025-09-25
C107868,Riya Rao,24,Male,Hyderabad,Telangana,Salaried,92397.91,681,Savings,15204.85,2018-02-12
C107869,Ankit Sharma,43,Male,Mumbai,Maharashtra,Salaried,41196.99,758,Savings,73507.02,2025-03-05
C107870,Amit Roul,51,Male,Lucknow,Uttar Pradesh,Self-Employed,107168.54,777,Savings,121814.3,2017-04-08
C107871,Aarav Gupta,55,Female,Chennai,Tamil Nadu,Salaried,82192.09,643,Current,134411.27,2023-01-31
C107872,Ananya Gupta,65,Female,Lucknow,Uttar Pradesh,Student,77934.34,627,Current,6213.85,2017-01-09
C107873,Sahil Reddy,27,Male,Hyderabad,Telangana,Self-Employed,51423.69,653,Savings,53146.24,2019-09-08
C107874,Aarav Jain,64,Female,Delhi,Delhi,Student,69309.44,708,Savings,105880.79,2015-06-07
C107875,Arjun Sahu,32,Male,Hyderabad,Telangana,Salaried,17300.0,728,Current,40258.91,2023-08-24
C107876,Sneha Gupta,30,Female,Chennai,Tamil Nadu,Business,113492.0,756,Savings,116968.59,2015-02-07
C107877,Nisha Mohanty,39,Female,Kolkata,West Bengal,Salaried,12000.0,768,Current,2232.5,2022-01-30
C107878,Aarav Sharma,30,Female,Jaipur,Rajasthan,Salaried,43127.7,729,Savings,94568.3,2019-01-17
C107879,Riya Nayak,40,Male,Chennai,Tamil Nadu,Student,22866.94,720,Salary,53623.6,2022-12-23
C107880,Ankit Mehta,23,Female,Kochi,Kerala,Salaried,41756.91,812,Savings,16602.28,2018-11-05
C107881,Riya Sharma,34,Female,Mumbai,Maharashtra,Retired,52803.04,705,Savings,112909.07,2023-12-22
C107882,Arjun Mehta,49,Female,Indore,Madhya Pradesh,Salaried,28477.0,743,Current,29139.2,2021-11-23
C107883,Arjun Rao,35,Male,Pune,Maharashtra,Retired,12000.0,726,Current,9920.26,2019-03-08
C107884,Neha Nayak,37,Male,Delhi,Delhi,Self-Employed,61634.35,694,Savings,80718.69,2018-10-13
C107885,Rahul Panda,41,Female,Kolkata,West Bengal,Business,173274.16,694,Salary,183709.33,2015-01-12
C107886,Neha Das,48,Male,Bhubaneswar,Odisha,Salaried,45337.25,791,Savings,61115.72,2016-03-04
C107887,Isha Sharma,19,Female,Kochi,Kerala,Self-Employed,93220.27,699,Savings,150153.7,2020-05-31
C107888,Nisha Singh,42,Male,Kochi,Kerala,Business,125806.48,682,Salary,137629.81,2023-08-27
C107889,Ankit Kumar,33,Female,Guwahati,Assam,Business,19342.65,657,Savings,3272.0,2024-03-30
C107890,Arjun Verma,38,Male,Kochi,Kerala,Salaried,42769.78,732,Premium Savings,93968.07,2025-11-14
C107891,Aarav Mehta,47,Male,Bengaluru,Karnataka,Salaried,27257.29,672,Savings,28000.1,2020-08-14
C107892,Aarav Behera,24,Male,Pune,Maharashtra,Salaried,35299.92,727,Salary,85345.32,2017-04-06
C107893,Neha Behera,26,Male,Guwahati,Assam,Salaried,140251.83,717,Savings,32210.35,2017-05-14
C107894,Nisha Sahu,18,Female,Kochi,Kerala,Salaried,62200.12,677,Savings,75778.14,2016-08-28
C107895,Arjun Roul,31,Female,Chandigarh,Chandigarh,Business,84875.56,614,Salary,156014.02,2018-09-23
C107896,Arjun Mehta,49,Female,Ahmedabad,Gujarat,Salaried,53687.96,638,Savings,88172.61,2022-08-18
C107897,Rohan Mehta,35,Female,Delhi,Delhi,Salaried,28262.31,648,Current,43980.83,2022-05-21
C107898,Ananya Das,23,Female,Lucknow,Uttar Pradesh,Retired,79861.73,640,Savings,54163.2,2024-08-14
C107899,Amit Das,31,Male,Hyderabad,Telangana,Salaried,109535.6,735,Savings,63053.76,2023-04-05
C107900,Rahul Dasgupta,21,Male,Kolkata,West Bengal,Self-Employed,65489.45,843,Savings,87433.73,2023-05-06
C107901,Vivaan Mehta,25,Male,Kolkata,West Bengal,Business,71977.36,672,Salary,5772.78,2020-08-30
C107902,Isha Dasgupta,40,Female,Pune,Maharashtra,Business,27887.89,680,Current,27575.14,2018-01-25
C107903,Karan Mohanty,24,Male,Jaipur,Rajasthan,Business,81134.49,667,Savings,155675.56,2020-12-14
C107904,Pooja Nayak,47,Male,Mumbai,Maharashtra,Business,115311.92,761,Salary,142639.57,2019-05-20
C107905,Amit Verma,35,Female,Delhi,Delhi,Salaried,68707.28,733,Current,83521.88,2024-12-22
C107906,Sahil Patel,37,Female,Bhubaneswar,Odisha,Self-Employed,20472.91,704,Current,30659.16,2020-12-05
C107907,Ankit Rao,33,Female,Delhi,Delhi,Business,135223.56,626,Savings,175471.45,2021-08-15
C107908,Sneha Das,44,Female,Delhi,Delhi,Salaried,32709.97,642,Current,55434.08,2021-11-13
C107909,Priya Roul,44,Female,Bengaluru,Karnataka,Salaried,68075.4,716,Savings,105074.08,2025-05-23
C107910,Aditi Verma,39,Male,Bhubaneswar,Odisha,Business,92895.03,720,Savings,135714.56,2021-11-12
C107911,Vivaan Kumar,42,Female,Lucknow,Uttar Pradesh,Business,99596.13,704,Salary,141060.38,2017-03-16
C107912,Aditya Kumar,34,Female,Bhubaneswar,Odisha,Salaried,20436.08,748,Current,70673.46,2019-11-17
C107913,Priya Das,41,Male,Chandigarh,Chandigarh,Retired,58662.62,626,Current,97805.82,2023-08-19
C107914,Priya Mehta,33,Male,Indore,Madhya Pradesh,Business,56565.26,725,Savings,104710.31,2025-08-26
C107915,Isha Sahu,36,Male,Indore,Madhya Pradesh,Retired,121364.53,721,Current,62201.61,2023-03-15
C107916,Rohan Mohanty,33,Male,Pune,Maharashtra,Student,70783.87,643,Savings,81258.74,2023-12-22
C107917,Pooja Dasgupta,31,Female,Bhubaneswar,Odisha,Self-Employed,121972.78,666,Current,109818.39,2015-06-11
C107918,Riya Dasgupta,29,Male,Jaipur,Rajasthan,Business,74016.49,750,Savings,128319.82,2020-02-07
C107919,Rohan Jain,41,Male,Ahmedabad,Gujarat,Business,52801.61,631,Savings,69211.71,2025-10-24
C107920,Vivaan Mishra,49,Female,Kolkata,West Bengal,Business,61188.29,850,Salary,93258.28,2023-01-24
C107921,Aditya Mohanty,48,Female,Bengaluru,Karnataka,Business,127142.88,741,Savings,210517.54,2021-08-17
C107922,Sahil Dasgupta,23,Female,Chandigarh,Chandigarh,Salaried,26951.01,701,Salary,54178.25,2021-02-19
C107923,Nisha Sharma,49,Female,Pune,Maharashtra,Salaried,90523.38,689,Savings,112191.38,2018-04-03
C107924,Amit Sharma,33,Male,Ahmedabad,Gujarat,Salaried,38944.77,756,Current,75527.78,2021-01-15
C107925,Sahil Verma,42,Female,Delhi,Delhi,Business,34604.01,678,Savings,47470.5,2023-06-23
C107926,Riya Bose,27,Male,Kolkata,West Bengal,Business,96565.13,681,Savings,61127.48,2020-02-13
C107927,Aarav Panda,37,Male,Hyderabad,Telangana,Self-Employed,33839.72,799,Savings,500.0,2015-07-02
C107928,Kavya Kumar,39,Male,Chandigarh,Chandigarh,Self-Employed,67675.5,674,Salary,26210.87,2018-03-11
C107929,Riya Sahu,21,Male,Lucknow,Uttar Pradesh,Business,42031.33,714,Savings,63748.38,2018-09-24
C107930,Aditya Nayak,42,Female,Bhubaneswar,Odisha,Salaried,15044.58,656,Savings,40313.36,2015-03-15
C107931,Rahul Das,49,Female,Bhubaneswar,Odisha,Salaried,71527.14,722,Current,122300.48,2019-07-27
C107932,Aditi Mishra,34,Female,Lucknow,Uttar Pradesh,Self-Employed,58957.09,743,Savings,96100.44,2021-08-10
C107933,Ananya Mehta,50,Male,Lucknow,Uttar Pradesh,Student,19236.1,814,Salary,32321.09,2022-01-12
C107934,Ankit Verma,34,Female,Jaipur,Rajasthan,Business,37453.83,644,Savings,51815.38,2025-10-27
C107935,Aditi Das,44,Female,Chandigarh,Chandigarh,Salaried,20358.28,611,Savings,10424.31,2023-11-18
C107936,Vivaan Mehta,18,Male,Kochi,Kerala,Salaried,82249.94,688,Savings,167477.27,2015-09-15
C107937,Ananya Panda,60,Female,Hyderabad,Telangana,Self-Employed,118005.29,665,Salary,197798.56,2020-04-27
C107938,Neha Mohanty,51,Male,Bengaluru,Karnataka,Business,87755.37,704,Current,130232.76,2024-04-20
C107939,Priya Mohanty,33,Male,Guwahati,Assam,Business,94760.7,739,Current,75082.45,2024-11-06
C107940,Kavya Behera,18,Female,Jaipur,Rajasthan,Salaried,41368.78,850,Salary,54363.56,2019-09-06
C107941,Aditi Reddy,39,Female,Lucknow,Uttar Pradesh,Salaried,74302.43,676,Premium Savings,126149.42,2025-06-02
C107942,Arjun Roul,22,Male,Lucknow,Uttar Pradesh,Student,54726.36,561,Salary,64438.21,2020-03-13
C107943,Pooja Panda,40,Male,Jaipur,Rajasthan,Salaried,60901.4,690,Premium Savings,57972.5,2025-04-02
C107944,Riya Mishra,40,Female,Hyderabad,Telangana,Salaried,93122.93,728,Savings,95321.64,2024-12-01
C107945,Aarav Nayak,27,Female,Kolkata,West Bengal,Business,104988.55,642,Savings,136312.73,2021-10-29
C107946,Priya Mohanty,47,Male,Lucknow,Uttar Pradesh,Retired,44387.91,720,Savings,64069.23,2021-05-31
C107947,Neha Singh,44,Male,Hyderabad,Telangana,Business,25358.87,714,Salary,68350.47,2017-08-03
C107948,Pooja Gupta,46,Male,Jaipur,Rajasthan,Self-Employed,49613.39,722,Salary,96252.69,2025-05-08
C107949,Priya Kumar,36,Female,Indore,Madhya Pradesh,Salaried,48751.35,756,Current,89228.98,2018-07-14
C107950,Aditya Jain,22,Male,Guwahati,Assam,Salaried,64319.45,700,Savings,58532.1,2024-05-12
C107951,Aarav Dasgupta,46,Male,Bengaluru,Karnataka,Salaried,86962.84,741,Savings,133187.52,2021-08-17
C107952,Nisha Verma,33,Male,Kochi,Kerala,Self-Employed,19188.54,588,Salary,61521.52,2017-07-01
C107953,Isha Panda,22,Female,Jaipur,Rajasthan,Salaried,38028.3,642,Savings,56903.02,2020-01-15
C107954,Pooja Patel,50,Female,Chandigarh,Chandigarh,Student,32368.79,683,Current,54794.05,2017-12-20
C107955,Arjun Verma,57,Female,Pune,Maharashtra,Salaried,109434.34,640,Current,132430.79,2018-05-14
C107956,Rohan Das,36,Male,Ahmedabad,Gujarat,Self-Employed,49044.56,705,Savings,53954.89,2024-12-30
C107957,Arjun Roul,58,Male,Chandigarh,Chandigarh,Self-Employed,41481.49,683,Premium Savings,39900.66,2022-04-24
C107958,Karan Jain,37,Female,Bhubaneswar,Odisha,Self-Employed,73950.73,675,Savings,126847.32,2024-07-22
C107959,Isha Behera,32,Female,Delhi,Delhi,Salaried,39693.19,762,Salary,64517.96,2015-06-08
C107960,Sneha Patel,30,Female,Kolkata,West Bengal,Student,54542.27,710,Current,45894.43,2024-02-28
C107961,Aarav Bose,52,Female,Guwahati,Assam,Salaried,149167.87,635,Savings,88696.01,2017-07-28
C107962,Karan Gupta,28,Female,Hyderabad,Telangana,Business,146905.99,666,Salary,242252.42,2022-06-30
C107963,Pooja Sahu,43,Female,Chennai,Tamil Nadu,Self-Employed,43959.63,754,Salary,68170.9,2025-02-21
C107964,Aditya Singh,30,Female,Indore,Madhya Pradesh,Salaried,49751.18,718,Salary,24230.47,2021-07-01
C107965,Isha Panda,31,Female,Jaipur,Rajasthan,Self-Employed,39129.14,783,Current,56257.51,2017-11-06
C107966,Isha Panda,46,Male,Pune,Maharashtra,Self-Employed,19069.83,760,Salary,29540.26,2019-06-06
C107967,Aditi Mishra,32,Male,Chennai,Tamil Nadu,Student,97245.37,680,Salary,58912.26,2017-12-22
C107968,Aarav Rao,32,Female,Kolkata,West Bengal,Student,208319.16,798,Savings,102253.28,2015-01-18
C107969,Sahil Jain,47,Male,Chandigarh,Chandigarh,Salaried,43096.25,804,Savings,71376.1,2020-12-13
C107970,Arjun Kumar,52,Female,Lucknow,Uttar Pradesh,Salaried,35096.33,589,Savings,90199.27,2017-07-27
C107971,Amit Panda,42,Male,Mumbai,Maharashtra,Salaried,47335.83,707,Salary,19333.3,2015-06-16
C107972,Aditi Rao,29,Male,Jaipur,Rajasthan,Retired,57633.76,669,Current,81039.83,2017-06-27
C107973,Nisha Behera,31,Male,Kochi,Kerala,Salaried,29452.88,688,Savings,19675.63,2025-09-04
C107974,Rahul Mohanty,37,Male,Pune,Maharashtra,Business,42741.49,652,Savings,57103.89,2024-03-18
C107975,Arjun Mehta,39,Male,Delhi,Delhi,Self-Employed,96113.2,644,Savings,102991.49,2020-01-15
C107976,Sneha Patel,26,Male,Kochi,Kerala,Self-Employed,58991.45,764,Salary,44925.9,2017-09-05
C107977,Amit Roul,43,Female,Chandigarh,Chandigarh,Salaried,110613.87,629,Salary,190969.63,2019-06-15
C107978,Isha Rao,37,Male,Pune,Maharashtra,Salaried,67218.97,711,Salary,150578.21,2015-01-10
C107979,Riya Bose,19,Male,Chennai,Tamil Nadu,Salaried,30217.73,617,Salary,34895.67,2019-10-28
C107980,Ananya Singh,27,Male,Indore,Madhya Pradesh,Salaried,40065.9,788,Savings,41845.76,2015-07-15
C107981,Isha Verma,31,Female,Guwahati,Assam,Salaried,63052.0,707,Salary,60406.04,2025-10-01
C107982,Riya Behera,35,Female,Bengaluru,Karnataka,Salaried,29663.26,753,Savings,79377.18,2015-11-08
C107983,Isha Jain,55,Female,Mumbai,Maharashtra,Self-Employed,27620.47,718,Salary,72147.53,2023-12-31
C107984,Isha Kumar,38,Male,Lucknow,Uttar Pradesh,Salaried,28549.03,689,Savings,22826.94,2024-01-04
C107985,Riya Gupta,28,Male,Bhubaneswar,Odisha,Salaried,73041.34,709,Savings,91404.76,2018-01-25
C107986,Amit Panda,38,Female,Jaipur,Rajasthan,Salaried,44965.75,803,Savings,78493.86,2021-01-01
C107987,Pooja Jain,32,Female,Lucknow,Uttar Pradesh,Salaried,105390.88,647,Salary,37937.25,2024-02-18
C107988,Amit Patel,39,Male,Delhi,Delhi,Salaried,33592.47,539,Savings,94966.03,2025-02-01
C107989,Nisha Sharma,42,Male,Pune,Maharashtra,Salaried,14235.84,654,Current,19150.53,2021-02-16
C107990,Aarav Rao,48,Male,Lucknow,Uttar Pradesh,Business,51184.94,626,Savings,18268.02,2025-07-16
C107991,Amit Rao,36,Male,Delhi,Delhi,Salaried,136113.41,768,Savings,49268.35,2019-09-04
C107992,Nisha Nayak,52,Female,Delhi,Delhi,Retired,56055.73,694,Salary,117243.42,2015-03-08
C107993,Aditi Panda,45,Female,Indore,Madhya Pradesh,Salaried,25859.6,759,Savings,35179.62,2020-08-17
C107994,Aditi Nayak,29,Male,Kolkata,West Bengal,Retired,22510.48,707,Savings,42772.07,2024-09-27
C107995,Sahil Mehta,58,Male,Guwahati,Assam,Business,106290.85,706,Savings,108714.01,2025-09-06
C107996,Pooja Gupta,39,Female,Delhi,Delhi,Business,35277.42,716,Current,44221.91,2023-03-21
C107997,Ankit Gupta,28,Female,Bengaluru,Karnataka,Student,128421.86,801,Current,193321.99,2023-11-29
C107998,Arjun Patel,53,Female,Delhi,Delhi,Salaried,78813.52,717,Savings,46514.76,2023-08-07
C107999,Pooja Jain,57,Male,Kochi,Kerala,Salaried,36019.86,777,Salary,18907.59,2022-03-06
C108000,Nisha Das,36,Female,Hyderabad,Telangana,Salaried,104507.46,773,Salary,19737.64,2023-11-02
C108001,Neha Singh,31,Male,Chandigarh,Chandigarh,Salaried,33088.63,694,Savings,59572.53,2018-06-08
C108002,Sneha Mehta,34,Male,Kolkata,West Bengal,Salaried,24811.26,700,Current,87294.01,2023-08-16
C108003,Ankit Mishra,43,Male,Jaipur,Rajasthan,Self-Employed,34145.24,680,Current,48340.51,2021-09-24
C108004,Ankit Mohanty,49,Female,Jaipur,Rajasthan,Salaried,83943.03,788,Savings,71712.56,2022-06-09
C108005,Ananya Panda,42,Male,Chandigarh,Chandigarh,Salaried,102844.18,644,Current,92563.31,2015-07-29
C108006,Arjun Jain,37,Female,Delhi,Delhi,Salaried,44235.08,658,Savings,61148.57,2020-07-27
C108007,Aarav Gupta,51,Male,Chennai,Tamil Nadu,Self-Employed,19683.13,687,Salary,40367.81,2021-07-04
C108008,Amit Mehta,33,Male,Pune,Maharashtra,Retired,23362.02,630,Savings,44911.5,2017-05-24
C108009,Nisha Bose,46,Male,Chennai,Tamil Nadu,Self-Employed,30573.33,667,Current,40227.94,2020-12-27
C108010,Karan Behera,33,Male,Pune,Maharashtra,Salaried,26994.55,779,Savings,26192.92,2022-06-01
C108011,Isha Mehta,40,Male,Ahmedabad,Gujarat,Salaried,63644.94,747,Salary,133269.17,2021-03-12
C108012,Nisha Patel,35,Male,Bhubaneswar,Odisha,Business,159699.98,678,Savings,89548.68,2018-03-23
C108013,Pooja Behera,35,Male,Lucknow,Uttar Pradesh,Salaried,85200.76,757,Salary,132215.8,2023-09-29
C108014,Nisha Sahu,32,Male,Mumbai,Maharashtra,Retired,29571.36,840,Premium Savings,42317.44,2016-04-19
C108015,Ananya Bose,49,Female,Bengaluru,Karnataka,Salaried,37540.73,725,Savings,31752.19,2024-08-04
C108016,Priya Mohanty,29,Male,Kochi,Kerala,Salaried,41792.77,797,Salary,67212.95,2017-08-19
C108017,Isha Mishra,29,Female,Bengaluru,Karnataka,Retired,68128.86,760,Salary,64381.35,2025-05-19
C108018,Kavya Mehta,57,Male,Ahmedabad,Gujarat,Student,130519.58,686,Savings,195494.6,2019-05-13
C108019,Neha Dasgupta,46,Male,Indore,Madhya Pradesh,Self-Employed,42532.27,718,Savings,48460.93,2021-04-15
C108020,Aditya Jain,18,Female,Mumbai,Maharashtra,Salaried,128208.87,739,Salary,241078.46,2023-02-20
C108021,Kavya Bose,30,Female,Bhubaneswar,Odisha,Business,174947.2,657,Savings,190560.2,2018-09-07
C108022,Ankit Roul,18,Male,Bengaluru,Karnataka,Salaried,45371.51,535,Savings,58519.03,2016-12-26
C108023,Ankit Patel,26,Female,Jaipur,Rajasthan,Salaried,44733.77,651,Salary,81710.97,2021-02-10
C108024,Kavya Roul,18,Female,Indore,Madhya Pradesh,Salaried,45104.97,565,Salary,77934.65,2022-05-11
C108025,Vivaan Mohanty,35,Other,Kochi,Kerala,Self-Employed,56923.18,656,Savings,35521.14,2017-03-31
C108026,Arjun Mohanty,25,Female,Chandigarh,Chandigarh,Business,45165.55,594,Savings,61040.77,2015-02-28
C108027,Pooja Jain,37,Male,Bhubaneswar,Odisha,Salaried,89445.62,762,Salary,48818.34,2022-09-07
C108028,Arjun Roul,20,Male,Pune,Maharashtra,Student,23464.2,628,Salary,42530.28,2019-10-26
C108029,Priya Sharma,37,Female,Kolkata,West Bengal,Salaried,40988.48,740,Salary,65019.85,2015-11-23
C108030,Aarav Rao,32,Other,Pune,Maharashtra,Salaried,65915.87,755,Savings,45958.72,2018-09-08
C108031,Isha Dasgupta,51,Female,Chandigarh,Chandigarh,Self-Employed,88754.99,751,Current,49830.59,2022-04-03
C108032,Karan Jain,50,Female,Indore,Madhya Pradesh,Student,183963.98,584,Current,275725.02,2017-10-02
C108033,Nisha Das,44,Male,Guwahati,Assam,Retired,27068.46,778,Savings,19379.22,2025-08-13
C108034,Rahul Roul,33,Male,Indore,Madhya Pradesh,Business,38425.06,732,Salary,84797.06,2020-05-19
C108035,Karan Bose,56,Female,Jaipur,Rajasthan,Salaried,15812.64,757,Savings,27664.76,2015-03-26
C108036,Priya Nayak,20,Female,Pune,Maharashtra,Retired,29871.51,824,Current,54530.68,2016-02-12
C108037,Aarav Mishra,22,Other,Bengaluru,Karnataka,Student,20789.01,757,Savings,35612.91,2016-06-15
C108038,Karan Sahu,35,Female,Pune,Maharashtra,Salaried,41289.97,628,Savings,40507.61,2025-06-10
C108039,Nisha Panda,59,Male,Chennai,Tamil Nadu,Self-Employed,48508.16,747,Current,69777.4,2023-05-28
C108040,Aditi Mehta,34,Female,Mumbai,Maharashtra,Self-Employed,71202.86,607,Savings,110172.1,2023-03-14
C108041,Rahul Dasgupta,34,Female,Kolkata,West Bengal,Salaried,46670.09,701,Savings,57123.04,2017-11-23
C108042,Priya Patel,22,Female,Lucknow,Uttar Pradesh,Retired,71221.77,672,Savings,45952.11,2016-11-23
C108043,Rohan Mishra,45,Male,Lucknow,Uttar Pradesh,Salaried,58561.29,706,Current,84576.61,2022-05-16
C108044,Aditya Singh,46,Male,Chandigarh,Chandigarh,Self-Employed,31155.96,607,Savings,39360.85,2018-04-12
C108045,Sneha Mehta,44,Female,Delhi,Delhi,Salaried,21755.85,614,Savings,66982.96,2022-07-14
C108046,Karan Das,30,Male,Jaipur,Rajasthan,Self-Employed,75819.71,676,Premium Savings,115012.03,2017-11-19
C108047,Pooja Mishra,29,Female,Chandigarh,Chandigarh,Business,136034.68,691,Savings,67069.49,2019-08-30
C108048,Priya Mehta,23,Male,Chennai,Tamil Nadu,Salaried,221804.18,677,Savings,294697.48,2016-10-24
C108049,Arjun Nayak,37,Male,Lucknow,Uttar Pradesh,Salaried,92004.11,799,Savings,176105.27,2025-02-27
C108050,Aditi Mohanty,25,Female,Guwahati,Assam,Retired,122604.85,733,Premium Savings,78830.58,2019-10-13
C108051,Rahul Gupta,24,Male,Pune,Maharashtra,Business,70890.47,731,Savings,55810.67,2017-04-15
C108052,Aditi Patel,32,Female,Jaipur,Rajasthan,Self-Employed,64938.35,680,Savings,64953.31,2023-03-06
C108053,Karan Singh,31,Male,Jaipur,Rajasthan,Salaried,58462.4,615,Salary,84369.07,2016-11-02
C108054,Rahul Mishra,31,Female,Bhubaneswar,Odisha,Salaried,51890.61,705,Salary,63397.64,2019-01-20
C108055,Sahil Rao,41,Male,Kolkata,West Bengal,Business,76801.59,822,Salary,94261.34,2016-02-04
C108056,Kavya Reddy,37,Male,Delhi,Delhi,Business,41305.88,720,Salary,102834.86,2023-07-31
C108057,Ankit Sahu,33,Female,Indore,Madhya Pradesh,Salaried,50715.92,777,Savings,33039.47,2025-06-13
C108058,Aditi Mehta,38,Female,Indore,Madhya Pradesh,Business,28773.41,786,Current,44356.58,2018-03-28
C108059,Vivaan Panda,26,Male,Guwahati,Assam,Salaried,71417.49,741,Savings,131567.96,2018-06-21
C108060,Amit Verma,37,Other,Bengaluru,Karnataka,Salaried,32454.19,719,Salary,57913.77,2021-01-30
C108061,Priya Verma,38,Male,Pune,Maharashtra,Self-Employed,56030.32,641,Current,24116.31,2022-10-03
C108062,Ananya Mohanty,21,Female,Bengaluru,Karnataka,Salaried,72428.75,691,Salary,31373.23,2021-02-25
C108063,Vivaan Singh,46,Male,Guwahati,Assam,Salaried,75911.9,682,Savings,108534.39,2022-03-02
C108064,Vivaan Patel,27,Male,Chennai,Tamil Nadu,Business,84071.1,726,Savings,27211.42,2015-10-08
C108065,Neha Kumar,37,Male,Kolkata,West Bengal,Self-Employed,48912.0,613,Savings,53387.27,2015-11-09
C108066,Kavya Gupta,48,Male,Jaipur,Rajasthan,Business,71856.3,670,Premium Savings,3033.46,2016-09-29
C108067,Aditya Roul,45,Female,Kolkata,West Bengal,Business,42084.91,731,Savings,34332.63,2024-10-16
C108068,Neha Nayak,36,Male,Jaipur,Rajasthan,Business,18603.55,659,Salary,11709.41,2016-05-12
C108069,Sahil Verma,32,Male,Mumbai,Maharashtra,Salaried,73626.37,645,Savings,121499.35,2024-07-26
C108070,Nisha Gupta,45,Male,Kolkata,West Bengal,Salaried,64812.7,654,Savings,95721.41,2025-07-05
C108071,Kavya Jain,43,Male,Chandigarh,Chandigarh,Self-Employed,96030.05,687,Savings,52059.51,2015-01-14
C108072,Arjun Das,30,Female,Chandigarh,Chandigarh,Salaried,54240.31,550,Salary,46211.72,2025-09-10
C108073,Arjun Dasgupta,28,Female,Indore,Madhya Pradesh,Business,22773.4,656,Current,25897.35,2017-09-08
C108074,Nisha Mishra,18,Female,Guwahati,Assam,Self-Employed,52296.86,767,Current,22278.33,2015-09-28
C108075,Aditi Reddy,38,Female,Chandigarh,Chandigarh,Salaried,89563.91,726,Salary,500.0,2023-09-25
C108076,Rahul Rao,35,Female,Kochi,Kerala,Self-Employed,71461.03,732,Savings,57508.09,2023-08-22
C108077,Aarav Sahu,47,Other,Chennai,Tamil Nadu,Retired,50735.39,586,Current,38815.1,2023-11-28
C108078,Priya Sharma,40,Male,Delhi,Delhi,Salaried,22029.35,678,Current,57931.83,2023-07-04
C108079,Pooja Jain,49,Male,Delhi,Delhi,Salaried,31281.41,697,Current,46546.42,2025-08-04
C108080,Arjun Singh,29,Male,Bhubaneswar,Odisha,Student,71508.37,735,Current,65467.1,2018-01-11
C108081,Rohan Singh,47,Male,Ahmedabad,Gujarat,Salaried,22010.0,777,Savings,500.0,2025-10-28
C108082,Riya Mishra,31,Female,Guwahati,Assam,Salaried,46168.53,767,Salary,29803.77,2017-01-03
C108083,Aarav Verma,44,Female,Bhubaneswar,Odisha,Salaried,56174.64,667,Premium Savings,44821.56,2016-04-09
C108084,Sneha Nayak,21,Male,Mumbai,Maharashtra,Salaried,103523.5,668,Current,198148.22,2023-07-31
C108085,Ankit Sahu,38,Female,Kochi,Kerala,Self-Employed,77115.4,797,Savings,33496.2,2020-01-23
C108086,Riya Verma,18,Male,Chennai,Tamil Nadu,Self-Employed,93398.88,682,Current,34941.74,2018-10-14
C108087,Amit Sharma,33,Male,Lucknow,Uttar Pradesh,Student,64932.78,635,Savings,82957.83,2016-05-12
C108088,Sahil Verma,40,Female,Ahmedabad,Gujarat,Business,34548.26,692,Savings,45999.46,2020-08-11
C108089,Ananya Mehta,31,Female,Chandigarh,Chandigarh,Retired,39244.84,793,Premium Savings,66463.47,2023-08-04
C108090,Priya Panda,25,Female,Delhi,Delhi,Salaried,32929.55,646,Current,81274.71,2024-05-13
C108091,Priya Patel,44,Female,Kolkata,West Bengal,Salaried,76116.32,677,Current,48020.32,2023-09-28
C108092,Rahul Sahu,35,Male,Mumbai,Maharashtra,Retired,37550.1,649,Premium Savings,46975.13,2020-12-29
C108093,Karan Mehta,31,Male,Jaipur,Rajasthan,Salaried,44284.42,767,Salary,33411.57,2020-03-20
C108094,Neha Sharma,36,Male,Hyderabad,Telangana,Business,55684.59,724,Current,83212.16,2020-09-23
C108095,Kavya Rao,62,Female,Hyderabad,Telangana,Salaried,135646.88,765,Savings,163917.18,2016-05-15
C108096,Kavya Dasgupta,48,Male,Kochi,Kerala,Business,78945.43,807,Savings,110595.02,2020-05-25
C108097,Aditi Nayak,48,Male,Jaipur,Rajasthan,Student,35954.84,607,Salary,48094.26,2022-06-29
C108098,Karan Mishra,40,Female,Mumbai,Maharashtra,Salaried,59790.66,656,Premium Savings,49747.5,2021-11-21
C108099,Rahul Rao,38,Female,Kolkata,West Bengal,Salaried,136394.94,677,Savings,186464.74,2018-02-13
C108100,Neha Roul,18,Female,Lucknow,Uttar Pradesh,Salaried,77144.62,709,Savings,119977.54,2023-10-23
C108101,Nisha Behera,29,Male,Delhi,Delhi,Self-Employed,22835.0,738,Current,30472.49,2015-12-08
C108102,Vivaan Gupta,31,Male,Chandigarh,Chandigarh,Salaried,33246.57,673,Savings,23545.14,2018-12-30
C108103,Neha Patel,18,Male,Chandigarh,Chandigarh,Business,31873.3,660,Savings,74129.37,2023-11-06
C108104,Aarav Bose,24,Female,Kochi,Kerala,Salaried,121478.17,767,Salary,31641.45,2016-01-12
C108105,Rohan Mishra,18,Male,Hyderabad,Telangana,Salaried,109759.09,740,Savings,141770.63,2018-12-17
C108106,Sneha Panda,36,Female,Hyderabad,Telangana,Salaried,39000.05,726,Salary,69133.41,2016-12-23
C108107,Sneha Singh,44,Other,Bhubaneswar,Odisha,Self-Employed,38540.67,566,Savings,70161.25,2019-05-08
C108108,Neha Panda,47,Male,Chandigarh,Chandigarh,Salaried,56368.68,783,Salary,69941.72,2024-01-17
C108109,Aarav Das,40,Male,Mumbai,Maharashtra,Business,57305.76,717,Salary,72154.31,2017-02-14
C108110,Rohan Singh,26,Female,Delhi,Delhi,Student,32396.61,694,Savings,34537.38,2021-02-11
C108111,Vivaan Panda,18,Female,Ahmedabad,Gujarat,Salaried,47957.31,652,Savings,76948.64,2025-08-06
C108112,Pooja Verma,18,Female,Lucknow,Uttar Pradesh,Salaried,24725.9,664,Savings,10094.49,2017-10-22
C108113,Priya Sharma,23,Male,Mumbai,Maharashtra,Business,110731.64,647,Salary,126739.56,2023-02-18
C108114,Sneha Kumar,27,Male,Lucknow,Uttar Pradesh,Salaried,20887.51,575,Current,38740.35,2015-03-16
C108115,Pooja Behera,34,Female,Chandigarh,Chandigarh,Salaried,20760.28,652,Savings,46575.8,2025-03-20
C108116,Vivaan Sahu,26,Female,Chandigarh,Chandigarh,Self-Employed,69867.8,601,Savings,69559.88,2025-04-01
C108117,Pooja Sharma,39,Male,Kochi,Kerala,Salaried,27856.08,701,Savings,15086.17,2021-12-15
C108118,Aditya Mehta,34,Male,Jaipur,Rajasthan,Salaried,41754.3,630,Savings,25230.68,2024-01-08
C108119,Arjun Das,36,Female,Jaipur,Rajasthan,Retired,56944.57,752,Salary,80604.17,2025-11-14
C108120,Vivaan Patel,47,Male,Pune,Maharashtra,Salaried,79738.19,597,Current,130799.45,2023-11-24
C108121,Karan Panda,24,Female,Lucknow,Uttar Pradesh,Student,48702.87,783,Savings,43709.88,2023-08-06
C108122,Karan Gupta,40,Male,Kochi,Kerala,Salaried,146331.95,759,Salary,80716.19,2015-12-20
C108123,Ankit Behera,36,Female,Pune,Maharashtra,Business,54986.72,636,Savings,80600.63,2015-09-17
C108124,Vivaan Mohanty,33,Female,Jaipur,Rajasthan,Self-Employed,105876.18,699,Salary,113257.42,2016-10-26
C108125,Neha Behera,45,Male,Ahmedabad,Gujarat,Salaried,64106.06,649,Salary,110835.54,2016-08-20
C108126,Kavya Das,45,Female,Guwahati,Assam,Business,177593.73,743,Salary,59406.9,2018-11-02
C108127,Arjun Jain,27,Female,Guwahati,Assam,Student,98438.61,822,Salary,128353.57,2016-10-18
C108128,Rohan Reddy,34,Female,Hyderabad,Telangana,Salaried,56330.81,782,Current,93737.68,2020-11-08
C108129,Riya Roul,39,Male,Mumbai,Maharashtra,Business,77726.02,660,Salary,134065.22,2024-02-22
C108130,Amit Mishra,33,Female,Mumbai,Maharashtra,Salaried,47650.09,712,Salary,73567.1,2022-09-25
C108131,Nisha Reddy,42,Female,Mumbai,Maharashtra,Business,47386.54,804,Savings,49171.26,2020-12-30
C108132,Aditi Das,39,Female,Kochi,Kerala,Business,26855.14,739,Savings,47740.76,2017-03-06
C108133,Nisha Jain,54,Female,Indore,Madhya Pradesh,Salaried,35261.41,771,Savings,23787.45,2020-05-14
C108134,Aditi Singh,21,Male,Kochi,Kerala,Salaried,170863.92,747,Savings,293599.3,2025-05-15
C108135,Arjun Sharma,35,Male,Mumbai,Maharashtra,Salaried,28363.86,710,Salary,31324.4,2023-06-29
C108136,Priya Mishra,27,Female,Pune,Maharashtra,Student,38352.21,700,Premium Savings,30856.52,2022-01-30
C108137,Aarav Rao,42,Male,Guwahati,Assam,Salaried,52236.84,626,Current,91117.32,2018-12-10
C108138,Aditya Das,20,Female,Indore,Madhya Pradesh,Self-Employed,53202.64,655,Salary,63814.7,2015-05-03
C108139,Rohan Sahu,39,Female,Ahmedabad,Gujarat,Salaried,67923.52,646,Savings,500.0,2018-10-25
C108140,Vivaan Patel,30,Male,Bengaluru,Karnataka,Business,42492.04,682,Salary,26193.78,2024-07-27
C108141,Riya Singh,29,Female,Bengaluru,Karnataka,Self-Employed,70266.15,711,Savings,140796.21,2019-05-14
C108142,Rahul Bose,22,Male,Ahmedabad,Gujarat,Business,103094.41,698,Salary,53741.0,2023-11-21
C108143,Amit Mohanty,31,Female,Guwahati,Assam,Student,110385.74,719,Salary,53120.32,2023-06-27
C108144,Pooja Gupta,47,Male,Indore,Madhya Pradesh,Salaried,47474.93,748,Premium Savings,36012.58,2019-11-07
C108145,Rohan Mohanty,36,Male,Chennai,Tamil Nadu,Salaried,76982.03,678,Salary,104565.29,2016-02-29
C108146,Vivaan Mehta,42,Male,Pune,Maharashtra,Retired,29281.61,753,Savings,60163.92,2024-01-20
C108147,Ankit Behera,53,Female,Lucknow,Uttar Pradesh,Salaried,36980.45,779,Savings,8674.21,2020-09-29
C108148,Riya Mehta,39,Male,Kochi,Kerala,Business,28840.48,732,Salary,500.0,2023-09-13
C108149,Kavya Dasgupta,30,Male,Bhubaneswar,Odisha,Business,53633.49,670,Current,78208.33,2024-02-08
C108150,Riya Mohanty,41,Male,Jaipur,Rajasthan,Business,34286.87,767,Salary,57609.36,2019-07-07
C108151,Rohan Dasgupta,31,Male,Hyderabad,Telangana,Salaried,23830.15,736,Savings,29466.54,2017-05-19
C108152,Rahul Patel,31,Female,Pune,Maharashtra,Salaried,44479.58,745,Savings,35032.48,2016-11-17
C108153,Sneha Roul,21,Male,Ahmedabad,Gujarat,Business,21255.42,805,Savings,5875.16,2017-02-17
C108154,Rahul Das,45,Female,Kolkata,West Bengal,Salaried,114124.44,751,Current,77985.86,2021-12-18
C108155,Isha Sharma,32,Female,Delhi,Delhi,Business,40475.45,807,Savings,32207.39,2022-02-24
C108156,Aditya Das,38,Female,Indore,Madhya Pradesh,Self-Employed,94562.12,695,Salary,47039.85,2020-06-03
C108157,Neha Panda,26,Male,Guwahati,Assam,Salaried,41959.13,677,Savings,73467.02,2023-09-04
C108158,Riya Patel,40,Female,Bhubaneswar,Odisha,Salaried,28506.08,780,Current,12549.06,2021-07-29
C108159,Ankit Gupta,28,Male,Kolkata,West Bengal,Retired,104990.66,641,Salary,164340.86,2023-05-21
C108160,Neha Sahu,35,Female,Jaipur,Rajasthan,Self-Employed,57749.82,828,Savings,104798.24,2022-10-27
C108161,Ananya Bose,45,Other,Delhi,Delhi,Self-Employed,155264.99,790,Savings,285159.99,2015-10-02
C108162,Nisha Mehta,44,Female,Jaipur,Rajasthan,Retired,42552.8,711,Salary,36497.42,2025-12-12
C108163,Rahul Gupta,36,Female,Guwahati,Assam,Self-Employed,43061.16,783,Salary,24330.9,2023-05-09
C108164,Kavya Sahu,18,Other,Lucknow,Uttar Pradesh,Retired,95580.44,748,Savings,60259.57,2017-07-17
C108165,Aarav Panda,66,Female,Ahmedabad,Gujarat,Salaried,95947.11,621,Current,153728.33,2024-05-11
C108166,Neha Sharma,53,Male,Chennai,Tamil Nadu,Student,59842.73,652,Premium Savings,37768.7,2022-05-15
C108167,Neha Gupta,43,Male,Indore,Madhya Pradesh,Salaried,344374.83,724,Current,563036.93,2025-06-21
C108168,Pooja Singh,28,Male,Mumbai,Maharashtra,Business,47135.42,715,Salary,62285.42,2025-03-28
C108169,Sahil Mehta,35,Male,Indore,Madhya Pradesh,Student,27361.27,790,Premium Savings,47496.72,2023-10-04
C108170,Rohan Verma,31,Female,Lucknow,Uttar Pradesh,Salaried,31687.68,725,Premium Savings,56784.13,2020-07-17
C108171,Pooja Roul,49,Female,Bhubaneswar,Odisha,Salaried,47286.58,623,Salary,22398.33,2021-04-02
C108172,Pooja Dasgupta,39,Male,Guwahati,Assam,Business,126806.14,670,Current,59800.9,2023-08-24
C108173,Pooja Gupta,28,Female,Bhubaneswar,Odisha,Salaried,49642.34,753,Savings,44432.62,2020-02-19
C108174,Kavya Rao,31,Male,Lucknow,Uttar Pradesh,Business,130146.64,587,Savings,83777.93,2019-05-06
C108175,Riya Dasgupta,47,Other,Pune,Maharashtra,Salaried,69844.2,613,Savings,140011.02,2018-08-12
C108176,Sahil Sharma,52,Female,Indore,Madhya Pradesh,Student,99801.81,681,Savings,133393.34,2022-03-16
C108177,Pooja Sharma,51,Female,Chennai,Tamil Nadu,Salaried,68052.26,765,Savings,75485.18,2019-02-19
C108178,Aditi Gupta,44,Female,Guwahati,Assam,Self-Employed,67756.45,691,Savings,54299.5,2017-03-26
C108179,Neha Mehta,33,Male,Hyderabad,Telangana,Salaried,83206.38,735,Savings,88455.72,2025-02-03
C108180,Kavya Mohanty,18,Female,Lucknow,Uttar Pradesh,Salaried,40271.48,705,Savings,53584.84,2015-06-21
C108181,Pooja Patel,39,Male,Guwahati,Assam,Salaried,40515.75,696,Savings,78815.32,2015-05-30
C108182,Neha Reddy,36,Male,Lucknow,Uttar Pradesh,Self-Employed,66658.6,663,Savings,36018.65,2020-01-30
C108183,Rahul Behera,37,Female,Bengaluru,Karnataka,Salaried,159963.31,760,Salary,177485.88,2017-02-09
C108184,Isha Bose,37,Male,Guwahati,Assam,Student,23568.68,623,Salary,49844.44,2015-01-16
C108185,Aditi Mohanty,23,Female,Delhi,Delhi,Salaried,18016.38,690,Salary,76004.83,2021-05-27
C108186,Rahul Dasgupta,42,Female,Bhubaneswar,Odisha,Business,47573.41,779,Salary,500.0,2018-12-26
C108187,Ankit Singh,42,Male,Pune,Maharashtra,Salaried,96960.05,655,Savings,42825.69,2015-03-12
C108188,Sneha Bose,43,Female,Indore,Madhya Pradesh,Self-Employed,56576.29,604,Salary,74732.36,2022-06-15
C108189,Vivaan Behera,45,Male,Jaipur,Rajasthan,Salaried,28910.41,567,Salary,48309.75,2025-06-22
C108190,Rahul Bose,42,Female,Guwahati,Assam,Self-Employed,57445.38,748,Current,92873.01,2019-03-06
C108191,Rahul Jain,32,Female,Indore,Madhya Pradesh,Self-Employed,21204.17,753,Salary,42155.47,2022-04-11
C108192,Aditya Jain,35,Male,Ahmedabad,Gujarat,Salaried,77729.71,683,Savings,126355.09,2018-10-19
C108193,Sahil Kumar,37,Male,Pune,Maharashtra,Salaried,46401.13,622,Current,32803.6,2019-08-30
C108194,Pooja Sharma,37,Male,Lucknow,Uttar Pradesh,Salaried,52573.66,696,Savings,19736.02,2023-05-29
C108195,Aarav Mehta,46,Female,Indore,Madhya Pradesh,Salaried,69566.64,782,Salary,61536.29,2024-05-23
C108196,Karan Rao,42,Male,Kochi,Kerala,Salaried,61587.69,622,Savings,78360.97,2015-01-31
C108197,Aditya Bose,57,Male,Pune,Maharashtra,Salaried,40839.12,774,Savings,37998.03,2025-11-15
C108198,Neha Patel,58,Female,Bhubaneswar,Odisha,Business,97107.66,595,Current,28818.58,2018-07-14
C108199,Priya Jain,37,Female,Chennai,Tamil Nadu,Salaried,85254.94,631,Premium Savings,94510.95,2024-08-31
C108200,Sneha Dasgupta,18,Female,Lucknow,Uttar Pradesh,Salaried,20727.82,712,Savings,21522.22,2020-03-13
C108201,Isha Sharma,48,Female,Delhi,Delhi,Salaried,48458.11,767,Salary,91167.06,2015-12-16
C108202,Karan Reddy,31,Female,Guwahati,Assam,Self-Employed,30361.5,801,Savings,500.0,2016-07-03
C108203,Sneha Jain,28,Female,Pune,Maharashtra,Salaried,27382.42,769,Savings,57878.26,2024-06-15
C108204,Ankit Rao,32,Male,Mumbai,Maharashtra,Business,73821.99,806,Savings,131240.44,2016-01-29
C108205,Nisha Verma,32,Female,Kochi,Kerala,Business,43673.41,717,Current,82838.37,2021-09-01
C108206,Aditya Singh,42,Male,Ahmedabad,Gujarat,Self-Employed,50846.37,665,Salary,88433.97,2020-11-02
C108207,Pooja Panda,20,Male,Guwahati,Assam,Salaried,38054.01,782,Current,37188.33,2021-04-18
C108208,Isha Roul,25,Female,Guwahati,Assam,Self-Employed,67419.19,794,Savings,34849.71,2023-08-05
C108209,Arjun Das,39,Male,Lucknow,Uttar Pradesh,Salaried,79871.89,766,Savings,113564.24,2016-04-22
C108210,Sahil Singh,42,Female,Kolkata,West Bengal,Student,181448.77,745,Savings,273650.14,2021-08-25
C108211,Riya Verma,42,Male,Delhi,Delhi,Business,49789.16,795,Salary,30047.5,2016-07-10
C108212,Amit Verma,28,Male,Delhi,Delhi,Self-Employed,24796.53,727,Savings,31770.78,2020-04-23
C108213,Sahil Reddy,26,Female,Lucknow,Uttar Pradesh,Retired,41687.1,704,Savings,66382.07,2020-07-17
C108214,Sneha Sharma,31,Female,Chennai,Tamil Nadu,Self-Employed,87638.13,752,Salary,77815.27,2021-03-17
C108215,Aditya Panda,38,Male,Delhi,Delhi,Salaried,35958.96,736,Premium Savings,9497.53,2021-03-09
C108216,Aditi Reddy,51,Female,Hyderabad,Telangana,Salaried,24341.02,763,Savings,25374.6,2023-02-21
C108217,Aditi Dasgupta,18,Male,Kochi,Kerala,Self-Employed,36373.24,696,Current,76444.41,2023-07-17
C108218,Sahil Dasgupta,34,Female,Kochi,Kerala,Student,41016.81,764,Savings,59497.42,2018-10-27
C108219,Aarav Bose,23,Male,Bengaluru,Karnataka,Student,30321.74,761,Savings,33256.78,2016-05-05
C108220,Pooja Sharma,19,Female,Lucknow,Uttar Pradesh,Self-Employed,61988.28,719,Salary,140841.09,2022-01-03
C108221,Arjun Rao,46,Male,Ahmedabad,Gujarat,Salaried,52660.78,656,Savings,35230.03,2024-02-04
C108222,Aarav Bose,41,Female,Lucknow,Uttar Pradesh,Self-Employed,84916.72,786,Savings,36561.62,2015-05-14
C108223,Sneha Rao,40,Female,Indore,Madhya Pradesh,Business,43039.15,626,Salary,97787.91,2023-10-26
C108224,Arjun Verma,45,Male,Delhi,Delhi,Salaried,74758.94,643,Current,107694.65,2024-05-14
C108225,Rohan Patel,31,Female,Indore,Madhya Pradesh,Salaried,41954.44,716,Salary,52416.32,2022-02-26
C108226,Kavya Mohanty,32,Male,Kolkata,West Bengal,Business,29548.9,542,Savings,19319.18,2018-07-22
C108227,Arjun Patel,58,Male,Guwahati,Assam,Student,40799.62,805,Savings,29476.63,2017-10-04
C108228,Kavya Nayak,34,Female,Chandigarh,Chandigarh,Business,22585.01,706,Savings,3276.85,2018-07-02
C108229,Vivaan Nayak,43,Male,Mumbai,Maharashtra,Salaried,147061.64,805,Savings,232229.71,2021-01-08
C108230,Amit Mishra,36,Male,Indore,Madhya Pradesh,Salaried,59484.04,822,Savings,38838.18,2024-03-21
C108231,Neha Dasgupta,18,Male,Delhi,Delhi,Student,35511.6,695,Current,13785.71,2019-10-10
C108232,Nisha Verma,18,Female,Bengaluru,Karnataka,Business,44684.6,793,Savings,5785.17,2018-04-16
C108233,Pooja Behera,30,Male,Indore,Madhya Pradesh,Salaried,14290.26,636,Savings,500.0,2015-06-09
C108234,Sneha Mohanty,47,Female,Jaipur,Rajasthan,Self-Employed,121052.88,733,Current,125061.89,2024-08-18
C108235,Rahul Nayak,44,Female,Ahmedabad,Gujarat,Student,114713.14,674,Salary,186251.17,2016-03-12
C108236,Neha Reddy,45,Female,Indore,Madhya Pradesh,Student,58351.28,750,Current,55390.09,2015-08-13
C108237,Vivaan Mehta,26,Female,Jaipur,Rajasthan,Business,65564.7,762,Salary,140047.04,2025-07-13
C108238,Aditya Reddy,52,Female,Kolkata,West Bengal,Salaried,27388.16,695,Premium Savings,47025.13,2018-05-14
C108239,Vivaan Panda,26,Female,Bengaluru,Karnataka,Business,28505.58,740,Premium Savings,48713.68,2022-06-16
C108240,Aarav Patel,38,Male,Hyderabad,Telangana,Salaried,21624.36,766,Salary,27423.03,2025-10-23
C108241,Kavya Patel,36,Male,Bhubaneswar,Odisha,Student,50337.27,717,Current,113384.53,2016-07-14
C108242,Arjun Rao,34,Female,Lucknow,Uttar Pradesh,Salaried,98583.38,850,Savings,19441.04,2022-10-21
C108243,Riya Verma,49,Other,Indore,Madhya Pradesh,Business,44547.91,696,Current,66819.3,2017-11-23
C108244,Aarav Das,29,Female,Jaipur,Rajasthan,Self-Employed,66590.76,813,Current,96815.07,2024-02-24
C108245,Aarav Verma,23,Male,Pune,Maharashtra,Business,94225.59,779,Savings,71553.53,2019-04-04
C108246,Vivaan Singh,36,Male,Lucknow,Uttar Pradesh,Self-Employed,22512.66,584,Savings,50459.65,2016-09-18
C108247,Ananya Nayak,32,Female,Kochi,Kerala,Salaried,151774.24,802,Current,239857.63,2018-02-23
C108248,Nisha Rao,70,Female,Jaipur,Rajasthan,Business,103944.74,775,Salary,42156.28,2018-10-24
C108249,Rohan Mishra,43,Female,Kochi,Kerala,Salaried,72964.58,712,Savings,76094.35,2024-07-12
C108250,Aditi Das,32,Female,Guwahati,Assam,Salaried,91431.05,729,Savings,109662.13,2019-08-15
C108251,Vivaan Reddy,25,Male,Jaipur,Rajasthan,Retired,93824.42,737,Current,136775.45,2015-11-01
C108252,Aarav Das,18,Female,Chennai,Tamil Nadu,Self-Employed,64604.57,794,Savings,81555.15,2025-12-08
C108253,Aditi Rao,26,Female,Jaipur,Rajasthan,Business,120649.07,678,Salary,109172.1,2020-12-14
C108254,Ananya Behera,37,Male,Pune,Maharashtra,Self-Employed,42878.48,808,Current,29601.98,2019-01-30
C108255,Aditi Rao,50,Male,Mumbai,Maharashtra,Business,70904.18,635,Savings,38267.27,2015-11-04
C108256,Sahil Mohanty,47,Female,Mumbai,Maharashtra,Business,113776.58,591,Salary,53104.09,2020-08-02
C108257,Priya Mishra,38,Female,Bhubaneswar,Odisha,Self-Employed,12518.07,744,Savings,20993.27,2018-06-17
C108258,Aditi Sahu,33,Male,Lucknow,Uttar Pradesh,Retired,69980.25,787,Salary,57499.83,2023-04-14
C108259,Priya Behera,39,Male,Bhubaneswar,Odisha,Salaried,81930.06,693,Savings,59388.66,2018-05-13
C108260,Pooja Nayak,31,Male,Bengaluru,Karnataka,Business,21492.21,558,Savings,64812.39,2019-07-25
C108261,Sahil Das,53,Male,Ahmedabad,Gujarat,Business,64221.26,608,Savings,130303.54,2015-04-04
C108262,Ananya Singh,34,Female,Ahmedabad,Gujarat,Salaried,35544.84,733,Salary,500.0,2015-04-18
C108263,Sneha Behera,35,Female,Chennai,Tamil Nadu,Salaried,68413.94,704,Salary,97660.74,2018-03-13
C108264,Sahil Das,18,Female,Kochi,Kerala,Retired,52200.06,788,Salary,77810.85,2018-09-04
C108265,Vivaan Nayak,34,Female,Kochi,Kerala,Salaried,32682.92,710,Current,40920.17,2017-01-26
C108266,Aditya Jain,44,Male,Delhi,Delhi,Salaried,101255.62,657,Salary,175581.29,2022-12-25
C108267,Ankit Kumar,25,Male,Bhubaneswar,Odisha,Self-Employed,43694.95,725,Savings,89491.26,2016-01-17
C108268,Ananya Roul,28,Male,Jaipur,Rajasthan,Salaried,63803.83,771,Current,73770.15,2024-10-01
C108269,Pooja Nayak,44,Male,Kolkata,West Bengal,Student,113302.29,793,Savings,98002.59,2016-07-16
C108270,Vivaan Verma,21,Male,Ahmedabad,Gujarat,Salaried,33219.97,698,Salary,49728.96,2025-06-12
C108271,Aditya Roul,47,Female,Mumbai,Maharashtra,Salaried,55244.03,709,Current,111717.33,2020-11-20
C108272,Amit Mohanty,31,Female,Bengaluru,Karnataka,Business,41883.97,756,Salary,71748.87,2021-10-05
C108273,Aditi Mishra,32,Female,Chandigarh,Chandigarh,Salaried,47353.2,656,Salary,41444.76,2021-09-21
C108274,Pooja Sahu,25,Female,Kochi,Kerala,Self-Employed,180040.18,753,Savings,278125.7,2024-07-20
C108275,Sneha Panda,40,Female,Delhi,Delhi,Business,70708.08,690,Savings,120625.33,2016-02-15
C108276,Aditi Mohanty,61,Female,Guwahati,Assam,Business,65353.38,700,Salary,39538.57,2019-01-24
C108277,Sneha Dasgupta,44,Male,Bengaluru,Karnataka,Business,73374.85,705,Savings,500.0,2016-04-09
C108278,Arjun Jain,27,Other,Ahmedabad,Gujarat,Salaried,69684.37,713,Savings,92498.42,2016-01-25
C108279,Aarav Bose,47,Male,Ahmedabad,Gujarat,Salaried,20148.62,829,Savings,500.0,2025-12-06
C108280,Priya Mehta,33,Male,Guwahati,Assam,Salaried,194523.24,675,Savings,352901.39,2017-12-18
C108281,Kavya Reddy,50,Male,Bhubaneswar,Odisha,Salaried,24579.92,678,Savings,14831.22,2023-08-12
C108282,Pooja Nayak,44,Female,Bhubaneswar,Odisha,Self-Employed,142630.88,799,Salary,158809.89,2018-09-29
C108283,Aditi Patel,18,Other,Ahmedabad,Gujarat,Salaried,77265.04,734,Savings,112166.04,2018-07-27
C108284,Ananya Bose,26,Female,Lucknow,Uttar Pradesh,Self-Employed,60749.67,755,Savings,92427.16,2024-12-17
C108285,Ankit Behera,45,Female,Kochi,Kerala,Salaried,46493.68,638,Current,63820.4,2016-05-21
C108286,Sneha Bose,38,Female,Mumbai,Maharashtra,Self-Employed,230481.7,721,Savings,295346.74,2017-01-18
C108287,Isha Reddy,26,Female,Kochi,Kerala,Salaried,76692.39,758,Salary,44905.27,2021-06-18
C108288,Sahil Gupta,30,Female,Indore,Madhya Pradesh,Salaried,55537.68,661,Savings,94142.08,2017-05-19
C108289,Nisha Behera,18,Female,Chandigarh,Chandigarh,Self-Employed,40974.04,746,Savings,4704.87,2021-07-12
C108290,Vivaan Bose,35,Male,Delhi,Delhi,Business,38359.48,692,Savings,31853.36,2023-12-23
C108291,Vivaan Roul,58,Male,Ahmedabad,Gujarat,Business,56552.49,663,Salary,71464.34,2015-11-19
C108292,Priya Bose,44,Female,Delhi,Delhi,Student,32966.82,771,Savings,35716.9,2017-08-06
C108293,Sneha Das,58,Male,Ahmedabad,Gujarat,Business,79929.2,779,Premium Savings,107357.45,2015-07-21
C108294,Ankit Patel,45,Female,Guwahati,Assam,Business,38560.56,713,Salary,39951.55,2018-02-06
C108295,Ananya Mohanty,46,Male,Mumbai,Maharashtra,Salaried,95589.09,734,Salary,115623.29,2018-06-29
C108296,Sahil Gupta,56,Female,Mumbai,Maharashtra,Salaried,94420.31,791,Savings,96386.17,2024-06-08
C108297,Priya Sharma,40,Male,Hyderabad,Telangana,Business,53348.38,679,Savings,19670.39,2023-07-13
C108298,Nisha Behera,34,Female,Delhi,Delhi,Salaried,75678.9,728,Savings,152365.1,2021-03-03
C108299,Nisha Dasgupta,46,Male,Ahmedabad,Gujarat,Salaried,77791.59,680,Savings,98331.91,2023-06-19
C108300,Neha Roul,51,Female,Guwahati,Assam,Salaried,24607.49,639,Premium Savings,39921.17,2021-01-26
C108301,Rohan Gupta,31,Male,Bengaluru,Karnataka,Salaried,142560.19,679,Savings,205724.22,2025-03-28
C108302,Ananya Mishra,29,Female,Indore,Madhya Pradesh,Business,47783.2,632,Savings,66291.55,2024-08-20
C108303,Priya Singh,37,Female,Bhubaneswar,Odisha,Salaried,80632.24,733,Salary,71770.43,2015-11-23
C108304,Pooja Panda,44,Male,Pune,Maharashtra,Salaried,81885.84,655,Savings,58040.2,2024-02-07
C108305,Arjun Kumar,44,Female,Ahmedabad,Gujarat,Salaried,13986.43,614,Savings,25198.06,2022-12-29
C108306,Arjun Reddy,22,Male,Kolkata,West Bengal,Business,38321.92,753,Premium Savings,23517.15,2021-02-26
C108307,Vivaan Bose,55,Male,Indore,Madhya Pradesh,Business,87316.2,749,Savings,138343.76,2025-06-27
C108308,Ananya Reddy,30,Male,Bengaluru,Karnataka,Salaried,56915.75,684,Salary,76411.87,2021-06-22
C108309,Riya Gupta,33,Female,Chennai,Tamil Nadu,Business,80339.89,751,Savings,48196.62,2024-10-04
C108310,Neha Sahu,27,Male,Indore,Madhya Pradesh,Salaried,57866.28,653,Current,105593.23,2022-09-29
C108311,Isha Behera,63,Male,Bhubaneswar,Odisha,Business,108147.19,681,Savings,91574.69,2021-02-14
C108312,Riya Mehta,38,Female,Kochi,Kerala,Business,58560.0,731,Salary,91068.6,2018-05-02
C108313,Aditi Mishra,27,Female,Jaipur,Rajasthan,Retired,120371.43,772,Savings,135688.03,2025-03-01
C108314,Rohan Reddy,45,Male,Kolkata,West Bengal,Salaried,32082.72,680,Savings,64712.29,2021-03-12
C108315,Amit Verma,44,Female,Ahmedabad,Gujarat,Salaried,51271.3,666,Current,63430.75,2022-05-18
C108316,Nisha Sahu,34,Female,Lucknow,Uttar Pradesh,Salaried,39684.61,769,Savings,60861.23,2018-05-03
C108317,Arjun Bose,44,Male,Bhubaneswar,Odisha,Salaried,68107.21,745,Salary,52437.02,2016-02-16
C108318,Karan Patel,28,Female,Indore,Madhya Pradesh,Salaried,47184.52,715,Salary,95432.71,2025-01-15
C108319,Pooja Roul,31,Female,Pune,Maharashtra,Salaried,48477.53,782,Current,32146.92,2019-07-12
C108320,Sahil Dasgupta,18,Female,Ahmedabad,Gujarat,Salaried,37326.8,832,Savings,65528.86,2023-06-09
C108321,Aarav Patel,23,Male,Hyderabad,Telangana,Student,42688.46,729,Salary,51125.9,2025-06-09
C108322,Rahul Singh,54,Female,Mumbai,Maharashtra,Salaried,54690.0,667,Current,93411.48,2015-06-16
C108323,Neha Gupta,52,Male,Guwahati,Assam,Retired,18094.23,737,Savings,33478.92,2018-07-01
C108324,Rahul Verma,37,Female,Hyderabad,Telangana,Business,15508.11,652,Salary,15578.69,2025-04-21
C108325,Aditi Rao,53,Male,Delhi,Delhi,Student,56818.58,786,Current,98853.09,2024-11-05
C108326,Rahul Sharma,34,Male,Chennai,Tamil Nadu,Student,12000.0,659,Savings,30536.99,2019-09-18
C108327,Priya Mehta,34,Male,Guwahati,Assam,Business,49457.07,692,Savings,63032.62,2016-01-16
C108328,Ankit Dasgupta,37,Female,Indore,Madhya Pradesh,Business,44696.41,651,Premium Savings,34922.3,2022-05-18
C108329,Rohan Panda,35,Male,Jaipur,Rajasthan,Salaried,74102.85,717,Savings,77509.56,2018-09-27
C108330,Isha Rao,34,Male,Hyderabad,Telangana,Self-Employed,38005.2,719,Current,18505.29,2018-01-07
C108331,Riya Kumar,47,Male,Pune,Maharashtra,Student,130394.74,753,Savings,101401.65,2023-04-24
C108332,Aditi Singh,38,Female,Mumbai,Maharashtra,Salaried,87691.31,713,Current,163576.77,2015-08-02
C108333,Aditya Nayak,43,Male,Jaipur,Rajasthan,Salaried,23940.5,708,Savings,28173.91,2016-07-14
C108334,Kavya Gupta,46,Female,Mumbai,Maharashtra,Business,47037.38,668,Savings,95305.13,2015-10-09
C108335,Aditi Dasgupta,40,Male,Hyderabad,Telangana,Self-Employed,127394.05,686,Salary,66601.04,2016-01-22
C108336,Sahil Mohanty,26,Male,Pune,Maharashtra,Business,37473.56,614,Salary,50253.4,2025-08-23
C108337,Ankit Jain,22,Female,Chandigarh,Chandigarh,Salaried,53423.06,796,Salary,23305.73,2025-08-05
C108338,Aarav Nayak,37,Female,Kolkata,West Bengal,Self-Employed,119057.12,699,Savings,169227.23,2021-08-06
C108339,Rohan Panda,34,Male,Mumbai,Maharashtra,Salaried,40854.04,812,Savings,72345.27,2015-01-17
C108340,Amit Mohanty,37,Male,Hyderabad,Telangana,Student,101999.93,697,Savings,155148.79,2016-03-13
C108341,Arjun Rao,36,Male,Kolkata,West Bengal,Salaried,33342.52,581,Salary,11725.51,2024-12-30
C108342,Riya Gupta,62,Female,Lucknow,Uttar Pradesh,Student,12000.0,676,Salary,25914.34,2020-05-07
C108343,Kavya Das,23,Male,Ahmedabad,Gujarat,Salaried,108096.5,705,Current,151218.11,2015-06-24
C108344,Aditya Gupta,18,Female,Mumbai,Maharashtra,Salaried,70009.96,709,Salary,119422.02,2020-04-05
C108345,Neha Reddy,39,Male,Lucknow,Uttar Pradesh,Salaried,72591.19,749,Savings,58620.93,2024-01-29
C108346,Pooja Das,32,Male,Indore,Madhya Pradesh,Salaried,30150.56,716,Current,33830.02,2019-01-19
C108347,Kavya Mehta,39,Male,Lucknow,Uttar Pradesh,Self-Employed,31500.05,683,Savings,19801.51,2019-07-21
C108348,Riya Patel,42,Female,Delhi,Delhi,Salaried,103551.93,646,Savings,26709.55,2021-01-28
C108349,Sahil Verma,49,Female,Pune,Maharashtra,Salaried,62871.77,679,Savings,74801.02,2016-03-13
C108350,Rahul Behera,21,Male,Jaipur,Rajasthan,Salaried,51559.29,744,Current,90784.67,2017-12-18
C108351,Rohan Sahu,30,Female,Guwahati,Assam,Student,62106.02,761,Savings,33469.7,2016-10-12
C108352,Pooja Sahu,40,Male,Jaipur,Rajasthan,Salaried,126091.93,661,Savings,155854.22,2021-08-17
C108353,Aditi Bose,44,Female,Kolkata,West Bengal,Salaried,81888.76,770,Savings,60223.95,2025-07-15
C108354,Isha Behera,58,Female,Delhi,Delhi,Self-Employed,42363.13,742,Savings,56079.21,2021-04-17
C108355,Pooja Panda,46,Male,Indore,Madhya Pradesh,Student,25416.91,647,Salary,28628.61,2025-01-14
C108356,Riya Bose,35,Female,Kolkata,West Bengal,Student,76002.24,721,Current,125123.03,2023-11-27
C108357,Pooja Rao,27,Female,Bengaluru,Karnataka,Student,33087.34,729,Current,36745.17,2017-10-11
C108358,Priya Nayak,30,Male,Jaipur,Rajasthan,Salaried,28703.7,636,Current,13945.74,2015-12-02
C108359,Sahil Mehta,30,Female,Mumbai,Maharashtra,Student,113408.37,617,Savings,168871.72,2018-09-30
C108360,Isha Gupta,43,Male,Mumbai,Maharashtra,Business,88868.38,736,Salary,133796.95,2016-11-20
C108361,Pooja Nayak,39,Female,Mumbai,Maharashtra,Student,67996.79,675,Premium Savings,13941.07,2017-01-28
C108362,Aditya Mishra,23,Male,Ahmedabad,Gujarat,Salaried,27832.79,803,Savings,28115.59,2022-04-10
C108363,Sahil Sharma,32,Female,Bengaluru,Karnataka,Student,147146.62,817,Savings,64606.0,2025-04-18
C108364,Arjun Behera,45,Male,Jaipur,Rajasthan,Salaried,96854.59,736,Savings,167914.06,2021-05-19
C108365,Rahul Panda,40,Male,Pune,Maharashtra,Self-Employed,46537.16,767,Current,34853.91,2022-11-10
C108366,Karan Sahu,42,Male,Pune,Maharashtra,Salaried,41426.85,638,Current,68328.29,2024-09-19
C108367,Aarav Mehta,40,Male,Chennai,Tamil Nadu,Salaried,57426.31,618,Premium Savings,78630.96,2016-03-01
C108368,Aditi Sahu,52,Male,Chandigarh,Chandigarh,Self-Employed,42275.3,696,Current,53137.62,2022-01-27
C108369,Rohan Mohanty,38,Male,Hyderabad,Telangana,Salaried,185648.08,621,Savings,332706.15,2024-02-09
C108370,Priya Reddy,32,Female,Bengaluru,Karnataka,Business,44491.25,725,Current,50431.13,2015-03-10
C108371,Nisha Roul,27,Male,Pune,Maharashtra,Self-Employed,30569.34,654,Premium Savings,28993.82,2020-04-10
C108372,Sahil Jain,38,Female,Indore,Madhya Pradesh,Business,131757.34,717,Salary,75630.43,2017-06-13
C108373,Amit Bose,18,Female,Pune,Maharashtra,Salaried,40219.39,694,Savings,63896.91,2023-03-04
C108374,Aditi Sharma,34,Other,Mumbai,Maharashtra,Retired,84763.9,746,Savings,81644.9,2022-12-10
C108375,Arjun Singh,34,Other,Chandigarh,Chandigarh,Business,79742.0,726,Savings,67961.19,2016-06-02
C108376,Sahil Bose,22,Female,Delhi,Delhi,Salaried,53256.72,679,Salary,34869.32,2016-11-24
C108377,Ankit Nayak,27,Female,Lucknow,Uttar Pradesh,Business,32207.04,616,Current,53870.1,2023-04-11
C108378,Kavya Behera,44,Male,Chennai,Tamil Nadu,Salaried,53561.61,716,Salary,92350.06,2025-09-26
C108379,Amit Sahu,38,Female,Guwahati,Assam,Salaried,28901.96,592,Savings,30487.35,2024-03-21
C108380,Ananya Sahu,37,Female,Bhubaneswar,Odisha,Self-Employed,54287.2,786,Salary,59801.22,2024-09-08
C108381,Arjun Reddy,39,Male,Bhubaneswar,Odisha,Self-Employed,84129.98,739,Savings,93100.24,2022-08-27
C108382,Ananya Sahu,37,Female,Lucknow,Uttar Pradesh,Salaried,141473.47,760,Savings,173678.81,2020-09-18
C108383,Riya Jain,48,Male,Guwahati,Assam,Salaried,30235.48,642,Savings,20667.1,2017-09-04
C108384,Rahul Singh,37,Female,Ahmedabad,Gujarat,Retired,47922.3,728,Savings,68321.0,2019-07-29
C108385,Amit Patel,21,Male,Jaipur,Rajasthan,Salaried,41210.25,662,Premium Savings,25356.3,2015-01-22
C108386,Pooja Sharma,52,Female,Chandigarh,Chandigarh,Salaried,63936.46,715,Savings,49862.55,2022-08-23
C108387,Neha Mehta,40,Female,Delhi,Delhi,Retired,23815.55,640,Savings,45631.81,2020-11-12
C108388,Aditi Gupta,30,Female,Indore,Madhya Pradesh,Salaried,33002.02,700,Premium Savings,56914.54,2024-10-24
C108389,Isha Sharma,23,Female,Pune,Maharashtra,Business,21687.24,615,Salary,39809.85,2018-01-24
C108390,Priya Mishra,40,Female,Pune,Maharashtra,Salaried,24934.83,695,Savings,30932.03,2021-06-20
C108391,Arjun Jain,35,Male,Kochi,Kerala,Self-Employed,38248.04,598,Savings,67006.72,2023-11-29
C108392,Vivaan Singh,52,Male,Indore,Madhya Pradesh,Salaried,137871.02,819,Salary,174145.78,2023-03-09
C108393,Rahul Mohanty,33,Male,Bhubaneswar,Odisha,Retired,66587.27,715,Savings,49147.55,2023-09-15
C108394,Ankit Mishra,28,Male,Ahmedabad,Gujarat,Salaried,57001.69,705,Savings,92139.38,2024-06-10
C108395,Amit Patel,45,Male,Guwahati,Assam,Self-Employed,115367.25,749,Savings,117525.14,2017-02-07
C108396,Karan Mohanty,45,Female,Bhubaneswar,Odisha,Retired,67918.74,621,Savings,37107.59,2020-07-10
C108397,Rohan Rao,38,Female,Mumbai,Maharashtra,Retired,71521.64,654,Current,29973.13,2021-02-20
C108398,Aditya Dasgupta,43,Female,Bengaluru,Karnataka,Salaried,42400.91,740,Salary,90261.5,2017-09-01
C108399,Neha Das,36,Male,Bhubaneswar,Odisha,Business,38737.29,715,Salary,58013.71,2015-09-01
C108400,Ankit Nayak,38,Male,Delhi,Delhi,Salaried,26741.41,658,Salary,500.0,2019-10-27
C108401,Pooja Verma,48,Female,Mumbai,Maharashtra,Self-Employed,39517.12,747,Salary,63607.18,2017-05-14
C108402,Neha Roul,42,Male,Pune,Maharashtra,Salaried,47136.39,725,Salary,74357.57,2021-11-16
C108403,Aditya Kumar,34,Male,Kochi,Kerala,Salaried,66481.83,738,Current,36093.9,2022-06-24
C108404,Rahul Reddy,50,Male,Bengaluru,Karnataka,Salaried,53899.22,730,Salary,56848.17,2019-05-11
C108405,Karan Dasgupta,18,Male,Lucknow,Uttar Pradesh,Self-Employed,44994.71,661,Current,49339.98,2017-02-27
C108406,Aarav Rao,57,Male,Indore,Madhya Pradesh,Self-Employed,33311.78,700,Current,26178.13,2024-04-02
C108407,Riya Das,19,Male,Lucknow,Uttar Pradesh,Salaried,68501.31,584,Salary,122030.36,2020-12-01
C108408,Riya Rao,30,Male,Hyderabad,Telangana,Self-Employed,41827.83,672,Savings,30612.33,2018-04-13
C108409,Riya Patel,36,Female,Jaipur,Rajasthan,Retired,66814.58,689,Salary,133872.48,2018-11-11
C108410,Sneha Sahu,35,Male,Lucknow,Uttar Pradesh,Business,19202.37,746,Premium Savings,45206.89,2016-07-11
C108411,Aditya Mehta,46,Male,Delhi,Delhi,Self-Employed,66179.11,738,Savings,106945.51,2019-07-15
C108412,Ankit Verma,25,Female,Indore,Madhya Pradesh,Student,82941.2,656,Current,26498.75,2025-12-02
C108413,Aditi Bose,39,Female,Kochi,Kerala,Self-Employed,77329.47,655,Savings,74960.45,2021-08-16
C108414,Priya Bose,30,Male,Bhubaneswar,Odisha,Salaried,49359.83,790,Salary,41062.55,2019-08-13
C108415,Sneha Jain,39,Female,Chennai,Tamil Nadu,Self-Employed,90990.79,686,Current,83075.49,2025-03-19
C108416,Amit Verma,35,Male,Kolkata,West Bengal,Salaried,27308.71,712,Current,52985.66,2021-06-26
C108417,Neha Mehta,37,Male,Indore,Madhya Pradesh,Business,52366.65,756,Savings,19806.79,2018-03-24
C108418,Ankit Reddy,31,Other,Chandigarh,Chandigarh,Retired,49450.17,700,Salary,98953.08,2018-01-08
C108419,Isha Sharma,31,Female,Guwahati,Assam,Salaried,97256.62,695,Savings,137990.3,2017-10-17
C108420,Rohan Dasgupta,39,Male,Chennai,Tamil Nadu,Salaried,18102.72,685,Current,38599.37,2021-11-29
C108421,Isha Das,45,Female,Guwahati,Assam,Salaried,30733.76,672,Current,41120.24,2024-08-07
C108422,Priya Singh,30,Female,Indore,Madhya Pradesh,Salaried,143785.29,714,Current,149749.19,2024-12-22
C108423,Aditya Das,27,Male,Kolkata,West Bengal,Business,14447.51,587,Savings,52905.48,2016-05-25
C108424,Isha Dasgupta,42,Male,Chennai,Tamil Nadu,Self-Employed,86079.08,682,Salary,137781.53,2022-12-05
C108425,Sneha Sahu,36,Male,Mumbai,Maharashtra,Salaried,37418.05,740,Salary,47330.28,2019-09-18
C108426,Nisha Patel,44,Female,Mumbai,Maharashtra,Business,63270.53,733,Savings,54068.29,2017-11-10
C108427,Priya Behera,27,Male,Lucknow,Uttar Pradesh,Salaried,119691.01,797,Savings,141788.79,2022-04-09
C108428,Sahil Jain,18,Female,Indore,Madhya Pradesh,Retired,64624.72,759,Savings,35567.57,2021-10-15
C108429,Nisha Behera,31,Male,Delhi,Delhi,Salaried,121064.87,732,Premium Savings,170280.44,2020-07-31
C108430,Isha Nayak,28,Male,Bengaluru,Karnataka,Self-Employed,41952.63,707,Salary,59093.71,2015-01-06
C108431,Rohan Dasgupta,35,Female,Kochi,Kerala,Salaried,45115.97,675,Salary,77790.99,2025-12-19
C108432,Isha Das,30,Female,Ahmedabad,Gujarat,Salaried,84783.12,738,Premium Savings,145386.36,2016-04-14
C108433,Riya Nayak,43,Male,Bhubaneswar,Odisha,Business,43191.62,726,Savings,76415.5,2019-07-20
C108434,Pooja Patel,33,Male,Chandigarh,Chandigarh,Salaried,76391.67,681,Current,35197.81,2021-08-16
C108435,Priya Singh,38,Female,Indore,Madhya Pradesh,Student,105469.89,649,Current,42757.55,2017-02-22
C108436,Vivaan Mishra,38,Male,Kolkata,West Bengal,Self-Employed,88669.72,702,Premium Savings,153840.82,2023-05-17
C108437,Aditya Mishra,38,Male,Bhubaneswar,Odisha,Student,23079.2,780,Savings,12420.95,2017-11-02
C108438,Rohan Behera,36,Female,Lucknow,Uttar Pradesh,Retired,45584.77,712,Savings,63633.28,2022-10-02
C108439,Riya Dasgupta,41,Female,Bhubaneswar,Odisha,Salaried,64221.69,707,Savings,116248.69,2016-06-09
C108440,Pooja Reddy,28,Male,Bhubaneswar,Odisha,Self-Employed,48095.65,733,Savings,31652.98,2021-06-19
C108441,Rohan Roul,50,Female,Indore,Madhya Pradesh,Business,57453.99,736,Savings,42928.08,2017-01-25
C108442,Rohan Sharma,34,Female,Chandigarh,Chandigarh,Salaried,64691.0,721,Savings,98232.74,2024-02-18
C108443,Karan Sahu,23,Male,Lucknow,Uttar Pradesh,Student,41170.45,702,Savings,57539.26,2022-03-09
C108444,Sneha Bose,38,Female,Kolkata,West Bengal,Self-Employed,49449.0,672,Premium Savings,28624.57,2021-07-04
C108445,Neha Nayak,27,Male,Jaipur,Rajasthan,Business,28724.89,770,Premium Savings,44296.96,2016-05-06
C108446,Rahul Mohanty,43,Male,Chandigarh,Chandigarh,Salaried,42288.71,677,Savings,28449.23,2025-11-05
C108447,Kavya Dasgupta,58,Male,Kochi,Kerala,Business,23751.84,807,Salary,62291.95,2022-07-11
C108448,Sneha Singh,28,Male,Lucknow,Uttar Pradesh,Salaried,58639.37,715,Salary,44323.46,2017-10-16
C108449,Neha Dasgupta,39,Female,Lucknow,Uttar Pradesh,Business,49454.89,708,Savings,75133.17,2016-06-26
C108450,Priya Das,18,Male,Kochi,Kerala,Self-Employed,33236.41,754,Savings,62587.08,2022-12-22
C108451,Kavya Singh,41,Female,Hyderabad,Telangana,Salaried,146822.75,663,Savings,83112.03,2015-06-14
C108452,Isha Mohanty,27,Male,Kochi,Kerala,Retired,48055.51,742,Savings,70110.28,2017-08-03
C108453,Sneha Sharma,30,Male,Indore,Madhya Pradesh,Business,64388.65,712,Salary,107438.52,2017-10-20
C108454,Amit Singh,25,Female,Guwahati,Assam,Retired,38709.5,732,Savings,39902.32,2023-05-10
C108455,Aarav Bose,43,Female,Chandigarh,Chandigarh,Salaried,43791.59,661,Salary,48372.03,2015-07-10
C108456,Kavya Mohanty,46,Female,Bhubaneswar,Odisha,Self-Employed,65743.49,660,Current,70944.66,2023-03-15
C108457,Riya Mishra,36,Female,Jaipur,Rajasthan,Self-Employed,45814.25,586,Savings,48433.16,2015-10-23
C108458,Sahil Mohanty,27,Male,Jaipur,Rajasthan,Business,55100.02,675,Savings,91568.82,2022-09-02
C108459,Aditya Sharma,52,Female,Indore,Madhya Pradesh,Salaried,85720.05,672,Savings,40823.41,2019-06-05
C108460,Neha Das,28,Male,Lucknow,Uttar Pradesh,Salaried,41364.32,662,Salary,43850.11,2016-06-28
C108461,Riya Mishra,18,Female,Chandigarh,Chandigarh,Student,26433.83,697,Salary,29870.86,2025-10-28
C108462,Amit Gupta,41,Female,Bhubaneswar,Odisha,Salaried,23757.25,709,Savings,43889.79,2017-06-12
C108463,Ananya Verma,25,Male,Hyderabad,Telangana,Retired,121325.21,737,Savings,147860.09,2018-02-06
C108464,Kavya Mishra,46,Male,Mumbai,Maharashtra,Salaried,91786.38,742,Salary,122915.79,2025-10-04
C108465,Priya Sahu,32,Female,Guwahati,Assam,Retired,78887.52,747,Savings,69168.83,2016-04-06
C108466,Rohan Roul,42,Female,Bhubaneswar,Odisha,Business,43271.93,750,Current,70257.92,2021-06-11
C108467,Rahul Mohanty,50,Male,Indore,Madhya Pradesh,Business,26420.47,723,Current,31231.93,2015-01-12
C108468,Kavya Patel,24,Female,Kolkata,West Bengal,Salaried,47090.31,709,Current,18134.52,2022-04-23
C108469,Vivaan Gupta,30,Female,Pune,Maharashtra,Student,52247.3,765,Savings,34082.35,2017-05-10
C108470,Priya Roul,35,Male,Pune,Maharashtra,Self-Employed,29517.4,750,Premium Savings,66916.44,2023-01-16
C108471,Priya Bose,51,Male,Mumbai,Maharashtra,Business,24508.55,609,Savings,66760.97,2016-03-29
C108472,Ananya Panda,29,Female,Chandigarh,Chandigarh,Salaried,21235.22,694,Savings,53230.24,2024-04-22
C108473,Kavya Roul,30,Male,Hyderabad,Telangana,Self-Employed,78956.69,588,Savings,31938.63,2022-10-22
C108474,Vivaan Singh,41,Male,Ahmedabad,Gujarat,Student,28343.17,587,Premium Savings,48459.04,2015-02-26
C108475,Pooja Mishra,30,Female,Kochi,Kerala,Salaried,65203.22,672,Savings,108972.81,2019-08-21
C108476,Rahul Das,38,Female,Mumbai,Maharashtra,Business,44191.98,697,Salary,67279.07,2016-03-14
C108477,Riya Verma,20,Female,Chennai,Tamil Nadu,Salaried,76068.48,677,Savings,69875.75,2018-10-30
C108478,Pooja Sharma,58,Male,Chennai,Tamil Nadu,Student,66157.39,590,Savings,90042.73,2017-04-25
C108479,Ankit Das,23,Female,Hyderabad,Telangana,Retired,48412.96,755,Salary,84033.24,2020-01-06
C108480,Sahil Patel,33,Female,Kochi,Kerala,Salaried,59091.23,659,Salary,89529.89,2016-08-14
C108481,Rahul Mehta,36,Male,Ahmedabad,Gujarat,Salaried,51761.59,737,Salary,76530.47,2016-08-25
C108482,Priya Mehta,55,Female,Hyderabad,Telangana,Self-Employed,39208.45,661,Savings,59719.93,2023-02-14
C108483,Ankit Sahu,23,Female,Chennai,Tamil Nadu,Salaried,94290.34,673,Salary,163184.07,2022-04-08
C108484,Isha Behera,56,Female,Chandigarh,Chandigarh,Self-Employed,43581.93,733,Savings,61222.89,2023-10-23
C108485,Amit Panda,44,Female,Jaipur,Rajasthan,Salaried,52434.54,682,Savings,66621.36,2016-05-19
C108486,Pooja Mohanty,40,Male,Guwahati,Assam,Salaried,25254.75,716,Savings,21250.2,2024-09-28
C108487,Vivaan Nayak,26,Female,Bengaluru,Karnataka,Salaried,63947.2,723,Savings,111958.15,2019-02-19
C108488,Arjun Kumar,42,Female,Kolkata,West Bengal,Salaried,39311.35,612,Current,20669.72,2018-08-24
C108489,Neha Rao,29,Female,Jaipur,Rajasthan,Salaried,42311.82,736,Current,34946.07,2025-12-16
C108490,Riya Dasgupta,49,Other,Bhubaneswar,Odisha,Self-Employed,34659.6,644,Premium Savings,38521.37,2019-08-11
C108491,Aditya Verma,26,Male,Pune,Maharashtra,Self-Employed,51374.15,633,Current,73036.85,2019-04-01
C108492,Nisha Sahu,35,Male,Jaipur,Rajasthan,Salaried,18242.85,658,Savings,15096.69,2022-05-25
C108493,Ankit Jain,30,Male,Chennai,Tamil Nadu,Self-Employed,80048.25,758,Salary,113705.32,2020-10-26
C108494,Pooja Mishra,26,Female,Pune,Maharashtra,Student,53842.74,601,Savings,80870.56,2022-08-18
C108495,Isha Jain,43,Male,Bengaluru,Karnataka,Salaried,42534.95,747,Current,74460.63,2018-01-31
C108496,Priya Jain,41,Female,Chandigarh,Chandigarh,Business,23471.96,727,Savings,32153.86,2019-12-22
C108497,Aditi Sharma,48,Male,Delhi,Delhi,Business,69792.03,710,Savings,132297.53,2022-06-09
C108498,Ankit Gupta,18,Male,Pune,Maharashtra,Salaried,38801.27,721,Current,56132.99,2017-04-05
C108499,Isha Gupta,47,Male,Mumbai,Maharashtra,Salaried,112807.29,686,Salary,47102.25,2024-08-14
C108500,Neha Rao,61,Female,Bhubaneswar,Odisha,Self-Employed,71866.38,749,Savings,96989.78,2022-02-14
C108501,Amit Roul,31,Female,Mumbai,Maharashtra,Business,127918.56,677,Salary,72587.53,2016-08-20
C108502,Rohan Das,55,Female,Bhubaneswar,Odisha,Salaried,59303.4,599,Salary,94490.97,2017-04-26
C108503,Aditi Reddy,33,Female,Delhi,Delhi,Retired,99497.82,700,Savings,168023.73,2019-05-14
C108504,Rohan Nayak,22,Male,Mumbai,Maharashtra,Business,70941.62,757,Salary,106575.25,2018-12-17
C108505,Riya Behera,33,Male,Bhubaneswar,Odisha,Salaried,42918.09,737,Savings,81241.91,2017-02-09
C108506,Priya Verma,46,Other,Delhi,Delhi,Salaried,60964.92,823,Current,67667.37,2024-10-03
C108507,Riya Mohanty,28,Female,Jaipur,Rajasthan,Salaried,34766.03,689,Salary,52680.17,2022-06-20
C108508,Pooja Sharma,30,Male,Hyderabad,Telangana,Self-Employed,171599.26,695,Savings,127695.44,2024-08-15
C108509,Aarav Sahu,42,Female,Pune,Maharashtra,Self-Employed,52031.92,690,Savings,89057.35,2025-08-13
C108510,Rohan Mishra,36,Male,Chennai,Tamil Nadu,Business,55798.6,655,Current,47633.19,2022-06-05
C108511,Aditi Gupta,42,Male,Kolkata,West Bengal,Business,68157.79,674,Salary,26626.79,2017-09-21
C108512,Priya Panda,38,Male,Delhi,Delhi,Salaried,30250.52,637,Savings,34808.74,2020-06-29
C108513,Nisha Gupta,41,Female,Guwahati,Assam,Self-Employed,113759.58,556,Savings,63124.21,2020-06-25
C108514,Rohan Sahu,32,Male,Mumbai,Maharashtra,Salaried,31293.23,667,Salary,51111.86,2025-08-23
C108515,Sahil Patel,38,Male,Kolkata,West Bengal,Salaried,27633.38,707,Savings,21608.33,2018-01-26
C108516,Kavya Sahu,27,Male,Guwahati,Assam,Business,50186.45,746,Savings,55242.24,2019-11-27
C108517,Aarav Dasgupta,49,Male,Delhi,Delhi,Salaried,27213.67,668,Savings,45469.66,2015-07-20
C108518,Aditi Mehta,30,Male,Pune,Maharashtra,Business,129852.67,668,Savings,234519.98,2017-10-29
C108519,Karan Patel,47,Male,Kolkata,West Bengal,Retired,48445.84,772,Current,60732.5,2015-01-13
C108520,Aditya Singh,34,Male,Pune,Maharashtra,Self-Employed,12000.0,618,Current,34841.88,2019-11-10
C108521,Vivaan Mishra,38,Female,Chandigarh,Chandigarh,Salaried,61393.56,694,Savings,27868.12,2020-03-13
C108522,Amit Panda,31,Male,Delhi,Delhi,Salaried,74571.73,767,Savings,64809.38,2016-10-11
C108523,Isha Sharma,26,Male,Delhi,Delhi,Salaried,43621.3,659,Savings,66794.83,2015-09-09
C108524,Arjun Mishra,19,Male,Bengaluru,Karnataka,Self-Employed,26091.04,605,Salary,26228.55,2023-10-06
C108525,Isha Rao,25,Female,Pune,Maharashtra,Business,51962.09,816,Salary,21116.76,2024-12-20
C108526,Aditya Jain,33,Female,Kochi,Kerala,Self-Employed,42198.94,757,Salary,38677.42,2024-05-07
C108527,Rahul Dasgupta,38,Male,Chandigarh,Chandigarh,Business,32161.45,759,Savings,64799.22,2015-09-02
C108528,Amit Mishra,46,Female,Delhi,Delhi,Business,30637.64,699,Savings,11370.88,2023-05-24
C108529,Ananya Sahu,32,Female,Delhi,Delhi,Student,59935.13,747,Savings,55488.92,2020-02-23
C108530,Riya Behera,27,Female,Bhubaneswar,Odisha,Salaried,90377.48,543,Salary,154346.63,2020-11-17
C108531,Vivaan Mehta,22,Male,Jaipur,Rajasthan,Student,70893.75,677,Savings,74680.47,2018-03-30
C108532,Riya Reddy,41,Male,Hyderabad,Telangana,Self-Employed,21262.27,767,Salary,25944.6,2017-04-14
C108533,Vivaan Dasgupta,50,Female,Kolkata,West Bengal,Salaried,77157.29,614,Savings,42938.71,2019-08-21
C108534,Aarav Kumar,49,Female,Ahmedabad,Gujarat,Retired,84115.76,683,Savings,82122.96,2016-03-28
C108535,Ananya Roul,43,Female,Kochi,Kerala,Retired,118376.05,726,Salary,208222.62,2024-11-18
C108536,Karan Mohanty,42,Male,Lucknow,Uttar Pradesh,Self-Employed,32619.0,654,Savings,35907.36,2018-03-22
C108537,Sahil Roul,53,Male,Chennai,Tamil Nadu,Student,53314.15,705,Savings,38735.23,2016-07-30
C108538,Priya Jain,39,Female,Kochi,Kerala,Salaried,75148.9,730,Savings,74140.01,2018-03-06
C108539,Pooja Sharma,42,Female,Chandigarh,Chandigarh,Salaried,41148.14,725,Savings,66249.93,2018-02-18
C108540,Rahul Mohanty,33,Male,Bhubaneswar,Odisha,Salaried,74506.29,679,Current,6328.15,2016-12-26
C108541,Kavya Das,22,Male,Chandigarh,Chandigarh,Self-Employed,54277.98,651,Premium Savings,51156.48,2019-10-12
C108542,Isha Mohanty,29,Male,Guwahati,Assam,Self-Employed,34528.43,731,Current,28436.52,2023-08-17
C108543,Aditya Mehta,36,Female,Pune,Maharashtra,Salaried,36185.19,727,Savings,53004.03,2015-02-26
C108544,Sneha Verma,37,Female,Mumbai,Maharashtra,Business,109337.82,724,Salary,107449.15,2020-04-22
C108545,Aditi Sahu,55,Female,Mumbai,Maharashtra,Salaried,31794.81,712,Savings,51194.55,2023-10-24
C108546,Aditi Verma,37,Female,Bengaluru,Karnataka,Salaried,28931.56,727,Current,41123.87,2023-07-21
C108547,Pooja Panda,48,Male,Delhi,Delhi,Salaried,66469.39,762,Savings,93632.58,2020-12-09
C108548,Ankit Verma,32,Female,Bhubaneswar,Odisha,Salaried,54082.91,725,Savings,100482.65,2015-09-25
C108549,Kavya Mehta,33,Other,Kochi,Kerala,Salaried,26734.14,711,Salary,39757.12,2021-07-30
C108550,Nisha Mehta,23,Female,Hyderabad,Telangana,Salaried,41332.62,671,Savings,86149.71,2020-02-05
C108551,Aditi Panda,29,Female,Lucknow,Uttar Pradesh,Salaried,35096.57,795,Current,40816.51,2018-11-25
C108552,Ananya Verma,41,Male,Pune,Maharashtra,Salaried,38644.95,632,Salary,52509.61,2018-05-26
C108553,Aarav Mehta,36,Female,Indore,Madhya Pradesh,Salaried,220537.31,692,Savings,125015.68,2022-03-23
C108554,Priya Mishra,45,Female,Kochi,Kerala,Student,46568.03,672,Savings,77168.62,2017-07-07
C108555,Sneha Singh,38,Female,Kolkata,West Bengal,Salaried,33873.91,586,Current,47717.08,2020-01-15
C108556,Nisha Reddy,32,Male,Chennai,Tamil Nadu,Business,167221.0,728,Salary,56213.01,2017-04-02
C108557,Pooja Kumar,57,Female,Bhubaneswar,Odisha,Salaried,89646.43,692,Savings,177726.72,2022-09-20
C108558,Ankit Bose,35,Male,Kochi,Kerala,Salaried,81940.0,707,Savings,101122.53,2024-09-08
C108559,Ananya Nayak,48,Male,Hyderabad,Telangana,Salaried,34783.09,693,Salary,32074.57,2018-02-02
C108560,Aditya Dasgupta,32,Male,Delhi,Delhi,Student,105916.29,754,Savings,73230.01,2024-05-31
C108561,Amit Behera,43,Female,Bhubaneswar,Odisha,Salaried,86166.74,762,Current,59275.91,2020-05-07
C108562,Ananya Das,45,Male,Hyderabad,Telangana,Business,59634.39,633,Savings,63740.27,2025-10-21
C108563,Priya Singh,38,Male,Kochi,Kerala,Self-Employed,21399.48,820,Savings,28696.63,2019-05-19
C108564,Ananya Singh,18,Female,Guwahati,Assam,Salaried,54400.71,689,Current,63192.41,2018-01-09
C108565,Vivaan Mohanty,36,Female,Indore,Madhya Pradesh,Student,142422.08,743,Savings,76230.88,2016-10-19
C108566,Isha Bose,48,Female,Hyderabad,Telangana,Salaried,62087.44,717,Savings,63205.52,2020-05-21
C108567,Rohan Reddy,41,Male,Guwahati,Assam,Salaried,44713.55,712,Savings,58015.45,2017-06-22
C108568,Sneha Mehta,40,Female,Delhi,Delhi,Salaried,48505.72,741,Savings,25047.19,2019-11-30
C108569,Arjun Reddy,19,Male,Lucknow,Uttar Pradesh,Salaried,50387.56,791,Savings,80223.31,2025-02-23
C108570,Aditi Das,29,Male,Guwahati,Assam,Salaried,35429.52,756,Savings,3671.19,2016-06-30
C108571,Aditya Nayak,40,Male,Lucknow,Uttar Pradesh,Self-Employed,53766.39,689,Savings,69641.06,2015-03-12
C108572,Ananya Rao,40,Female,Bhubaneswar,Odisha,Salaried,121612.19,700,Premium Savings,103796.62,2023-10-05
C108573,Ankit Nayak,48,Male,Delhi,Delhi,Self-Employed,114266.49,668,Salary,50614.17,2017-08-18
C108574,Priya Singh,35,Male,Indore,Madhya Pradesh,Salaried,36322.9,751,Premium Savings,16374.02,2022-03-27
C108575,Vivaan Roul,40,Male,Ahmedabad,Gujarat,Retired,110949.68,743,Savings,147050.23,2020-06-13
C108576,Vivaan Singh,36,Male,Jaipur,Rajasthan,Salaried,83593.09,683,Current,72503.61,2019-04-25
C108577,Kavya Jain,26,Female,Hyderabad,Telangana,Self-Employed,77918.97,791,Savings,63037.88,2017-06-15
C108578,Aditi Gupta,18,Female,Mumbai,Maharashtra,Business,69747.72,775,Savings,71326.67,2025-08-21
C108579,Pooja Roul,40,Male,Bengaluru,Karnataka,Salaried,32970.93,824,Savings,51153.87,2021-03-09
C108580,Aarav Bose,38,Male,Indore,Madhya Pradesh,Salaried,44003.32,654,Current,68232.38,2020-09-18
C108581,Riya Singh,30,Male,Chandigarh,Chandigarh,Salaried,86959.14,698,Savings,81646.28,2022-03-14
C108582,Ankit Patel,20,Female,Kolkata,West Bengal,Salaried,28319.61,692,Savings,46908.88,2025-06-22
C108583,Karan Verma,42,Male,Jaipur,Rajasthan,Salaried,31028.52,850,Savings,25264.28,2016-08-15
C108584,Amit Das,33,Male,Mumbai,Maharashtra,Business,65088.1,706,Savings,120607.04,2016-03-25
C108585,Aditya Das,42,Female,Bengaluru,Karnataka,Salaried,35626.52,787,Savings,65517.12,2018-01-01
C108586,Ankit Nayak,55,Male,Kolkata,West Bengal,Self-Employed,86528.61,772,Savings,37196.45,2023-02-02
C108587,Aarav Das,18,Male,Chennai,Tamil Nadu,Salaried,36325.26,700,Current,32544.9,2019-02-27
C108588,Nisha Roul,29,Male,Jaipur,Rajasthan,Student,62912.34,709,Current,88971.9,2020-11-08
C108589,Neha Mishra,34,Male,Hyderabad,Telangana,Salaried,65875.89,739,Savings,124030.41,2017-11-09
C108590,Ankit Sharma,51,Female,Pune,Maharashtra,Salaried,42189.91,787,Savings,14873.87,2022-09-26
C108591,Nisha Gupta,20,Female,Bhubaneswar,Odisha,Salaried,48208.12,694,Savings,58345.11,2016-02-09
C108592,Aditya Das,55,Male,Bhubaneswar,Odisha,Salaried,37838.49,672,Savings,40536.34,2018-01-18
C108593,Aditya Dasgupta,37,Male,Jaipur,Rajasthan,Business,54440.08,766,Salary,75967.12,2024-08-31
C108594,Vivaan Verma,35,Female,Chennai,Tamil Nadu,Business,32408.0,630,Savings,22639.79,2022-05-20
C108595,Rohan Verma,34,Female,Chennai,Tamil Nadu,Business,48637.94,721,Salary,10238.64,2020-10-16
C108596,Kavya Panda,32,Male,Chennai,Tamil Nadu,Self-Employed,83013.5,774,Savings,37291.32,2023-12-19
C108597,Priya Panda,46,Female,Pune,Maharashtra,Retired,29433.11,733,Salary,19078.6,2018-06-24
C108598,Nisha Patel,25,Male,Kolkata,West Bengal,Self-Employed,42074.63,668,Salary,42805.71,2023-05-16
C108599,Aarav Nayak,39,Female,Chennai,Tamil Nadu,Salaried,73140.15,640,Salary,36745.69,2019-07-12
C108600,Kavya Behera,32,Female,Bengaluru,Karnataka,Salaried,17542.54,782,Savings,34238.87,2015-03-25
C108601,Sahil Reddy,28,Female,Bengaluru,Karnataka,Salaried,152612.86,694,Savings,177910.47,2015-09-15
C108602,Rahul Mishra,62,Male,Bengaluru,Karnataka,Self-Employed,97731.61,646,Current,170819.19,2021-05-12
C108603,Rahul Mehta,40,Male,Kochi,Kerala,Salaried,23600.04,779,Savings,47185.38,2025-09-25
C108604,Ankit Sahu,42,Female,Hyderabad,Telangana,Self-Employed,17288.22,757,Salary,19576.43,2024-12-03
C108605,Aarav Reddy,47,Female,Bhubaneswar,Odisha,Salaried,55903.27,637,Salary,32205.31,2016-03-14
C108606,Riya Behera,22,Female,Chandigarh,Chandigarh,Business,29701.54,850,Salary,68677.04,2017-09-15
C108607,Aditya Kumar,54,Male,Mumbai,Maharashtra,Retired,93331.2,670,Savings,95497.57,2025-01-29
C108608,Karan Nayak,18,Female,Delhi,Delhi,Salaried,68308.51,756,Current,127079.99,2018-03-04
C108609,Amit Gupta,28,Female,Indore,Madhya Pradesh,Student,58861.76,834,Savings,75482.94,2017-10-29
C108610,Isha Verma,31,Male,Pune,Maharashtra,Student,40192.97,763,Current,30910.27,2024-01-30
C108611,Kavya Reddy,42,Male,Chennai,Tamil Nadu,Retired,132600.04,722,Savings,143362.29,2017-09-27
C108612,Karan Roul,38,Male,Mumbai,Maharashtra,Salaried,83240.32,612,Savings,96759.26,2023-07-01
C108613,Aditi Behera,34,Female,Bengaluru,Karnataka,Business,76636.57,838,Salary,88462.06,2025-09-27
C108614,Neha Das,36,Female,Ahmedabad,Gujarat,Salaried,106416.85,761,Salary,62711.68,2022-06-30
C108615,Pooja Sahu,26,Female,Guwahati,Assam,Self-Employed,31404.77,613,Current,66258.32,2025-06-11
C108616,Riya Sahu,21,Male,Chennai,Tamil Nadu,Business,111490.46,805,Savings,62714.48,2021-03-27
C108617,Aditya Das,43,Female,Kochi,Kerala,Business,47550.8,709,Savings,46914.15,2024-08-06
C108618,Kavya Mishra,43,Female,Pune,Maharashtra,Salaried,66117.57,687,Savings,114188.32,2021-11-18
C108619,Ankit Singh,52,Male,Kochi,Kerala,Student,50464.92,668,Savings,61352.89,2021-06-10
C108620,Arjun Kumar,28,Male,Bhubaneswar,Odisha,Salaried,19579.97,716,Current,17015.72,2023-12-17
C108621,Rahul Sharma,43,Male,Pune,Maharashtra,Salaried,93118.67,758,Salary,78248.42,2025-05-14
C108622,Rohan Behera,33,Female,Jaipur,Rajasthan,Self-Employed,20163.37,673,Premium Savings,63623.57,2020-12-10
C108623,Aditya Roul,48,Male,Hyderabad,Telangana,Student,32321.96,713,Savings,29410.14,2025-05-03
C108624,Isha Reddy,46,Male,Pune,Maharashtra,Retired,42874.6,850,Premium Savings,40231.89,2017-01-19
C108625,Amit Patel,38,Male,Chandigarh,Chandigarh,Business,18780.98,736,Savings,22719.31,2022-01-14
C108626,Aditya Nayak,33,Female,Mumbai,Maharashtra,Salaried,30023.81,768,Current,36864.67,2020-07-28
C108627,Nisha Nayak,46,Male,Kochi,Kerala,Salaried,62927.56,643,Premium Savings,23603.49,2025-12-17
C108628,Riya Patel,42,Male,Mumbai,Maharashtra,Salaried,45452.83,617,Current,72805.58,2020-12-04
C108629,Rohan Behera,29,Male,Ahmedabad,Gujarat,Salaried,47562.71,800,Savings,54254.42,2015-01-14
C108630,Isha Behera,23,Male,Chandigarh,Chandigarh,Salaried,33250.83,782,Savings,29919.16,2016-09-02
C108631,Vivaan Dasgupta,33,Male,Jaipur,Rajasthan,Salaried,56414.88,816,Salary,77663.12,2025-10-01
C108632,Riya Bose,51,Male,Delhi,Delhi,Salaried,45991.05,700,Premium Savings,97029.09,2015-03-22
C108633,Aditya Panda,47,Female,Lucknow,Uttar Pradesh,Student,22304.81,787,Savings,64538.98,2018-09-02
C108634,Sneha Sahu,25,Female,Chandigarh,Chandigarh,Self-Employed,49245.99,539,Salary,59965.52,2023-08-14
C108635,Ankit Verma,24,Female,Mumbai,Maharashtra,Business,27779.04,740,Premium Savings,35254.11,2022-09-25
C108636,Rohan Roul,49,Male,Ahmedabad,Gujarat,Salaried,90113.19,772,Savings,124661.57,2023-08-19
C108637,Arjun Panda,25,Female,Pune,Maharashtra,Salaried,44345.2,660,Savings,37122.22,2021-03-18
C108638,Arjun Panda,41,Male,Lucknow,Uttar Pradesh,Salaried,220119.73,774,Premium Savings,57282.42,2019-09-16
C108639,Nisha Patel,30,Male,Indore,Madhya Pradesh,Salaried,93609.29,693,Savings,136218.55,2021-05-15
C108640,Isha Singh,52,Female,Hyderabad,Telangana,Self-Employed,51197.22,700,Current,62462.54,2018-10-29
C108641,Aditya Roul,28,Female,Lucknow,Uttar Pradesh,Self-Employed,75644.64,688,Current,101767.47,2015-01-06
C108642,Karan Mehta,47,Female,Bengaluru,Karnataka,Business,17425.66,808,Savings,54330.02,2020-05-24
C108643,Sneha Dasgupta,38,Female,Delhi,Delhi,Student,93376.7,675,Salary,197050.17,2017-03-03
C108644,Karan Kumar,39,Other,Ahmedabad,Gujarat,Salaried,35028.9,668,Savings,6196.75,2017-02-06
C108645,Pooja Singh,18,Female,Hyderabad,Telangana,Salaried,57782.52,649,Savings,109568.85,2016-03-20
C108646,Amit Sahu,18,Female,Chandigarh,Chandigarh,Retired,36860.51,681,Current,66077.94,2023-03-20
C108647,Sneha Rao,34,Female,Guwahati,Assam,Business,39079.89,718,Savings,59054.91,2018-06-08
C108648,Vivaan Nayak,38,Male,Chandigarh,Chandigarh,Self-Employed,49784.84,747,Savings,100792.47,2023-01-31
C108649,Aditya Rao,25,Male,Indore,Madhya Pradesh,Business,57374.0,656,Current,82467.38,2023-07-28
C108650,Aditya Sharma,25,Female,Chandigarh,Chandigarh,Salaried,54191.79,729,Savings,49076.64,2019-10-07
C108651,Karan Dasgupta,42,Male,Kolkata,West Bengal,Salaried,54940.0,745,Savings,62879.66,2017-10-25
C108652,Nisha Reddy,42,Male,Lucknow,Uttar Pradesh,Salaried,22493.08,644,Savings,19353.17,2022-10-21
C108653,Aditi Kumar,35,Male,Chandigarh,Chandigarh,Salaried,198335.58,709,Salary,163996.26,2024-01-09
C108654,Isha Rao,44,Male,Mumbai,Maharashtra,Salaried,62484.74,699,Savings,53132.63,2018-01-18
C108655,Ankit Patel,24,Female,Kolkata,West Bengal,Salaried,69965.01,710,Savings,122480.54,2021-07-29
C108656,Priya Sharma,32,Female,Chandigarh,Chandigarh,Student,45619.63,671,Salary,68179.17,2017-03-28
C108657,Arjun Mishra,52,Female,Bhubaneswar,Odisha,Self-Employed,34006.38,696,Savings,62982.75,2022-01-19
C108658,Karan Das,37,Female,Bengaluru,Karnataka,Salaried,59763.96,707,Current,106879.28,2019-07-05
C108659,Aarav Mishra,37,Female,Ahmedabad,Gujarat,Salaried,64485.18,826,Salary,57228.43,2022-07-06
C108660,Sahil Gupta,59,Female,Lucknow,Uttar Pradesh,Self-Employed,112542.18,708,Savings,32077.41,2024-06-10
C108661,Nisha Verma,22,Female,Mumbai,Maharashtra,Salaried,172435.44,792,Savings,284892.13,2025-10-09
C108662,Neha Sharma,44,Male,Bengaluru,Karnataka,Business,123927.35,797,Savings,76785.39,2021-09-30
C108663,Kavya Reddy,53,Male,Ahmedabad,Gujarat,Business,20816.42,619,Premium Savings,500.0,2021-05-04
C108664,Sahil Bose,33,Male,Kochi,Kerala,Self-Employed,42695.91,686,Salary,27309.74,2021-04-29
C108665,Kavya Jain,45,Female,Lucknow,Uttar Pradesh,Salaried,66157.13,797,Savings,46440.24,2019-01-01
C108666,Ananya Patel,26,Male,Kochi,Kerala,Business,44131.6,717,Savings,78759.88,2016-01-29
C108667,Kavya Mohanty,29,Female,Pune,Maharashtra,Salaried,53690.09,697,Current,61711.05,2019-04-06
C108668,Ananya Singh,40,Female,Lucknow,Uttar Pradesh,Salaried,16903.29,754,Savings,10955.26,2020-04-16
C108669,Ananya Mohanty,44,Male,Chandigarh,Chandigarh,Salaried,90935.49,774,Savings,86598.81,2022-01-02
C108670,Rahul Mishra,47,Male,Indore,Madhya Pradesh,Student,19605.94,703,Savings,54031.97,2017-03-14
C108671,Aditya Jain,52,Female,Delhi,Delhi,Salaried,23160.86,687,Salary,44883.39,2024-12-25
C108672,Karan Kumar,35,Male,Kochi,Kerala,Student,31477.22,551,Salary,36184.27,2017-09-30
C108673,Sneha Sharma,48,Female,Pune,Maharashtra,Salaried,52127.34,708,Savings,78799.76,2018-08-23
C108674,Karan Rao,33,Female,Kochi,Kerala,Salaried,22529.7,680,Savings,14527.45,2015-07-07
C108675,Isha Reddy,45,Female,Kolkata,West Bengal,Business,30695.54,640,Savings,69361.5,2024-08-14
C108676,Aditya Patel,38,Male,Chennai,Tamil Nadu,Salaried,103467.02,692,Savings,179780.09,2018-10-08
C108677,Priya Mohanty,40,Female,Delhi,Delhi,Salaried,51703.99,678,Savings,76649.28,2019-01-01
C108678,Aarav Roul,40,Female,Delhi,Delhi,Salaried,69810.47,716,Savings,80584.34,2020-04-14
C108679,Nisha Behera,20,Other,Hyderabad,Telangana,Salaried,27865.79,687,Savings,25425.65,2023-07-06
C108680,Sneha Roul,25,Female,Lucknow,Uttar Pradesh,Salaried,53395.33,734,Savings,106058.48,2017-09-14
C108681,Vivaan Sahu,37,Female,Chandigarh,Chandigarh,Business,51039.84,716,Savings,25605.34,2020-12-21
C108682,Sneha Mohanty,19,Male,Kochi,Kerala,Business,35514.26,788,Current,48467.05,2018-09-27
C108683,Aarav Sharma,44,Female,Kolkata,West Bengal,Retired,53476.42,670,Current,97060.87,2020-07-12
C108684,Ananya Behera,45,Female,Lucknow,Uttar Pradesh,Business,19427.01,821,Salary,29794.54,2017-07-21
C108685,Aditi Gupta,39,Male,Bhubaneswar,Odisha,Business,70005.09,774,Savings,28468.95,2019-10-31
C108686,Sneha Behera,25,Male,Chennai,Tamil Nadu,Business,44150.85,802,Savings,51883.07,2025-09-26
C108687,Sneha Jain,50,Male,Hyderabad,Telangana,Student,47744.44,721,Savings,81112.49,2021-04-22
C108688,Aditi Mishra,56,Female,Lucknow,Uttar Pradesh,Salaried,87865.25,687,Salary,173777.77,2015-03-09
C108689,Rahul Mishra,37,Male,Ahmedabad,Gujarat,Salaried,69752.38,670,Savings,92354.43,2022-09-26
C108690,Karan Mohanty,41,Male,Delhi,Delhi,Business,46166.14,819,Savings,86976.43,2015-11-09
C108691,Vivaan Sharma,38,Female,Bengaluru,Karnataka,Salaried,29761.36,776,Savings,93855.78,2016-02-27
C108692,Kavya Kumar,41,Female,Hyderabad,Telangana,Student,114216.64,639,Premium Savings,166549.16,2021-05-03
C108693,Priya Bose,35,Male,Bengaluru,Karnataka,Self-Employed,26318.34,769,Premium Savings,47495.66,2025-01-17
C108694,Aarav Sharma,36,Male,Delhi,Delhi,Salaried,77748.94,651,Current,82744.53,2016-07-15
C108695,Nisha Rao,45,Male,Chandigarh,Chandigarh,Business,22845.78,726,Savings,41424.83,2017-08-05
C108696,Aditya Gupta,59,Male,Chandigarh,Chandigarh,Salaried,91118.74,759,Salary,107546.14,2019-08-10
C108697,Vivaan Dasgupta,22,Male,Chennai,Tamil Nadu,Retired,95886.35,800,Current,107656.0,2024-09-19
C108698,Neha Roul,35,Female,Kochi,Kerala,Retired,19209.35,720,Salary,33177.6,2015-06-29
C108699,Amit Das,24,Female,Jaipur,Rajasthan,Business,70419.31,696,Salary,81542.08,2017-04-19
C108700,Karan Nayak,52,Female,Hyderabad,Telangana,Salaried,67283.17,708,Savings,85158.87,2020-03-28
C108701,Karan Sharma,30,Male,Guwahati,Assam,Salaried,80964.46,774,Salary,67087.9,2019-08-17
C108702,Sneha Mehta,22,Female,Ahmedabad,Gujarat,Self-Employed,67236.44,756,Salary,106999.48,2020-12-31
C108703,Riya Rao,42,Female,Bengaluru,Karnataka,Student,32396.8,704,Current,52221.55,2023-04-14
C108704,Ankit Nayak,53,Male,Pune,Maharashtra,Salaried,48806.09,584,Current,38905.37,2015-10-25
C108705,Riya Bose,43,Male,Jaipur,Rajasthan,Salaried,137398.96,547,Savings,237484.38,2016-02-25
C108706,Riya Roul,38,Female,Pune,Maharashtra,Salaried,29905.3,720,Current,45261.31,2022-08-21
C108707,Aditi Das,40,Female,Mumbai,Maharashtra,Self-Employed,65687.26,628,Current,74845.31,2025-12-11
C108708,Amit Mohanty,50,Male,Lucknow,Uttar Pradesh,Student,103598.5,671,Savings,149536.49,2021-02-24
C108709,Priya Behera,27,Female,Ahmedabad,Gujarat,Salaried,31894.04,690,Savings,44663.36,2019-12-13
C108710,Aarav Panda,35,Female,Lucknow,Uttar Pradesh,Salaried,25231.68,840,Current,11419.71,2023-01-21
C108711,Kavya Das,31,Female,Kolkata,West Bengal,Business,27411.89,713,Premium Savings,20627.05,2016-07-09
C108712,Rahul Bose,24,Male,Jaipur,Rajasthan,Business,68344.93,752,Savings,55378.61,2017-06-23
C108713,Priya Dasgupta,33,Female,Chennai,Tamil Nadu,Business,27284.02,738,Savings,30796.32,2023-04-11
C108714,Rahul Verma,47,Male,Bengaluru,Karnataka,Business,51054.06,548,Salary,19766.24,2017-05-28
C108715,Riya Mehta,42,Female,Guwahati,Assam,Salaried,116924.97,679,Savings,159954.68,2017-06-13
C108716,Sahil Verma,42,Female,Guwahati,Assam,Salaried,53469.62,626,Premium Savings,50407.26,2019-02-28
C108717,Priya Kumar,37,Male,Hyderabad,Telangana,Retired,35856.9,817,Current,76337.17,2016-02-01
C108718,Karan Behera,41,Female,Indore,Madhya Pradesh,Retired,58927.54,587,Salary,67843.55,2015-05-30
C108719,Arjun Panda,28,Male,Delhi,Delhi,Self-Employed,52961.39,678,Salary,53354.62,2017-11-16
C108720,Neha Sharma,33,Female,Indore,Madhya Pradesh,Business,70548.11,688,Salary,124695.12,2015-02-17
C108721,Karan Nayak,38,Male,Ahmedabad,Gujarat,Retired,134003.07,641,Savings,149117.04,2025-04-18
C108722,Isha Das,39,Female,Indore,Madhya Pradesh,Salaried,68412.53,712,Savings,93861.63,2021-08-03
C108723,Amit Sahu,39,Male,Kochi,Kerala,Salaried,168327.85,702,Savings,281952.55,2019-08-03
C108724,Kavya Dasgupta,35,Female,Kochi,Kerala,Business,70650.79,716,Salary,126320.5,2016-05-07
C108725,Riya Roul,32,Female,Mumbai,Maharashtra,Retired,36064.21,738,Current,31351.3,2018-02-22
C108726,Riya Rao,68,Female,Kochi,Kerala,Business,193620.46,720,Savings,325074.1,2022-03-18
C108727,Karan Jain,45,Male,Pune,Maharashtra,Business,51350.94,730,Savings,90709.98,2021-08-08
C108728,Nisha Roul,40,Female,Jaipur,Rajasthan,Salaried,30788.54,777,Savings,22959.3,2024-12-23
C108729,Rahul Mishra,34,Male,Chandigarh,Chandigarh,Salaried,197429.97,598,Salary,73282.19,2020-01-17
C108730,Riya Sharma,31,Female,Jaipur,Rajasthan,Salaried,36749.29,750,Savings,14816.51,2025-01-06
C108731,Vivaan Gupta,35,Female,Ahmedabad,Gujarat,Retired,35964.02,637,Savings,27878.2,2017-05-06
C108732,Amit Sahu,39,Female,Guwahati,Assam,Self-Employed,40610.41,663,Savings,7639.32,2016-01-18
C108733,Sahil Mohanty,18,Female,Hyderabad,Telangana,Salaried,60212.36,713,Savings,36595.79,2018-10-27
C108734,Ananya Bose,20,Male,Chennai,Tamil Nadu,Retired,91771.97,732,Savings,134111.72,2025-05-10
C108735,Ankit Sahu,30,Female,Ahmedabad,Gujarat,Self-Employed,12813.48,739,Savings,29758.67,2017-08-27
C108736,Neha Gupta,38,Male,Guwahati,Assam,Business,91552.12,644,Premium Savings,74431.58,2021-11-10
C108737,Isha Sahu,34,Female,Kochi,Kerala,Self-Employed,40542.03,811,Savings,80543.34,2016-05-01
C108738,Kavya Gupta,51,Female,Delhi,Delhi,Salaried,43826.61,678,Current,41543.98,2016-01-19
C108739,Arjun Jain,21,Female,Hyderabad,Telangana,Self-Employed,141272.22,658,Savings,173287.34,2024-01-12
C108740,Amit Rao,28,Female,Lucknow,Uttar Pradesh,Retired,61846.32,622,Current,35200.86,2017-10-22
C108741,Aditya Singh,51,Male,Pune,Maharashtra,Salaried,70356.06,616,Savings,129163.0,2023-11-15
C108742,Vivaan Jain,37,Female,Chandigarh,Chandigarh,Student,53550.5,614,Savings,95654.09,2021-09-16
C108743,Amit Kumar,45,Male,Mumbai,Maharashtra,Salaried,83708.17,725,Savings,115426.39,2021-01-08
C108744,Pooja Mehta,57,Female,Delhi,Delhi,Salaried,133919.52,744,Savings,171397.71,2023-05-16
C108745,Ananya Das,29,Female,Delhi,Delhi,Salaried,14098.2,649,Savings,23707.32,2022-01-20
C108746,Nisha Mohanty,35,Male,Guwahati,Assam,Student,99870.37,631,Savings,177903.23,2025-07-10
C108747,Kavya Jain,33,Male,Delhi,Delhi,Self-Employed,128792.34,691,Savings,126888.55,2023-07-14
C108748,Vivaan Kumar,18,Male,Bhubaneswar,Odisha,Salaried,72451.54,711,Savings,117570.73,2017-09-14
C108749,Sahil Verma,33,Other,Lucknow,Uttar Pradesh,Business,37893.66,722,Current,41626.39,2015-06-30
C108750,Isha Nayak,45,Male,Jaipur,Rajasthan,Salaried,29182.91,642,Salary,58573.73,2020-05-03
C108751,Aarav Bose,41,Female,Bengaluru,Karnataka,Salaried,201612.66,694,Savings,401706.73,2022-09-23
C108752,Arjun Kumar,42,Female,Delhi,Delhi,Salaried,33434.63,807,Savings,58420.44,2018-02-08
C108753,Sahil Gupta,32,Male,Delhi,Delhi,Business,126727.11,627,Savings,218206.17,2021-01-25
C108754,Aditya Verma,29,Male,Pune,Maharashtra,Self-Employed,68177.49,703,Savings,95131.64,2016-11-15
C108755,Pooja Das,49,Female,Jaipur,Rajasthan,Student,169446.99,737,Savings,176016.31,2022-05-16
C108756,Riya Kumar,31,Male,Mumbai,Maharashtra,Self-Employed,46168.15,642,Savings,99749.33,2023-06-30
C108757,Ankit Roul,39,Female,Mumbai,Maharashtra,Salaried,22718.14,745,Salary,31863.46,2022-10-21
C108758,Sneha Reddy,38,Male,Hyderabad,Telangana,Business,55065.71,618,Salary,105570.17,2023-03-04
C108759,Aditya Sahu,51,Male,Chandigarh,Chandigarh,Salaried,24283.25,746,Premium Savings,43544.82,2015-01-27
C108760,Riya Jain,46,Female,Indore,Madhya Pradesh,Student,239778.72,708,Savings,298907.96,2025-05-21
C108761,Arjun Kumar,23,Male,Mumbai,Maharashtra,Salaried,77754.56,613,Salary,116382.11,2024-06-11
C108762,Ankit Jain,24,Female,Bhubaneswar,Odisha,Salaried,84377.85,750,Salary,27889.94,2020-06-28
C108763,Aarav Roul,42,Female,Lucknow,Uttar Pradesh,Self-Employed,84407.55,647,Salary,28428.1,2024-02-29
C108764,Sneha Reddy,35,Male,Guwahati,Assam,Salaried,37556.97,695,Savings,72666.45,2017-06-05
C108765,Aditya Bose,31,Male,Jaipur,Rajasthan,Salaried,51147.64,746,Current,104073.3,2023-12-04
C108766,Aditi Das,46,Male,Pune,Maharashtra,Self-Employed,58441.94,642,Current,112769.9,2019-08-14
C108767,Sneha Sharma,38,Male,Bengaluru,Karnataka,Salaried,160207.82,671,Current,147424.5,2024-12-14
C108768,Priya Mehta,37,Female,Guwahati,Assam,Salaried,29105.66,778,Savings,64115.55,2018-09-16
C108769,Priya Gupta,44,Female,Kochi,Kerala,Salaried,36841.03,570,Salary,58574.76,2016-02-14
C108770,Sneha Verma,32,Male,Jaipur,Rajasthan,Salaried,45047.66,797,Premium Savings,56449.37,2015-12-30
C108771,Sahil Das,52,Male,Bengaluru,Karnataka,Salaried,37971.18,610,Salary,90252.87,2020-08-25
C108772,Sneha Bose,28,Male,Hyderabad,Telangana,Salaried,24653.62,660,Salary,1551.76,2021-07-15
C108773,Amit Jain,43,Male,Mumbai,Maharashtra,Self-Employed,12425.44,723,Savings,26138.59,2017-07-28
C108774,Isha Gupta,50,Female,Delhi,Delhi,Business,20137.2,744,Salary,14956.17,2025-05-16
C108775,Amit Rao,22,Female,Jaipur,Rajasthan,Business,100665.15,724,Savings,141210.19,2021-06-15
C108776,Pooja Reddy,33,Male,Bengaluru,Karnataka,Salaried,54751.94,708,Savings,67113.51,2018-02-11
C108777,Sahil Sharma,47,Male,Indore,Madhya Pradesh,Salaried,87084.56,677,Salary,89730.66,2015-01-01
C108778,Karan Nayak,48,Female,Indore,Madhya Pradesh,Self-Employed,39922.92,806,Salary,37889.66,2019-10-16
C108779,Sahil Mehta,34,Male,Mumbai,Maharashtra,Student,52104.36,755,Current,80113.9,2022-10-23
C108780,Sahil Mehta,29,Female,Kochi,Kerala,Salaried,133562.54,781,Salary,146325.72,2018-11-30
C108781,Nisha Verma,46,Male,Pune,Maharashtra,Salaried,129196.0,678,Savings,95974.07,2025-06-25
C108782,Neha Sahu,48,Female,Lucknow,Uttar Pradesh,Salaried,92334.5,554,Savings,162132.17,2019-01-01
C108783,Aarav Sharma,24,Female,Hyderabad,Telangana,Retired,61476.99,771,Salary,26492.36,2023-06-13
C108784,Amit Sharma,24,Male,Bhubaneswar,Odisha,Business,73128.37,728,Savings,95787.75,2020-01-27
C108785,Aditya Reddy,38,Female,Ahmedabad,Gujarat,Salaried,67436.35,717,Savings,78626.32,2021-03-28
C108786,Aditi Sahu,42,Female,Kolkata,West Bengal,Salaried,50175.33,668,Savings,19268.83,2022-10-21
C108787,Rahul Singh,33,Male,Delhi,Delhi,Student,44032.58,682,Savings,52039.51,2016-11-03
C108788,Kavya Singh,43,Male,Chennai,Tamil Nadu,Salaried,101965.61,666,Savings,167129.68,2015-04-21
C108789,Amit Bose,29,Female,Delhi,Delhi,Self-Employed,26970.35,708,Savings,47892.3,2023-04-15
C108790,Sneha Panda,18,Female,Bengaluru,Karnataka,Business,124633.85,631,Premium Savings,52574.12,2016-02-04
C108791,Kavya Gupta,32,Female,Lucknow,Uttar Pradesh,Salaried,47268.29,755,Salary,55524.5,2025-12-30
C108792,Rahul Kumar,37,Female,Jaipur,Rajasthan,Salaried,26698.4,837,Savings,57650.85,2022-01-13
C108793,Pooja Roul,33,Female,Mumbai,Maharashtra,Salaried,40743.87,666,Salary,38463.19,2021-05-30
C108794,Sneha Bose,24,Female,Guwahati,Assam,Student,34001.64,601,Savings,66428.49,2015-03-29
C108795,Amit Dasgupta,18,Female,Mumbai,Maharashtra,Self-Employed,40073.38,698,Salary,51214.93,2022-06-26
C108796,Ananya Patel,31,Male,Chennai,Tamil Nadu,Business,39672.52,725,Savings,83277.3,2018-02-01
C108797,Nisha Mehta,45,Female,Bhubaneswar,Odisha,Self-Employed,38814.78,734,Salary,30076.59,2017-02-27
C108798,Pooja Sharma,49,Male,Guwahati,Assam,Retired,46430.51,809,Current,18497.38,2016-12-05
C108799,Nisha Roul,48,Male,Delhi,Delhi,Student,53075.1,758,Savings,111608.79,2024-03-22
C108800,Sahil Sharma,28,Female,Chandigarh,Chandigarh,Self-Employed,83718.17,587,Salary,104667.87,2016-10-04
C108801,Aditi Panda,24,Male,Bengaluru,Karnataka,Salaried,48067.64,625,Current,50314.72,2017-08-17
C108802,Aditya Sahu,41,Male,Kolkata,West Bengal,Self-Employed,65801.63,731,Salary,87834.32,2023-04-09
C108803,Ananya Patel,42,Male,Delhi,Delhi,Business,55228.29,675,Savings,49157.38,2015-07-05
C108804,Riya Kumar,40,Female,Jaipur,Rajasthan,Self-Employed,74043.49,803,Current,134979.03,2023-03-20
C108805,Aditya Roul,18,Female,Hyderabad,Telangana,Business,56430.21,644,Savings,90109.05,2017-01-04
C108806,Neha Gupta,27,Female,Chandigarh,Chandigarh,Salaried,38535.55,767,Salary,40628.14,2017-03-13
C108807,Aarav Mishra,36,Male,Pune,Maharashtra,Salaried,33192.48,663,Premium Savings,22912.12,2024-04-11
C108808,Sahil Bose,41,Male,Chandigarh,Chandigarh,Business,61741.69,722,Savings,40224.01,2017-05-06
C108809,Sahil Dasgupta,44,Male,Guwahati,Assam,Salaried,110796.08,651,Salary,83240.11,2017-03-20
C108810,Sahil Roul,37,Male,Mumbai,Maharashtra,Salaried,48487.92,741,Savings,15761.68,2016-06-27
C108811,Kavya Mohanty,39,Male,Delhi,Delhi,Retired,37407.01,775,Salary,31056.02,2018-04-23
C108812,Vivaan Sharma,37,Male,Mumbai,Maharashtra,Self-Employed,47771.98,721,Savings,32264.38,2020-03-02
C108813,Neha Das,43,Male,Mumbai,Maharashtra,Retired,40389.35,829,Savings,49126.42,2015-09-08
C108814,Kavya Panda,39,Male,Indore,Madhya Pradesh,Business,38110.65,658,Savings,54880.58,2022-06-03
C108815,Priya Panda,37,Female,Pune,Maharashtra,Business,24862.39,711,Salary,47735.9,2020-01-16
C108816,Priya Kumar,33,Female,Jaipur,Rajasthan,Self-Employed,48082.04,760,Savings,31055.57,2017-07-13
C108817,Ankit Das,37,Female,Mumbai,Maharashtra,Salaried,62615.36,643,Current,79449.98,2021-12-08
C108818,Aditi Verma,41,Female,Chandigarh,Chandigarh,Self-Employed,30334.51,709,Current,33366.51,2016-07-04
C108819,Sahil Nayak,39,Male,Chandigarh,Chandigarh,Salaried,33928.19,748,Savings,46691.11,2015-05-09
C108820,Aditi Jain,40,Female,Chandigarh,Chandigarh,Retired,32651.77,765,Current,46122.06,2016-04-27
C108821,Neha Panda,49,Male,Jaipur,Rajasthan,Salaried,25652.99,779,Savings,39075.29,2023-02-20
C108822,Priya Nayak,39,Female,Delhi,Delhi,Salaried,32516.82,649,Salary,31849.31,2025-03-25
C108823,Rahul Reddy,30,Female,Bhubaneswar,Odisha,Self-Employed,49329.0,724,Savings,44616.27,2023-02-13
C108824,Kavya Verma,45,Female,Ahmedabad,Gujarat,Self-Employed,26290.34,620,Salary,28977.93,2017-04-16
C108825,Neha Singh,22,Female,Lucknow,Uttar Pradesh,Salaried,50992.82,658,Savings,54488.96,2019-02-10
C108826,Kavya Mehta,25,Female,Delhi,Delhi,Salaried,37353.49,694,Current,15277.46,2022-01-12
C108827,Rohan Bose,39,Female,Lucknow,Uttar Pradesh,Business,32996.22,779,Savings,29451.08,2023-06-26
C108828,Aarav Sharma,41,Male,Chennai,Tamil Nadu,Self-Employed,67680.5,739,Savings,8155.45,2024-11-14
C108829,Arjun Sahu,24,Female,Guwahati,Assam,Salaried,38677.73,708,Savings,500.0,2023-07-15
C108830,Aditya Mohanty,32,Male,Pune,Maharashtra,Salaried,42471.17,734,Savings,30196.62,2018-05-12
C108831,Karan Gupta,30,Female,Mumbai,Maharashtra,Salaried,112307.08,739,Savings,127672.31,2024-05-12
C108832,Ankit Mohanty,31,Male,Chandigarh,Chandigarh,Salaried,33158.62,729,Savings,35847.63,2022-09-13
C108833,Nisha Nayak,45,Male,Jaipur,Rajasthan,Retired,130133.93,668,Savings,261819.0,2019-11-04
C108834,Priya Panda,43,Female,Chandigarh,Chandigarh,Salaried,45424.34,643,Savings,45544.25,2016-09-22
C108835,Rohan Mishra,36,Male,Guwahati,Assam,Salaried,29443.09,690,Premium Savings,500.0,2022-09-18
C108836,Priya Kumar,31,Female,Lucknow,Uttar Pradesh,Retired,40555.1,653,Current,754.47,2015-09-17
C108837,Neha Roul,23,Male,Mumbai,Maharashtra,Business,57120.29,745,Salary,88548.15,2024-05-07
C108838,Riya Mishra,50,Female,Bengaluru,Karnataka,Salaried,109651.85,804,Savings,148689.09,2025-02-08
C108839,Rohan Sahu,42,Female,Chandigarh,Chandigarh,Salaried,85343.72,742,Savings,122899.2,2016-10-13
C108840,Sahil Bose,29,Female,Delhi,Delhi,Student,56967.56,587,Savings,19403.27,2020-04-24
C108841,Aditi Rao,43,Male,Jaipur,Rajasthan,Salaried,109981.15,664,Salary,85533.05,2019-03-29
C108842,Aditya Patel,35,Male,Chennai,Tamil Nadu,Self-Employed,19545.85,706,Current,63683.25,2015-02-01
C108843,Vivaan Reddy,33,Female,Pune,Maharashtra,Self-Employed,63087.71,612,Current,114352.72,2016-12-02
C108844,Pooja Sharma,40,Male,Lucknow,Uttar Pradesh,Salaried,65222.21,707,Savings,45593.7,2019-03-15
C108845,Pooja Dasgupta,29,Male,Kochi,Kerala,Self-Employed,65661.42,736,Premium Savings,120423.08,2015-05-24
C108846,Arjun Singh,33,Female,Bhubaneswar,Odisha,Salaried,22686.05,797,Current,41798.23,2020-12-23
C108847,Aditi Nayak,37,Male,Mumbai,Maharashtra,Salaried,31438.44,823,Savings,31927.42,2016-12-18
C108848,Priya Mohanty,31,Male,Ahmedabad,Gujarat,Business,50187.81,628,Savings,53433.51,2022-09-04
C108849,Sneha Reddy,43,Male,Indore,Madhya Pradesh,Salaried,101541.59,697,Savings,134809.42,2024-06-14
C108850,Amit Patel,55,Male,Chennai,Tamil Nadu,Salaried,157705.39,698,Savings,246606.95,2025-01-05
C108851,Sahil Panda,28,Female,Mumbai,Maharashtra,Self-Employed,38164.04,659,Salary,40394.28,2019-09-18
C108852,Ankit Dasgupta,19,Male,Indore,Madhya Pradesh,Business,26760.25,711,Savings,18621.77,2016-03-20
C108853,Ankit Reddy,18,Female,Delhi,Delhi,Salaried,86142.42,700,Savings,22977.26,2015-12-14
C108854,Ankit Das,34,Male,Pune,Maharashtra,Business,231652.1,745,Savings,355321.41,2023-07-29
C108855,Amit Mehta,29,Male,Chennai,Tamil Nadu,Salaried,101104.09,793,Savings,59064.58,2016-10-07
C108856,Ananya Singh,38,Female,Kolkata,West Bengal,Self-Employed,36437.02,714,Savings,34412.85,2017-05-17
C108857,Riya Roul,37,Male,Lucknow,Uttar Pradesh,Business,265326.14,673,Savings,387526.97,2015-10-27
C108858,Karan Rao,20,Female,Kolkata,West Bengal,Student,80244.08,638,Savings,106358.06,2016-09-21
C108859,Rohan Dasgupta,18,Female,Kochi,Kerala,Self-Employed,35597.52,838,Savings,53508.1,2019-08-28
C108860,Kavya Verma,39,Male,Pune,Maharashtra,Salaried,159365.35,764,Premium Savings,195172.01,2016-03-20
C108861,Sneha Rao,37,Female,Guwahati,Assam,Salaried,34084.33,731,Salary,53527.53,2019-11-16
C108862,Nisha Dasgupta,32,Male,Jaipur,Rajasthan,Salaried,39084.83,694,Savings,41356.8,2017-07-28
C108863,Arjun Roul,19,Male,Hyderabad,Telangana,Self-Employed,82020.94,810,Current,35833.08,2022-11-05
C108864,Vivaan Singh,41,Male,Kolkata,West Bengal,Salaried,54251.75,695,Savings,54235.99,2024-02-11
C108865,Neha Mehta,49,Female,Bhubaneswar,Odisha,Retired,56130.94,594,Savings,32219.57,2016-11-11
C108866,Sneha Gupta,39,Male,Ahmedabad,Gujarat,Student,56182.96,722,Salary,65578.71,2017-12-26
C108867,Pooja Rao,28,Female,Bhubaneswar,Odisha,Salaried,101524.2,625,Savings,142113.67,2023-01-02
C108868,Arjun Reddy,36,Female,Guwahati,Assam,Self-Employed,15316.31,722,Salary,19570.24,2020-10-31
C108869,Priya Bose,22,Male,Pune,Maharashtra,Business,64316.48,792,Savings,69357.45,2023-01-02
C108870,Riya Singh,47,Male,Ahmedabad,Gujarat,Salaried,46886.1,596,Salary,50244.19,2021-03-23
C108871,Aditya Bose,37,Female,Kolkata,West Bengal,Self-Employed,36359.68,647,Savings,54945.26,2024-11-29
C108872,Pooja Patel,18,Female,Ahmedabad,Gujarat,Salaried,36306.91,761,Current,2920.19,2022-08-05
C108873,Isha Behera,33,Male,Lucknow,Uttar Pradesh,Salaried,12896.07,673,Savings,10765.79,2020-12-14
C108874,Sahil Reddy,41,Female,Kochi,Kerala,Self-Employed,35452.84,732,Savings,43710.08,2025-08-27
C108875,Aarav Rao,33,Male,Lucknow,Uttar Pradesh,Retired,111842.06,732,Salary,70222.0,2025-02-07
C108876,Nisha Kumar,33,Female,Hyderabad,Telangana,Salaried,86917.85,763,Salary,141945.92,2025-06-14
C108877,Arjun Sahu,24,Female,Bengaluru,Karnataka,Self-Employed,49504.98,663,Salary,40074.41,2021-08-20
C108878,Arjun Reddy,42,Female,Indore,Madhya Pradesh,Salaried,25308.56,539,Savings,40259.42,2025-01-30
C108879,Ankit Jain,30,Female,Bengaluru,Karnataka,Student,86432.31,731,Salary,112615.45,2025-10-14
C108880,Sahil Gupta,18,Female,Ahmedabad,Gujarat,Student,113040.91,603,Salary,55970.03,2025-04-14
C108881,Sneha Reddy,32,Female,Indore,Madhya Pradesh,Salaried,97138.74,766,Savings,102749.85,2021-07-26
C108882,Arjun Panda,46,Female,Chandigarh,Chandigarh,Student,32282.79,702,Savings,41174.91,2018-09-13
C108883,Isha Mishra,32,Male,Bengaluru,Karnataka,Salaried,34180.32,686,Savings,47313.45,2024-12-09
C108884,Vivaan Panda,53,Female,Pune,Maharashtra,Salaried,136740.42,750,Savings,189553.72,2020-01-30
C108885,Pooja Verma,40,Male,Guwahati,Assam,Self-Employed,28282.24,592,Salary,45458.31,2016-10-06
C108886,Ankit Das,39,Male,Chandigarh,Chandigarh,Salaried,71546.71,692,Savings,81175.19,2024-04-17
C108887,Ankit Rao,35,Male,Guwahati,Assam,Self-Employed,20688.51,734,Savings,50124.82,2021-08-31
C108888,Karan Bose,35,Male,Chennai,Tamil Nadu,Self-Employed,46626.07,721,Savings,57242.66,2020-12-22
C108889,Riya Mehta,33,Male,Delhi,Delhi,Salaried,75880.97,673,Current,48993.97,2022-05-29
C108890,Rohan Mishra,33,Female,Guwahati,Assam,Salaried,54100.96,674,Savings,107438.95,2021-05-12
C108891,Kavya Rao,41,Male,Indore,Madhya Pradesh,Salaried,73367.83,805,Savings,52734.65,2017-06-02
C108892,Ankit Dasgupta,27,Female,Chandigarh,Chandigarh,Salaried,28020.05,764,Current,68686.46,2025-09-11
C108893,Kavya Mohanty,25,Male,Hyderabad,Telangana,Salaried,35034.46,662,Salary,77212.28,2020-01-14
C108894,Aarav Patel,25,Male,Guwahati,Assam,Salaried,71688.71,793,Savings,84825.66,2019-10-07
C108895,Kavya Dasgupta,56,Male,Bengaluru,Karnataka,Business,80690.57,754,Premium Savings,69804.1,2016-12-06
C108896,Riya Kumar,41,Male,Delhi,Delhi,Student,62067.98,737,Salary,89937.12,2021-11-07
C108897,Rahul Mehta,39,Female,Indore,Madhya Pradesh,Salaried,92593.13,739,Current,59335.63,2024-05-20
C108898,Amit Das,25,Female,Lucknow,Uttar Pradesh,Salaried,22106.44,631,Salary,25929.08,2023-11-30
C108899,Priya Kumar,42,Male,Pune,Maharashtra,Self-Employed,42560.4,803,Savings,34939.77,2019-12-29
C108900,Rohan Reddy,35,Male,Bengaluru,Karnataka,Retired,149876.15,767,Savings,183355.56,2018-02-17
C108901,Riya Sharma,38,Female,Indore,Madhya Pradesh,Salaried,111412.67,721,Salary,53310.01,2018-07-17
C108902,Riya Das,26,Male,Pune,Maharashtra,Student,77931.81,721,Savings,70352.53,2017-12-01
C108903,Rohan Jain,38,Male,Lucknow,Uttar Pradesh,Self-Employed,50495.35,699,Salary,32120.83,2021-10-19
C108904,Kavya Panda,32,Female,Jaipur,Rajasthan,Retired,97171.92,668,Savings,97287.33,2017-05-27
C108905,Nisha Patel,28,Male,Mumbai,Maharashtra,Salaried,69641.53,740,Savings,73620.66,2025-05-21
C108906,Aditi Sahu,43,Female,Guwahati,Assam,Retired,23872.83,653,Savings,24949.81,2023-03-24
C108907,Sneha Sahu,21,Female,Chandigarh,Chandigarh,Salaried,95107.0,715,Current,113335.63,2023-12-14
C108908,Aarav Singh,42,Male,Bengaluru,Karnataka,Retired,34158.43,711,Current,61191.91,2023-08-28
C108909,Riya Sahu,43,Male,Pune,Maharashtra,Salaried,83526.31,730,Savings,163156.61,2024-05-15
C108910,Ananya Roul,27,Female,Mumbai,Maharashtra,Self-Employed,22613.52,766,Current,15412.71,2015-03-24
C108911,Riya Roul,28,Male,Mumbai,Maharashtra,Business,132527.98,731,Savings,103235.16,2017-03-14
C108912,Nisha Verma,34,Female,Ahmedabad,Gujarat,Business,47282.5,750,Salary,47383.1,2019-07-21
C108913,Pooja Reddy,39,Female,Guwahati,Assam,Self-Employed,29880.26,579,Current,72102.62,2018-04-25
C108914,Neha Nayak,34,Male,Delhi,Delhi,Salaried,37662.14,735,Savings,68378.26,2019-03-19
C108915,Sneha Bose,40,Female,Delhi,Delhi,Business,45698.53,710,Current,98487.0,2023-08-31
C108916,Rahul Kumar,54,Male,Kochi,Kerala,Retired,54825.74,729,Savings,89447.52,2021-01-02
C108917,Aarav Sharma,31,Male,Kochi,Kerala,Salaried,113557.95,671,Premium Savings,47315.87,2020-03-19
C108918,Karan Rao,19,Female,Lucknow,Uttar Pradesh,Self-Employed,57163.27,780,Savings,63178.41,2025-05-26
C108919,Aarav Panda,44,Female,Chennai,Tamil Nadu,Student,16665.3,721,Savings,6207.69,2016-01-08
C108920,Aarav Mohanty,53,Female,Kolkata,West Bengal,Self-Employed,27965.65,657,Current,24921.72,2024-10-22
C108921,Vivaan Mishra,40,Male,Pune,Maharashtra,Business,250629.89,668,Current,214142.71,2021-07-09
C108922,Kavya Bose,25,Female,Kochi,Kerala,Student,59251.85,764,Salary,100842.65,2016-04-17
C108923,Vivaan Bose,35,Male,Lucknow,Uttar Pradesh,Business,92783.4,699,Savings,148344.25,2023-12-07
C108924,Isha Sahu,25,Female,Chennai,Tamil Nadu,Business,46420.58,705,Current,49812.04,2022-10-15
C108925,Neha Panda,42,Female,Delhi,Delhi,Retired,31651.86,692,Savings,9941.95,2016-06-03
C108926,Amit Das,22,Female,Chandigarh,Chandigarh,Student,42208.77,771,Savings,76395.24,2025-02-06
C108927,Vivaan Rao,33,Female,Bengaluru,Karnataka,Business,59022.13,736,Salary,45821.56,2015-08-09
C108928,Vivaan Panda,26,Female,Kochi,Kerala,Salaried,42700.18,628,Salary,25017.52,2017-07-30
C108929,Isha Mishra,37,Other,Bhubaneswar,Odisha,Salaried,157983.48,642,Salary,117807.21,2023-04-07
C108930,Sahil Bose,32,Female,Bengaluru,Karnataka,Self-Employed,39188.92,705,Current,17156.33,2022-11-08
C108931,Sahil Behera,38,Female,Guwahati,Assam,Business,30789.5,663,Current,56516.82,2020-12-25
C108932,Rahul Sahu,36,Female,Lucknow,Uttar Pradesh,Salaried,85813.36,565,Current,136799.72,2025-08-25
C108933,Kavya Nayak,26,Female,Chandigarh,Chandigarh,Salaried,91829.59,657,Current,71438.39,2024-08-11
C108934,Riya Mohanty,42,Female,Ahmedabad,Gujarat,Salaried,55914.32,687,Salary,32298.54,2016-04-08
C108935,Neha Das,36,Male,Guwahati,Assam,Business,39494.21,679,Savings,33282.23,2021-04-13
C108936,Aditi Sahu,26,Male,Chandigarh,Chandigarh,Student,19336.04,752,Savings,29211.05,2020-05-17
C108937,Ananya Patel,58,Female,Bhubaneswar,Odisha,Student,107633.29,560,Current,131536.23,2019-06-05
C108938,Kavya Nayak,41,Male,Lucknow,Uttar Pradesh,Salaried,88680.65,655,Salary,89880.18,2025-03-13
C108939,Sahil Mehta,34,Female,Kolkata,West Bengal,Salaried,43180.74,757,Salary,42655.3,2022-04-14
C108940,Sneha Mehta,50,Male,Delhi,Delhi,Salaried,56831.91,662,Savings,3985.14,2021-07-06
C108941,Pooja Singh,54,Male,Indore,Madhya Pradesh,Salaried,48553.23,626,Savings,92070.75,2022-12-28
C108942,Neha Rao,35,Female,Bhubaneswar,Odisha,Business,134711.41,661,Salary,91964.85,2023-04-10
C108943,Sneha Verma,39,Female,Indore,Madhya Pradesh,Salaried,31077.31,734,Savings,50610.83,2024-02-28
C108944,Sahil Reddy,26,Male,Mumbai,Maharashtra,Salaried,39106.92,689,Savings,21039.76,2016-07-07
C108945,Aditi Bose,35,Female,Hyderabad,Telangana,Salaried,37082.08,658,Savings,51738.97,2015-08-05
C108946,Rohan Bose,34,Female,Jaipur,Rajasthan,Salaried,65230.16,736,Premium Savings,134529.03,2020-10-22
C108947,Arjun Mohanty,38,Male,Hyderabad,Telangana,Salaried,56724.4,729,Savings,81596.65,2017-01-06
C108948,Nisha Gupta,39,Male,Delhi,Delhi,Salaried,61397.6,623,Current,28447.35,2021-01-16
C108949,Kavya Rao,42,Male,Kochi,Kerala,Salaried,33885.91,711,Salary,90967.66,2024-10-27
C108950,Nisha Verma,38,Male,Ahmedabad,Gujarat,Salaried,124465.24,621,Current,100291.81,2017-08-07
C108951,Aarav Patel,24,Male,Guwahati,Assam,Salaried,42845.83,781,Savings,59863.83,2023-12-17
C108952,Karan Nayak,27,Male,Guwahati,Assam,Self-Employed,105689.72,785,Savings,64535.99,2016-06-01
C108953,Priya Singh,31,Male,Bhubaneswar,Odisha,Retired,309155.96,686,Salary,525315.55,2017-09-12
C108954,Rahul Patel,33,Female,Chennai,Tamil Nadu,Self-Employed,34021.69,774,Current,75080.34,2025-03-08
C108955,Rohan Sahu,47,Female,Jaipur,Rajasthan,Self-Employed,66396.54,656,Savings,89472.76,2015-07-27
C108956,Rohan Jain,24,Female,Guwahati,Assam,Student,51159.65,696,Savings,75956.02,2020-09-13
C108957,Aditi Mishra,32,Male,Delhi,Delhi,Salaried,168059.49,667,Savings,121439.95,2024-08-16
C108958,Vivaan Roul,46,Female,Guwahati,Assam,Salaried,47133.01,703,Savings,93401.52,2021-10-21
C108959,Rahul Jain,33,Female,Jaipur,Rajasthan,Salaried,63061.69,709,Current,44066.21,2021-02-04
C108960,Sahil Verma,41,Female,Delhi,Delhi,Salaried,62309.3,705,Savings,30143.65,2024-12-01
C108961,Rohan Verma,35,Female,Mumbai,Maharashtra,Self-Employed,52045.27,699,Salary,47972.21,2015-10-31
C108962,Pooja Mishra,39,Female,Mumbai,Maharashtra,Salaried,83332.93,713,Savings,138582.24,2017-09-16
C108963,Amit Sharma,34,Female,Jaipur,Rajasthan,Student,57899.06,787,Savings,67176.83,2021-01-16
C108964,Aditi Patel,43,Female,Guwahati,Assam,Salaried,71690.03,574,Savings,146876.22,2021-03-12
C108965,Pooja Gupta,21,Male,Bengaluru,Karnataka,Student,61856.34,830,Savings,74995.55,2015-12-09
C108966,Vivaan Jain,32,Male,Chennai,Tamil Nadu,Retired,39442.24,682,Salary,54313.49,2018-10-21
C108967,Amit Mehta,39,Male,Ahmedabad,Gujarat,Retired,47437.07,700,Savings,56461.73,2020-11-20
C108968,Aditya Sahu,41,Male,Bengaluru,Karnataka,Business,74650.39,791,Current,57304.91,2021-01-10
C108969,Isha Mehta,51,Male,Ahmedabad,Gujarat,Salaried,74483.78,744,Current,149126.41,2016-01-19
C108970,Rahul Singh,32,Female,Kochi,Kerala,Business,109080.72,740,Savings,54853.11,2017-11-29
C108971,Sahil Mohanty,51,Male,Chennai,Tamil Nadu,Salaried,152920.39,786,Savings,212039.72,2017-12-05
C108972,Sneha Rao,29,Female,Ahmedabad,Gujarat,Student,41295.16,694,Savings,59574.4,2018-09-22
C108973,Ananya Kumar,49,Female,Jaipur,Rajasthan,Salaried,59235.08,765,Salary,114725.82,2021-02-26
C108974,Rahul Mehta,44,Male,Bengaluru,Karnataka,Salaried,49449.9,623,Savings,68414.4,2016-07-11
C108975,Riya Roul,27,Male,Chennai,Tamil Nadu,Student,29913.62,732,Salary,7970.02,2024-04-14
C108976,Kavya Panda,39,Male,Indore,Madhya Pradesh,Salaried,75026.28,742,Savings,77316.28,2016-12-31
C108977,Nisha Sharma,35,Other,Ahmedabad,Gujarat,Salaried,84364.24,779,Savings,123665.29,2015-06-30
C108978,Vivaan Verma,42,Female,Ahmedabad,Gujarat,Salaried,30416.58,751,Salary,70290.19,2019-10-18
C108979,Karan Jain,34,Male,Kochi,Kerala,Business,44761.95,718,Premium Savings,500.0,2020-07-02
C108980,Neha Behera,33,Female,Bengaluru,Karnataka,Self-Employed,42422.71,684,Savings,49803.51,2024-07-14
C108981,Karan Roul,50,Female,Chennai,Tamil Nadu,Business,23991.5,684,Savings,8997.59,2024-05-25
C108982,Rahul Rao,35,Male,Indore,Madhya Pradesh,Student,53910.52,684,Salary,65154.46,2017-04-20
C108983,Neha Mishra,44,Female,Bengaluru,Karnataka,Salaried,29295.98,621,Premium Savings,34463.24,2016-07-26
C108984,Karan Gupta,34,Female,Pune,Maharashtra,Self-Employed,60026.11,818,Salary,29126.43,2024-01-02
C108985,Rahul Singh,53,Male,Chennai,Tamil Nadu,Business,63774.28,770,Savings,102191.46,2023-11-10
C108986,Riya Verma,29,Female,Pune,Maharashtra,Self-Employed,68271.73,722,Current,90231.75,2017-06-22
C108987,Sneha Das,30,Male,Delhi,Delhi,Salaried,70109.65,758,Current,98754.48,2022-11-02
C108988,Isha Mishra,51,Male,Kochi,Kerala,Salaried,127657.46,754,Current,206817.08,2022-02-19
C108989,Pooja Singh,32,Male,Lucknow,Uttar Pradesh,Salaried,35253.96,640,Current,48111.35,2016-01-02
C108990,Amit Rao,52,Female,Indore,Madhya Pradesh,Salaried,36240.17,746,Savings,41424.82,2020-10-22
C108991,Rohan Das,45,Female,Lucknow,Uttar Pradesh,Salaried,78859.94,788,Current,60035.92,2016-08-28
C108992,Priya Panda,34,Male,Mumbai,Maharashtra,Salaried,51149.02,661,Salary,73693.96,2022-01-03
C108993,Karan Kumar,18,Male,Kolkata,West Bengal,Salaried,102131.67,605,Current,136574.4,2019-12-17
C108994,Vivaan Mishra,36,Male,Kochi,Kerala,Salaried,74908.1,629,Savings,95223.37,2015-10-20
C108995,Amit Rao,37,Female,Mumbai,Maharashtra,Business,157952.51,699,Savings,226641.3,2019-09-26
C108996,Vivaan Sharma,48,Male,Guwahati,Assam,Student,52305.55,626,Current,52221.58,2023-01-31
C108997,Riya Panda,52,Female,Delhi,Delhi,Salaried,24342.2,694,Savings,50235.39,2022-02-09
C108998,Ankit Singh,29,Female,Ahmedabad,Gujarat,Self-Employed,66333.63,662,Savings,65166.03,2021-02-17
C108999,Karan Gupta,44,Female,Pune,Maharashtra,Retired,52874.04,705,Salary,99388.4,2015-11-25
C109000,Vivaan Roul,44,Male,Ahmedabad,Gujarat,Self-Employed,73795.76,672,Current,34528.12,2023-04-10
C109001,Pooja Sharma,47,Male,Guwahati,Assam,Retired,79183.44,703,Current,65137.68,2023-07-11
C109002,Sahil Roul,41,Male,Chennai,Tamil Nadu,Salaried,40990.14,744,Premium Savings,61635.89,2018-08-11
C109003,Karan Mishra,18,Female,Delhi,Delhi,Student,31575.45,643,Savings,34881.33,2020-03-02
C109004,Karan Kumar,34,Female,Kolkata,West Bengal,Self-Employed,50757.75,723,Savings,65205.54,2016-11-05
C109005,Riya Bose,24,Female,Chandigarh,Chandigarh,Salaried,14845.22,650,Savings,46362.18,2022-08-22
C109006,Karan Dasgupta,34,Male,Mumbai,Maharashtra,Retired,57495.13,705,Savings,44170.66,2018-02-05
C109007,Sahil Verma,46,Female,Lucknow,Uttar Pradesh,Retired,43958.33,700,Savings,19297.91,2024-07-02
C109008,Sneha Reddy,39,Male,Chandigarh,Chandigarh,Salaried,88345.43,728,Salary,105538.35,2018-10-15
C109009,Rahul Verma,47,Male,Guwahati,Assam,Retired,18450.96,717,Savings,66324.92,2015-05-03
C109010,Kavya Dasgupta,39,Female,Jaipur,Rajasthan,Salaried,55192.28,786,Savings,83670.23,2015-05-16
C109011,Aarav Gupta,23,Male,Kochi,Kerala,Business,130876.82,703,Savings,143987.48,2023-08-02
C109012,Pooja Mishra,18,Female,Delhi,Delhi,Salaried,79742.6,664,Savings,67283.77,2015-02-17
C109013,Pooja Kumar,37,Female,Indore,Madhya Pradesh,Salaried,94320.9,765,Salary,100375.01,2023-10-01
C109014,Nisha Bose,34,Female,Bhubaneswar,Odisha,Business,66299.78,727,Savings,95075.59,2015-04-22
C109015,Ananya Kumar,26,Male,Lucknow,Uttar Pradesh,Salaried,22053.9,762,Current,51051.93,2023-09-11
C109016,Kavya Sahu,19,Male,Jaipur,Rajasthan,Salaried,60275.41,697,Savings,4769.21,2022-06-16
C109017,Nisha Jain,29,Male,Chandigarh,Chandigarh,Salaried,68854.96,620,Savings,64798.1,2022-09-30
C109018,Riya Sharma,34,Male,Pune,Maharashtra,Salaried,30395.96,850,Savings,12581.41,2015-04-10
C109019,Sneha Nayak,43,Female,Kochi,Kerala,Business,51301.94,666,Savings,25399.44,2024-09-04
C109020,Ananya Verma,38,Female,Pune,Maharashtra,Salaried,12000.0,630,Salary,12757.22,2024-01-30
C109021,Ankit Nayak,52,Male,Pune,Maharashtra,Student,45767.73,752,Savings,60788.29,2023-02-09
C109022,Rahul Kumar,26,Female,Guwahati,Assam,Salaried,43264.24,644,Salary,37449.45,2015-05-05
C109023,Ananya Rao,45,Female,Kolkata,West Bengal,Salaried,118933.54,679,Salary,136077.82,2015-12-09
C109024,Riya Mishra,36,Male,Chandigarh,Chandigarh,Salaried,39470.77,713,Savings,40278.77,2018-08-13
C109025,Pooja Behera,43,Male,Kochi,Kerala,Self-Employed,47505.09,696,Savings,85585.59,2016-11-06
C109026,Rohan Sahu,32,Male,Pune,Maharashtra,Salaried,52654.8,681,Savings,92400.67,2023-06-30
C109027,Ankit Sharma,47,Female,Hyderabad,Telangana,Salaried,39751.88,808,Savings,19214.07,2023-04-29
C109028,Priya Roul,39,Female,Jaipur,Rajasthan,Salaried,81713.44,698,Current,26433.99,2024-01-23
C109029,Rahul Mohanty,29,Female,Mumbai,Maharashtra,Student,18384.68,647,Savings,24337.5,2022-02-22
C109030,Karan Behera,36,Male,Delhi,Delhi,Salaried,102765.57,769,Current,158437.81,2021-07-27
C109031,Neha Bose,34,Female,Jaipur,Rajasthan,Business,54641.86,658,Current,47866.93,2015-11-29
C109032,Isha Verma,41,Male,Bhubaneswar,Odisha,Salaried,112532.17,698,Current,108235.26,2015-12-05
C109033,Aditi Roul,24,Other,Guwahati,Assam,Salaried,12138.18,646,Current,12827.67,2022-09-18
C109034,Sahil Singh,36,Female,Delhi,Delhi,Salaried,14402.58,719,Salary,44098.63,2017-02-18
C109035,Isha Dasgupta,40,Male,Chandigarh,Chandigarh,Salaried,46840.35,708,Current,79111.13,2020-05-23
C109036,Karan Panda,36,Female,Ahmedabad,Gujarat,Self-Employed,72645.15,703,Premium Savings,33485.58,2025-09-08
C109037,Vivaan Mishra,49,Female,Indore,Madhya Pradesh,Retired,40533.15,715,Salary,68244.3,2024-01-12
C109038,Aditi Mohanty,44,Female,Kochi,Kerala,Salaried,75826.54,758,Savings,112663.6,2016-02-07
C109039,Aditi Behera,36,Male,Mumbai,Maharashtra,Salaried,94353.99,751,Savings,125839.34,2019-12-04
C109040,Pooja Bose,38,Male,Mumbai,Maharashtra,Salaried,79331.31,637,Savings,61086.49,2023-10-15
C109041,Karan Roul,39,Female,Chennai,Tamil Nadu,Salaried,58214.29,661,Savings,93836.88,2025-01-11
C109042,Aditya Verma,40,Female,Indore,Madhya Pradesh,Salaried,57969.37,765,Savings,10672.01,2021-01-16
C109043,Aarav Mishra,18,Male,Delhi,Delhi,Student,39220.36,654,Savings,15040.94,2022-04-06
C109044,Rohan Kumar,33,Female,Chennai,Tamil Nadu,Salaried,53350.18,737,Salary,40397.01,2019-03-02
C109045,Aditi Bose,21,Male,Pune,Maharashtra,Business,31312.15,760,Savings,59760.28,2015-08-23
C109046,Ananya Panda,49,Female,Mumbai,Maharashtra,Salaried,35720.76,598,Savings,75415.07,2023-10-31
C109047,Neha Verma,35,Male,Delhi,Delhi,Salaried,72983.51,679,Savings,122561.79,2022-01-27
C109048,Ananya Reddy,34,Male,Kochi,Kerala,Salaried,42638.11,758,Current,54606.72,2023-05-24
C109049,Aarav Singh,45,Male,Hyderabad,Telangana,Salaried,36659.56,695,Current,13120.81,2025-11-11
C109050,Priya Sharma,40,Male,Bhubaneswar,Odisha,Salaried,70415.28,679,Salary,105931.78,2021-10-13
C109051,Sneha Sahu,25,Female,Hyderabad,Telangana,Salaried,67780.73,759,Savings,22556.02,2015-04-16
C109052,Neha Bose,35,Female,Chandigarh,Chandigarh,Salaried,48858.01,777,Savings,38974.9,2023-01-24
C109053,Sneha Patel,33,Male,Jaipur,Rajasthan,Business,50674.29,661,Savings,35175.53,2016-09-05
C109054,Sneha Mohanty,19,Male,Delhi,Delhi,Salaried,69138.0,820,Savings,93022.92,2018-12-18
C109055,Amit Nayak,29,Female,Mumbai,Maharashtra,Business,93715.13,589,Savings,142554.97,2018-07-05
C109056,Kavya Sahu,34,Male,Ahmedabad,Gujarat,Salaried,61431.96,607,Salary,23849.41,2019-04-02
C109057,Kavya Reddy,35,Male,Bengaluru,Karnataka,Student,28551.64,675,Savings,36268.38,2022-07-16
C109058,Ankit Panda,21,Female,Guwahati,Assam,Salaried,48693.62,683,Savings,33422.34,2016-04-16
C109059,Nisha Dasgupta,48,Female,Kolkata,West Bengal,Salaried,43965.3,686,Current,73798.43,2023-11-30
C109060,Neha Mishra,35,Female,Guwahati,Assam,Retired,30820.83,670,Savings,18600.29,2025-04-02
C109061,Rahul Dasgupta,36,Male,Chandigarh,Chandigarh,Salaried,72326.91,658,Premium Savings,130028.04,2020-08-26
C109062,Nisha Verma,40,Female,Mumbai,Maharashtra,Self-Employed,75452.41,691,Salary,134212.68,2022-03-29
C109063,Aditi Reddy,28,Other,Pune,Maharashtra,Self-Employed,82002.34,667,Salary,159891.98,2018-04-02
C109064,Aarav Mishra,41,Male,Guwahati,Assam,Salaried,31891.23,749,Savings,22329.53,2023-06-10
C109065,Isha Mehta,32,Female,Indore,Madhya Pradesh,Retired,59975.2,707,Savings,63645.35,2018-04-11
C109066,Rohan Nayak,27,Female,Pune,Maharashtra,Student,54810.5,691,Savings,84610.21,2017-12-04
C109067,Rahul Rao,42,Male,Lucknow,Uttar Pradesh,Business,65131.28,700,Savings,79653.58,2016-10-14
C109068,Sneha Das,51,Male,Bhubaneswar,Odisha,Retired,59067.61,777,Savings,99011.84,2015-12-15
C109069,Rahul Kumar,43,Female,Hyderabad,Telangana,Salaried,54621.79,674,Savings,47416.78,2021-02-13
C109070,Priya Verma,45,Male,Chandigarh,Chandigarh,Salaried,51128.14,622,Current,62652.48,2024-02-12
C109071,Nisha Jain,31,Male,Lucknow,Uttar Pradesh,Business,101098.52,641,Savings,26468.37,2016-08-28
C109072,Amit Mohanty,20,Male,Jaipur,Rajasthan,Salaried,34237.98,690,Current,27756.56,2021-09-25
C109073,Ankit Roul,51,Male,Jaipur,Rajasthan,Salaried,50003.31,736,Current,125170.82,2022-06-29
C109074,Nisha Sahu,57,Male,Kochi,Kerala,Self-Employed,99692.16,762,Salary,103921.79,2021-06-18
C109075,Amit Behera,51,Female,Hyderabad,Telangana,Student,35207.26,812,Salary,31101.03,2021-01-20
C109076,Aditi Gupta,33,Male,Guwahati,Assam,Salaried,36208.17,753,Savings,63982.23,2020-05-06
C109077,Aditi Mehta,24,Other,Bengaluru,Karnataka,Student,82351.83,648,Current,145992.69,2018-03-22
C109078,Aditi Nayak,25,Male,Guwahati,Assam,Salaried,25132.97,692,Current,49502.96,2020-07-04
C109079,Aarav Roul,19,Male,Chennai,Tamil Nadu,Salaried,79097.42,564,Salary,105355.33,2020-11-09
C109080,Riya Panda,35,Male,Delhi,Delhi,Student,42015.31,685,Current,22827.67,2025-03-17
C109081,Ananya Mehta,52,Male,Pune,Maharashtra,Retired,68912.22,666,Savings,45238.04,2023-08-12
C109082,Ankit Sahu,35,Male,Mumbai,Maharashtra,Salaried,28104.49,555,Savings,32575.63,2015-11-10
C109083,Ananya Sahu,39,Female,Pune,Maharashtra,Salaried,105543.7,842,Current,178730.18,2016-09-08
C109084,Ananya Roul,50,Female,Kolkata,West Bengal,Salaried,28158.58,680,Salary,51060.16,2016-12-20
C109085,Aditya Rao,32,Male,Mumbai,Maharashtra,Business,81945.62,568,Salary,151660.52,2024-03-30
C109086,Vivaan Bose,56,Male,Kolkata,West Bengal,Salaried,28813.06,687,Savings,39068.16,2023-07-24
C109087,Kavya Roul,56,Male,Jaipur,Rajasthan,Salaried,148695.21,812,Salary,210184.48,2018-03-29
C109088,Vivaan Patel,35,Female,Chandigarh,Chandigarh,Business,52882.54,829,Savings,101194.04,2020-08-15
C109089,Rahul Reddy,30,Female,Kolkata,West Bengal,Salaried,160823.03,709,Savings,181020.03,2021-12-21
C109090,Aarav Singh,43,Male,Mumbai,Maharashtra,Salaried,35055.94,711,Savings,34424.92,2023-11-03
C109091,Pooja Roul,33,Male,Lucknow,Uttar Pradesh,Student,43115.19,785,Current,59751.11,2015-06-23
C109092,Sneha Jain,24,Female,Chandigarh,Chandigarh,Student,107042.8,695,Current,175742.05,2018-07-10
C109093,Amit Das,49,Male,Chandigarh,Chandigarh,Retired,25101.44,735,Savings,41960.68,2019-04-04
C109094,Ananya Jain,48,Female,Kochi,Kerala,Salaried,37439.88,760,Salary,63296.91,2020-04-04
C109095,Pooja Roul,38,Male,Delhi,Delhi,Student,72213.05,635,Savings,129852.11,2015-06-15
C109096,Rohan Das,23,Female,Chennai,Tamil Nadu,Business,31406.15,805,Current,39933.38,2020-09-08
C109097,Karan Nayak,24,Female,Chennai,Tamil Nadu,Salaried,73283.3,648,Savings,91094.25,2019-11-16
C109098,Isha Mohanty,37,Other,Indore,Madhya Pradesh,Self-Employed,60404.02,664,Savings,117791.22,2020-03-29
C109099,Sahil Panda,31,Female,Bhubaneswar,Odisha,Salaried,23922.71,711,Savings,48938.22,2015-04-18
C109100,Karan Behera,33,Male,Lucknow,Uttar Pradesh,Business,93653.89,766,Current,39820.04,2015-06-30
C109101,Aditya Sahu,46,Male,Bhubaneswar,Odisha,Business,27467.27,749,Salary,24822.7,2021-09-20
C109102,Sneha Sharma,43,Male,Chennai,Tamil Nadu,Business,84060.49,702,Savings,85812.44,2015-07-20
C109103,Arjun Panda,50,Other,Bengaluru,Karnataka,Salaried,59026.98,723,Savings,45901.6,2015-01-12
C109104,Arjun Patel,26,Female,Delhi,Delhi,Self-Employed,42823.04,775,Savings,59693.52,2022-06-04
C109105,Aditi Sharma,33,Male,Bhubaneswar,Odisha,Salaried,29944.98,706,Current,13900.64,2017-12-06
C109106,Ankit Dasgupta,44,Male,Jaipur,Rajasthan,Retired,65919.3,652,Savings,43301.55,2024-12-07
C109107,Isha Sahu,40,Female,Chennai,Tamil Nadu,Business,34036.88,666,Savings,45578.86,2017-10-03
C109108,Sneha Sharma,51,Other,Bengaluru,Karnataka,Salaried,106880.09,764,Salary,55517.58,2019-03-28
C109109,Pooja Roul,40,Female,Jaipur,Rajasthan,Salaried,109047.22,652,Savings,70915.23,2018-11-15
C109110,Rahul Sahu,54,Male,Pune,Maharashtra,Business,135700.72,603,Current,155215.92,2022-02-20
C109111,Ankit Nayak,41,Male,Indore,Madhya Pradesh,Salaried,64188.67,685,Savings,93485.19,2018-10-30
C109112,Pooja Dasgupta,47,Male,Pune,Maharashtra,Business,44034.03,700,Current,67831.38,2015-12-30
C109113,Nisha Roul,33,Female,Kolkata,West Bengal,Salaried,46713.67,761,Salary,31468.54,2019-01-20
C109114,Kavya Bose,36,Other,Bhubaneswar,Odisha,Self-Employed,44870.7,610,Savings,58288.23,2023-02-13
C109115,Ananya Behera,45,Female,Bengaluru,Karnataka,Salaried,63037.91,728,Salary,115696.7,2020-10-14
C109116,Ananya Gupta,52,Female,Chandigarh,Chandigarh,Self-Employed,69928.07,780,Savings,99833.01,2018-01-31
C109117,Aditya Rao,43,Female,Indore,Madhya Pradesh,Retired,108277.09,652,Premium Savings,195581.79,2020-12-11
C109118,Neha Patel,35,Female,Lucknow,Uttar Pradesh,Self-Employed,55612.11,710,Savings,128586.57,2016-09-06
C109119,Aditi Sharma,50,Female,Chennai,Tamil Nadu,Salaried,25420.56,565,Salary,36654.4,2019-07-18
C109120,Aditi Roul,18,Female,Jaipur,Rajasthan,Retired,43958.75,762,Savings,72519.14,2019-03-28
C109121,Kavya Kumar,22,Male,Mumbai,Maharashtra,Salaried,129418.54,757,Savings,178989.29,2021-04-25
C109122,Neha Nayak,43,Female,Mumbai,Maharashtra,Business,23364.43,704,Current,14925.21,2016-05-18
C109123,Ananya Dasgupta,36,Male,Kolkata,West Bengal,Self-Employed,82588.11,619,Current,137773.62,2017-08-23
C109124,Arjun Sharma,42,Male,Chennai,Tamil Nadu,Salaried,44367.98,748,Salary,73142.07,2019-08-19
C109125,Ankit Verma,37,Female,Lucknow,Uttar Pradesh,Salaried,33832.7,689,Savings,41005.29,2016-09-03
C109126,Kavya Mishra,42,Female,Chandigarh,Chandigarh,Salaried,68368.98,524,Current,116163.55,2023-12-12
C109127,Sahil Sahu,28,Female,Bhubaneswar,Odisha,Student,129782.16,756,Savings,229554.01,2018-01-08
C109128,Neha Panda,42,Male,Lucknow,Uttar Pradesh,Student,66325.7,781,Current,88652.84,2020-09-26
C109129,Ankit Gupta,46,Female,Hyderabad,Telangana,Salaried,47604.81,792,Current,30143.14,2017-07-22
C109130,Kavya Roul,48,Female,Guwahati,Assam,Salaried,26964.09,622,Savings,36784.61,2018-08-10
C109131,Amit Dasgupta,56,Male,Mumbai,Maharashtra,Student,52089.64,580,Salary,87959.38,2019-02-22
C109132,Pooja Dasgupta,38,Female,Chandigarh,Chandigarh,Self-Employed,26433.99,678,Salary,52672.23,2022-06-01
C109133,Vivaan Mehta,39,Male,Pune,Maharashtra,Salaried,46380.3,739,Savings,81220.21,2015-07-20
C109134,Rahul Bose,21,Male,Kochi,Kerala,Salaried,53125.2,644,Savings,61480.99,2019-02-08
C109135,Nisha Sharma,31,Female,Delhi,Delhi,Salaried,15014.78,602,Savings,500.0,2018-06-24
C109136,Priya Jain,34,Male,Pune,Maharashtra,Self-Employed,118026.64,752,Current,219999.31,2024-03-19
C109137,Neha Verma,47,Male,Kolkata,West Bengal,Self-Employed,27830.88,683,Savings,68437.97,2016-11-28
C109138,Aditya Dasgupta,30,Male,Bhubaneswar,Odisha,Salaried,49652.84,745,Salary,91008.3,2023-10-21
C109139,Karan Mohanty,44,Male,Lucknow,Uttar Pradesh,Student,73769.21,706,Salary,128135.59,2021-06-20
C109140,Riya Nayak,36,Male,Delhi,Delhi,Salaried,112960.2,694,Savings,51726.28,2019-03-18
C109141,Pooja Mohanty,34,Male,Lucknow,Uttar Pradesh,Self-Employed,35575.21,701,Salary,60439.36,2023-03-08
C109142,Aditya Panda,38,Male,Pune,Maharashtra,Salaried,13836.1,682,Salary,37731.21,2015-06-21
C109143,Isha Dasgupta,32,Male,Lucknow,Uttar Pradesh,Business,99543.85,675,Current,177987.68,2021-03-13
C109144,Isha Mishra,32,Male,Pune,Maharashtra,Salaried,27663.42,633,Savings,40580.23,2023-01-04
C109145,Pooja Gupta,19,Male,Bengaluru,Karnataka,Salaried,67022.41,736,Savings,117444.18,2015-06-11
C109146,Amit Gupta,34,Female,Kochi,Kerala,Business,69352.87,786,Savings,72553.97,2022-01-04
C109147,Ananya Patel,31,Female,Ahmedabad,Gujarat,Salaried,12000.0,672,Savings,500.0,2020-04-08
C109148,Aditi Jain,31,Male,Mumbai,Maharashtra,Self-Employed,22627.66,826,Current,26140.01,2015-08-06
C109149,Isha Mehta,40,Female,Lucknow,Uttar Pradesh,Retired,42686.68,729,Salary,56430.17,2019-07-24
C109150,Aditi Roul,43,Other,Jaipur,Rajasthan,Self-Employed,13277.39,722,Premium Savings,31062.16,2017-05-01
C109151,Isha Patel,38,Female,Chennai,Tamil Nadu,Salaried,26348.33,748,Salary,46022.54,2017-09-11
C109152,Sneha Das,46,Male,Indore,Madhya Pradesh,Salaried,58845.56,768,Salary,41215.29,2019-08-08
C109153,Priya Patel,42,Female,Indore,Madhya Pradesh,Business,52387.46,675,Savings,31176.22,2021-10-02
C109154,Rahul Mishra,33,Male,Kochi,Kerala,Salaried,64961.39,741,Savings,51309.34,2024-08-07
C109155,Vivaan Bose,31,Male,Kochi,Kerala,Business,70414.89,773,Savings,65004.4,2021-11-20
C109156,Nisha Panda,39,Male,Chennai,Tamil Nadu,Business,21809.09,680,Savings,16415.31,2021-04-05
C109157,Sneha Gupta,42,Male,Delhi,Delhi,Self-Employed,27130.72,705,Current,45215.72,2020-02-28
C109158,Sneha Behera,50,Female,Kolkata,West Bengal,Business,83603.43,655,Savings,113707.11,2021-12-06
C109159,Rohan Gupta,48,Female,Delhi,Delhi,Salaried,127194.17,673,Savings,200501.59,2018-12-25
C109160,Amit Nayak,31,Female,Guwahati,Assam,Self-Employed,32306.19,682,Salary,21820.13,2023-10-27
C109161,Amit Verma,35,Male,Mumbai,Maharashtra,Business,63416.96,646,Premium Savings,84702.02,2015-03-11
C109162,Sahil Bose,43,Male,Indore,Madhya Pradesh,Salaried,85732.23,701,Savings,89207.16,2023-08-30
C109163,Sneha Behera,47,Male,Kolkata,West Bengal,Salaried,62676.64,727,Savings,80590.0,2022-01-01
C109164,Priya Das,45,Male,Bhubaneswar,Odisha,Self-Employed,47966.93,733,Savings,89154.03,2023-09-25
C109165,Arjun Das,35,Other,Bengaluru,Karnataka,Self-Employed,38666.58,652,Savings,33473.54,2022-02-19
C109166,Arjun Verma,23,Female,Kolkata,West Bengal,Self-Employed,163895.86,666,Salary,90813.14,2025-09-08
C109167,Sneha Patel,26,Female,Guwahati,Assam,Business,57988.7,760,Current,40820.25,2025-07-11
C109168,Amit Bose,39,Female,Mumbai,Maharashtra,Self-Employed,68118.67,665,Savings,126601.47,2024-08-07
C109169,Pooja Reddy,39,Male,Kolkata,West Bengal,Student,65740.11,759,Current,76551.72,2025-05-15
C109170,Aarav Bose,25,Male,Indore,Madhya Pradesh,Business,35180.89,657,Savings,57394.8,2020-11-23
C109171,Riya Patel,36,Male,Mumbai,Maharashtra,Salaried,56559.02,730,Premium Savings,36072.16,2017-01-26
C109172,Karan Mehta,42,Male,Hyderabad,Telangana,Salaried,46067.13,754,Savings,43860.31,2016-05-30
C109173,Ankit Sahu,24,Female,Indore,Madhya Pradesh,Business,45615.7,533,Premium Savings,61166.12,2015-09-22
C109174,Aditi Nayak,47,Male,Kolkata,West Bengal,Student,65474.5,761,Savings,77132.42,2015-09-06
C109175,Sneha Sahu,32,Male,Ahmedabad,Gujarat,Salaried,33239.19,790,Savings,62729.08,2018-01-01
C109176,Aarav Nayak,49,Female,Delhi,Delhi,Self-Employed,28352.06,685,Savings,58357.58,2023-12-29
C109177,Nisha Patel,31,Female,Pune,Maharashtra,Salaried,72517.79,727,Salary,114581.16,2015-07-12
C109178,Karan Rao,26,Male,Pune,Maharashtra,Salaried,41056.43,650,Current,74340.87,2025-05-29
C109179,Sneha Gupta,31,Female,Indore,Madhya Pradesh,Business,45493.73,729,Salary,78474.15,2016-05-16
C109180,Pooja Gupta,35,Male,Indore,Madhya Pradesh,Salaried,19039.11,850,Savings,38261.03,2024-09-14
C109181,Pooja Sahu,32,Female,Ahmedabad,Gujarat,Business,93412.83,562,Savings,105549.81,2019-05-24
C109182,Nisha Kumar,34,Male,Bengaluru,Karnataka,Student,73371.98,672,Savings,93419.87,2017-11-01
C109183,Aditya Sahu,39,Male,Guwahati,Assam,Retired,81188.29,757,Current,138460.18,2024-05-12
C109184,Aditya Das,34,Female,Bengaluru,Karnataka,Salaried,68058.14,787,Salary,60564.01,2020-12-05
C109185,Rohan Kumar,35,Male,Chandigarh,Chandigarh,Business,23892.32,615,Savings,19970.75,2016-05-23
C109186,Priya Patel,19,Female,Bhubaneswar,Odisha,Student,62382.36,664,Savings,56875.0,2024-12-25
C109187,Amit Panda,40,Female,Chandigarh,Chandigarh,Salaried,39342.67,667,Current,45852.5,2021-03-26
C109188,Sneha Mehta,35,Male,Lucknow,Uttar Pradesh,Salaried,32387.15,663,Savings,11018.47,2025-04-06
C109189,Ananya Dasgupta,52,Female,Jaipur,Rajasthan,Student,72411.11,697,Current,49795.36,2020-12-07
C109190,Neha Bose,27,Female,Kolkata,West Bengal,Salaried,136935.92,612,Savings,214195.46,2023-04-13
C109191,Aditya Panda,18,Male,Kolkata,West Bengal,Student,125044.52,688,Salary,213803.59,2015-01-21
C109192,Vivaan Patel,42,Female,Pune,Maharashtra,Self-Employed,77440.74,644,Salary,69539.8,2017-12-07
C109193,Ankit Kumar,39,Female,Ahmedabad,Gujarat,Salaried,54093.16,701,Current,85783.38,2022-01-06
C109194,Priya Bose,26,Female,Bhubaneswar,Odisha,Salaried,48851.49,659,Savings,18358.88,2023-03-23
C109195,Aditi Mishra,21,Female,Kochi,Kerala,Salaried,33443.46,694,Savings,100096.89,2017-11-25
C109196,Karan Roul,51,Female,Mumbai,Maharashtra,Salaried,47416.96,638,Savings,51131.09,2025-10-15
C109197,Ananya Singh,50,Other,Delhi,Delhi,Self-Employed,90651.4,767,Current,83458.04,2024-08-11
C109198,Riya Sahu,18,Male,Kolkata,West Bengal,Self-Employed,149913.69,684,Savings,255509.82,2022-03-21
C109199,Sneha Sharma,31,Male,Delhi,Delhi,Self-Employed,35102.36,706,Salary,27334.96,2016-12-27
C109200,Arjun Mishra,53,Male,Ahmedabad,Gujarat,Salaried,18358.19,696,Salary,30438.65,2021-02-20
C109201,Isha Mehta,31,Male,Ahmedabad,Gujarat,Business,41073.06,705,Savings,70210.93,2025-08-20
C109202,Priya Sharma,31,Female,Pune,Maharashtra,Self-Employed,90423.84,705,Salary,90779.05,2020-04-24
C109203,Aarav Das,33,Female,Guwahati,Assam,Business,171929.7,757,Salary,286807.2,2020-08-03
C109204,Nisha Mehta,25,Male,Lucknow,Uttar Pradesh,Business,113052.9,686,Savings,181742.45,2024-11-15
C109205,Kavya Roul,19,Male,Kolkata,West Bengal,Salaried,111524.03,658,Savings,142945.68,2025-06-09
C109206,Isha Sharma,47,Male,Chennai,Tamil Nadu,Salaried,34469.5,708,Savings,76732.99,2017-10-16
C109207,Arjun Sharma,18,Male,Jaipur,Rajasthan,Student,35007.73,665,Salary,61490.07,2020-10-13
C109208,Aditya Das,38,Female,Chandigarh,Chandigarh,Business,26555.53,700,Savings,48225.87,2017-03-05
C109209,Ankit Verma,45,Female,Guwahati,Assam,Salaried,38142.13,637,Current,20688.92,2019-03-29
C109210,Pooja Kumar,21,Female,Indore,Madhya Pradesh,Business,90929.73,773,Salary,117752.84,2023-01-20
C109211,Riya Reddy,27,Male,Guwahati,Assam,Salaried,134397.41,654,Current,88993.95,2023-07-26
C109212,Ananya Dasgupta,48,Female,Mumbai,Maharashtra,Salaried,66511.02,783,Premium Savings,49440.16,2017-02-07
C109213,Vivaan Jain,41,Female,Jaipur,Rajasthan,Self-Employed,47799.57,701,Current,71003.89,2020-12-04
C109214,Aditya Behera,30,Female,Jaipur,Rajasthan,Salaried,30588.82,761,Savings,46003.18,2022-04-07
C109215,Ankit Behera,48,Female,Kolkata,West Bengal,Retired,51699.59,655,Salary,28636.23,2015-09-20
C109216,Nisha Panda,48,Male,Bhubaneswar,Odisha,Student,61500.95,577,Savings,82459.76,2019-06-26
C109217,Arjun Roul,39,Male,Kochi,Kerala,Self-Employed,24597.47,598,Premium Savings,22555.77,2018-01-01
C109218,Sneha Verma,27,Female,Chandigarh,Chandigarh,Salaried,91299.32,850,Savings,127691.77,2017-09-19
C109219,Vivaan Verma,32,Female,Mumbai,Maharashtra,Salaried,43561.79,666,Premium Savings,65180.48,2016-09-26
C109220,Priya Kumar,39,Female,Kolkata,West Bengal,Salaried,88332.84,776,Savings,42602.56,2022-07-19
C109221,Nisha Kumar,34,Male,Ahmedabad,Gujarat,Self-Employed,54670.66,621,Savings,44878.77,2015-09-26
C109222,Nisha Mishra,45,Female,Bengaluru,Karnataka,Salaried,64767.4,717,Savings,127288.7,2016-08-02
C109223,Nisha Sahu,21,Male,Chennai,Tamil Nadu,Self-Employed,37384.68,728,Savings,64062.18,2022-10-24
C109224,Riya Mohanty,21,Other,Kolkata,West Bengal,Salaried,45503.75,850,Salary,34095.69,2019-06-27
C109225,Aditya Bose,38,Female,Hyderabad,Telangana,Retired,78292.86,684,Savings,74116.29,2021-12-10
C109226,Neha Rao,31,Female,Kolkata,West Bengal,Student,51162.62,659,Current,62871.74,2022-08-08
C109227,Aditya Rao,30,Female,Pune,Maharashtra,Self-Employed,29952.04,728,Current,39345.07,2018-04-23
C109228,Aarav Dasgupta,18,Male,Delhi,Delhi,Self-Employed,58480.82,645,Current,41897.43,2023-02-21
C109229,Aarav Nayak,36,Male,Bhubaneswar,Odisha,Salaried,67996.38,732,Salary,31027.33,2016-11-30
C109230,Aditi Singh,35,Male,Mumbai,Maharashtra,Salaried,117029.01,702,Savings,165587.84,2020-11-06
C109231,Aditi Roul,43,Male,Indore,Madhya Pradesh,Student,103672.56,656,Savings,110425.78,2021-05-29
C109232,Rohan Dasgupta,37,Female,Chandigarh,Chandigarh,Business,53079.12,737,Savings,27953.99,2022-03-27
C109233,Ananya Sharma,35,Male,Kolkata,West Bengal,Salaried,40702.88,712,Savings,50369.1,2022-07-05
C109234,Kavya Kumar,48,Female,Guwahati,Assam,Self-Employed,48509.88,754,Savings,21549.04,2022-06-24
C109235,Aditi Sahu,23,Male,Lucknow,Uttar Pradesh,Student,41234.68,812,Premium Savings,30411.07,2023-03-12
C109236,Aditya Singh,41,Female,Kochi,Kerala,Salaried,72654.97,672,Savings,20523.37,2018-06-13
C109237,Nisha Mishra,19,Female,Bengaluru,Karnataka,Salaried,97538.68,678,Savings,147621.18,2019-07-28
C109238,Karan Singh,28,Male,Pune,Maharashtra,Retired,108770.71,618,Salary,203629.88,2018-05-03
C109239,Aditya Roul,24,Male,Hyderabad,Telangana,Salaried,43843.2,739,Salary,52948.75,2016-10-11
C109240,Sahil Panda,44,Male,Chennai,Tamil Nadu,Salaried,41501.05,663,Premium Savings,30558.31,2015-03-26
C109241,Ananya Das,35,Female,Chandigarh,Chandigarh,Salaried,43646.2,727,Salary,58857.83,2017-09-21
C109242,Rahul Patel,36,Female,Hyderabad,Telangana,Student,19005.2,781,Savings,28497.78,2024-11-11
C109243,Nisha Gupta,25,Male,Guwahati,Assam,Student,28382.89,661,Savings,17697.07,2019-09-16
C109244,Vivaan Patel,33,Female,Kochi,Kerala,Salaried,53964.64,674,Current,85971.53,2023-06-26
C109245,Karan Rao,28,Male,Kolkata,West Bengal,Salaried,67757.33,771,Savings,99248.91,2023-01-15
C109246,Aditya Rao,40,Female,Hyderabad,Telangana,Salaried,72058.51,751,Savings,57247.8,2016-06-18
C109247,Kavya Verma,26,Male,Chandigarh,Chandigarh,Salaried,35804.06,744,Salary,36247.97,2019-02-17
C109248,Isha Dasgupta,49,Female,Kolkata,West Bengal,Salaried,41981.23,680,Savings,44514.91,2023-02-06
C109249,Ananya Jain,19,Female,Bengaluru,Karnataka,Salaried,47422.94,612,Savings,95746.2,2023-02-18
C109250,Rahul Mohanty,28,Female,Delhi,Delhi,Salaried,44599.11,659,Current,67149.11,2024-06-23
C109251,Sahil Dasgupta,53,Male,Pune,Maharashtra,Retired,80297.86,639,Savings,94903.75,2020-12-04
C109252,Aarav Jain,32,Male,Guwahati,Assam,Salaried,26784.88,743,Savings,500.0,2019-10-31
C109253,Sneha Kumar,23,Female,Guwahati,Assam,Salaried,29230.73,723,Salary,500.0,2017-05-26
C109254,Aditya Das,38,Male,Ahmedabad,Gujarat,Salaried,46674.3,666,Salary,71045.31,2016-03-02
C109255,Neha Singh,31,Male,Pune,Maharashtra,Business,25952.06,677,Savings,44005.79,2018-06-22
C109256,Vivaan Mishra,28,Female,Indore,Madhya Pradesh,Salaried,19338.05,736,Savings,22761.61,2025-10-10
C109257,Vivaan Jain,25,Male,Indore,Madhya Pradesh,Self-Employed,24189.55,684,Current,14890.92,2023-09-23
C109258,Nisha Verma,64,Male,Hyderabad,Telangana,Business,48126.85,667,Current,41044.91,2017-10-28
C109259,Aditya Sahu,33,Female,Indore,Madhya Pradesh,Retired,77798.73,834,Salary,137819.99,2015-12-03
C109260,Priya Rao,18,Male,Delhi,Delhi,Business,78695.41,669,Salary,34705.38,2020-03-07
C109261,Aditya Das,51,Male,Jaipur,Rajasthan,Salaried,131721.08,748,Salary,188073.24,2024-10-17
C109262,Arjun Kumar,42,Female,Guwahati,Assam,Salaried,58162.98,731,Salary,15125.0,2015-06-17
C109263,Riya Sahu,28,Female,Guwahati,Assam,Business,62629.94,606,Salary,85395.49,2024-03-21
C109264,Vivaan Reddy,27,Male,Ahmedabad,Gujarat,Salaried,47923.66,661,Savings,65838.88,2019-05-18
C109265,Riya Reddy,43,Female,Mumbai,Maharashtra,Salaried,49221.41,758,Salary,53873.82,2018-04-09
C109266,Arjun Singh,34,Female,Jaipur,Rajasthan,Retired,172713.32,696,Savings,347665.94,2025-08-08
C109267,Amit Behera,18,Male,Indore,Madhya Pradesh,Business,63502.32,610,Salary,132349.97,2022-01-31
C109268,Aditi Mishra,54,Male,Delhi,Delhi,Student,66611.95,731,Salary,68875.88,2019-05-16
C109269,Karan Patel,32,Male,Chandigarh,Chandigarh,Student,29298.03,667,Savings,21086.99,2016-10-03
C109270,Rohan Mehta,51,Female,Bhubaneswar,Odisha,Self-Employed,68928.2,733,Salary,58010.91,2018-12-23
C109271,Ananya Panda,49,Female,Kolkata,West Bengal,Business,78997.47,850,Savings,30617.59,2025-08-11
C109272,Isha Rao,26,Male,Mumbai,Maharashtra,Salaried,101291.63,730,Premium Savings,122737.79,2023-06-01
C109273,Nisha Singh,46,Female,Guwahati,Assam,Retired,77779.64,745,Savings,167625.48,2019-03-11
C109274,Vivaan Sahu,29,Female,Bhubaneswar,Odisha,Salaried,51296.74,688,Savings,71834.13,2023-07-01
C109275,Rahul Mishra,18,Male,Jaipur,Rajasthan,Self-Employed,50106.48,632,Savings,94694.6,2018-04-05
C109276,Arjun Nayak,32,Female,Kochi,Kerala,Salaried,52862.22,772,Savings,23247.31,2024-09-18
C109277,Priya Behera,40,Male,Guwahati,Assam,Salaried,58339.89,666,Current,35726.16,2024-10-17
C109278,Neha Dasgupta,31,Female,Jaipur,Rajasthan,Self-Employed,110447.57,690,Savings,160070.84,2015-06-23
C109279,Isha Behera,33,Female,Hyderabad,Telangana,Salaried,99214.58,822,Savings,157669.06,2017-02-03
C109280,Arjun Sharma,47,Female,Ahmedabad,Gujarat,Self-Employed,83215.55,683,Savings,42159.14,2019-07-10
C109281,Nisha Jain,37,Female,Indore,Madhya Pradesh,Self-Employed,167905.06,784,Salary,171481.16,2023-11-05
C109282,Arjun Panda,28,Female,Hyderabad,Telangana,Self-Employed,12761.11,730,Savings,37476.47,2017-07-27
C109283,Sneha Dasgupta,43,Female,Mumbai,Maharashtra,Salaried,42704.36,669,Savings,58140.87,2023-02-01
C109284,Vivaan Nayak,38,Female,Kolkata,West Bengal,Salaried,54660.06,727,Savings,36240.82,2022-07-30
C109285,Ananya Sharma,18,Female,Jaipur,Rajasthan,Business,38000.79,658,Current,61857.77,2019-02-20
C109286,Ananya Das,40,Female,Ahmedabad,Gujarat,Salaried,32982.27,764,Salary,29166.45,2018-10-24
C109287,Aditya Reddy,40,Male,Bengaluru,Karnataka,Salaried,21389.4,786,Current,15567.51,2021-02-04
C109288,Rahul Patel,36,Female,Lucknow,Uttar Pradesh,Self-Employed,46344.49,708,Savings,134420.64,2022-08-30
C109289,Karan Sahu,45,Female,Chandigarh,Chandigarh,Student,89931.48,792,Current,87839.08,2017-02-04
C109290,Aarav Bose,29,Female,Mumbai,Maharashtra,Self-Employed,84183.44,715,Savings,106855.04,2018-04-18
C109291,Arjun Jain,39,Other,Pune,Maharashtra,Salaried,36367.0,764,Savings,74706.69,2017-02-24
C109292,Sahil Kumar,20,Male,Kochi,Kerala,Student,62082.74,850,Savings,8785.99,2025-10-03
C109293,Riya Sharma,40,Male,Mumbai,Maharashtra,Business,116049.07,850,Savings,151671.0,2024-09-14
C109294,Sahil Gupta,56,Male,Kolkata,West Bengal,Business,23838.37,693,Savings,17064.22,2025-03-22
C109295,Neha Patel,26,Female,Jaipur,Rajasthan,Salaried,50399.1,724,Salary,101533.69,2023-03-06
C109296,Riya Reddy,28,Female,Pune,Maharashtra,Business,64386.64,636,Premium Savings,61367.19,2015-04-06
C109297,Aditi Rao,29,Female,Hyderabad,Telangana,Salaried,55303.8,757,Savings,69109.77,2022-07-01
C109298,Arjun Gupta,37,Male,Chandigarh,Chandigarh,Business,87810.54,730,Savings,97110.7,2015-12-13
C109299,Vivaan Dasgupta,25,Female,Chennai,Tamil Nadu,Student,24131.76,655,Savings,500.0,2020-04-08
C109300,Amit Gupta,40,Female,Ahmedabad,Gujarat,Student,31630.85,782,Savings,42017.75,2019-03-26
C109301,Neha Panda,44,Female,Hyderabad,Telangana,Salaried,80034.35,688,Premium Savings,119122.87,2018-06-14
C109302,Priya Gupta,41,Male,Kochi,Kerala,Student,21565.83,671,Premium Savings,40377.24,2019-08-12
C109303,Sahil Panda,18,Female,Kochi,Kerala,Salaried,85953.42,731,Savings,121135.84,2023-11-19
C109304,Ananya Sharma,46,Female,Kochi,Kerala,Salaried,70438.02,675,Savings,43416.08,2018-02-20
C109305,Sneha Sharma,45,Other,Jaipur,Rajasthan,Self-Employed,82714.01,703,Current,55473.03,2024-09-05
C109306,Nisha Mehta,44,Female,Chennai,Tamil Nadu,Self-Employed,42488.09,819,Savings,72196.32,2018-04-05
C109307,Isha Patel,40,Female,Indore,Madhya Pradesh,Salaried,72802.07,665,Current,119988.53,2020-10-02
C109308,Neha Singh,38,Male,Jaipur,Rajasthan,Salaried,28863.42,749,Salary,35984.21,2021-06-16
C109309,Pooja Gupta,46,Male,Jaipur,Rajasthan,Salaried,43787.81,667,Salary,94611.84,2025-10-07
C109310,Priya Jain,55,Female,Ahmedabad,Gujarat,Self-Employed,56110.31,642,Salary,90319.7,2024-02-20
C109311,Neha Behera,26,Male,Mumbai,Maharashtra,Student,33549.47,700,Savings,28063.39,2020-12-12
C109312,Riya Mishra,47,Male,Kolkata,West Bengal,Business,62009.77,850,Savings,90642.44,2020-08-31
C109313,Aditi Dasgupta,35,Male,Ahmedabad,Gujarat,Salaried,29312.65,756,Premium Savings,41125.05,2025-04-11
C109314,Ananya Panda,35,Female,Mumbai,Maharashtra,Retired,63757.77,735,Savings,88913.59,2025-04-18
C109315,Vivaan Rao,21,Female,Chennai,Tamil Nadu,Business,143358.84,671,Savings,76446.45,2015-04-03
C109316,Sahil Singh,33,Male,Chandigarh,Chandigarh,Business,27554.53,680,Savings,18947.59,2023-08-29
C109317,Aditi Gupta,26,Female,Mumbai,Maharashtra,Business,54321.77,609,Savings,9787.45,2017-07-14
C109318,Aditya Nayak,31,Female,Bhubaneswar,Odisha,Retired,22588.81,822,Savings,47791.43,2023-03-13
C109319,Rahul Behera,25,Male,Pune,Maharashtra,Business,34785.77,722,Savings,28865.59,2016-03-22
C109320,Aarav Nayak,32,Male,Guwahati,Assam,Self-Employed,80915.49,717,Salary,65857.21,2019-02-17
C109321,Aditi Verma,32,Female,Pune,Maharashtra,Salaried,43401.22,718,Savings,86688.37,2017-09-15
C109322,Pooja Mohanty,37,Female,Bhubaneswar,Odisha,Business,82736.33,841,Current,87357.29,2021-03-27
C109323,Neha Das,20,Male,Bengaluru,Karnataka,Self-Employed,66891.31,724,Premium Savings,43625.08,2022-10-27
C109324,Priya Roul,22,Male,Mumbai,Maharashtra,Self-Employed,53082.54,692,Premium Savings,33863.69,2020-08-13
C109325,Riya Nayak,40,Male,Indore,Madhya Pradesh,Salaried,31223.04,822,Current,31781.08,2020-10-25
C109326,Pooja Jain,28,Male,Mumbai,Maharashtra,Salaried,80186.22,697,Savings,107894.41,2016-12-31
C109327,Sneha Behera,47,Male,Lucknow,Uttar Pradesh,Self-Employed,65014.27,595,Savings,54100.39,2024-04-24
C109328,Aditya Behera,38,Female,Pune,Maharashtra,Business,23734.06,606,Salary,50265.06,2018-02-02
C109329,Ananya Roul,42,Female,Chennai,Tamil Nadu,Business,32357.44,693,Premium Savings,10721.0,2018-09-20
C109330,Vivaan Kumar,50,Female,Chandigarh,Chandigarh,Salaried,12000.0,724,Savings,10831.66,2023-02-19
C109331,Sneha Nayak,33,Male,Guwahati,Assam,Salaried,25951.73,758,Salary,53457.71,2025-11-27
C109332,Kavya Singh,30,Female,Delhi,Delhi,Salaried,46292.33,645,Savings,71471.45,2016-07-03
C109333,Isha Jain,45,Male,Bengaluru,Karnataka,Salaried,30772.23,690,Savings,42599.71,2020-03-22
C109334,Arjun Rao,41,Male,Delhi,Delhi,Salaried,34810.41,652,Current,59691.87,2021-11-03
C109335,Ankit Jain,34,Female,Ahmedabad,Gujarat,Business,118172.66,777,Savings,165754.09,2024-04-29
C109336,Isha Mehta,50,Female,Jaipur,Rajasthan,Student,96851.66,788,Current,38082.58,2022-10-26
C109337,Nisha Sharma,34,Male,Bengaluru,Karnataka,Salaried,37534.69,832,Savings,74285.81,2015-09-10
C109338,Rahul Jain,36,Female,Indore,Madhya Pradesh,Self-Employed,85095.9,728,Savings,59653.29,2022-07-22
C109339,Rahul Behera,36,Female,Indore,Madhya Pradesh,Business,107287.62,826,Current,140367.72,2022-09-20
C109340,Pooja Jain,27,Female,Bhubaneswar,Odisha,Retired,77287.7,660,Savings,123168.12,2018-10-24
C109341,Aditya Kumar,37,Female,Jaipur,Rajasthan,Student,64828.37,719,Salary,81959.34,2015-06-03
C109342,Sneha Jain,50,Other,Ahmedabad,Gujarat,Salaried,100626.02,636,Current,42309.51,2018-04-01
C109343,Rahul Dasgupta,40,Female,Delhi,Delhi,Salaried,83979.11,742,Premium Savings,147191.18,2022-09-14
C109344,Sneha Sahu,36,Female,Kochi,Kerala,Salaried,28222.83,724,Savings,32419.14,2022-03-02
C109345,Aarav Roul,34,Male,Chandigarh,Chandigarh,Self-Employed,49571.72,545,Salary,29153.74,2015-08-24
C109346,Ankit Behera,39,Male,Delhi,Delhi,Business,40597.04,777,Savings,38212.53,2024-07-25
C109347,Isha Singh,43,Female,Bengaluru,Karnataka,Salaried,103668.01,761,Savings,67296.18,2018-04-08
C109348,Sahil Jain,42,Female,Bengaluru,Karnataka,Student,39968.88,669,Savings,64560.77,2017-09-05
C109349,Riya Behera,33,Male,Bhubaneswar,Odisha,Salaried,36365.9,723,Savings,39707.09,2017-04-18
C109350,Neha Rao,39,Female,Delhi,Delhi,Retired,96738.2,608,Savings,123523.04,2025-04-11
C109351,Vivaan Kumar,41,Male,Chandigarh,Chandigarh,Salaried,63443.66,655,Savings,76027.64,2017-06-04
C109352,Sneha Verma,26,Female,Mumbai,Maharashtra,Salaried,175706.23,813,Salary,251199.54,2017-05-05
C109353,Sneha Das,38,Male,Hyderabad,Telangana,Salaried,34229.93,630,Salary,58101.67,2025-11-16
C109354,Kavya Rao,18,Male,Chennai,Tamil Nadu,Salaried,41345.91,706,Savings,65590.65,2023-07-31
C109355,Ankit Patel,41,Female,Hyderabad,Telangana,Business,101943.16,614,Salary,42156.95,2024-03-28
C109356,Rohan Reddy,43,Male,Lucknow,Uttar Pradesh,Salaried,27216.62,727,Savings,23152.59,2018-12-25
C109357,Ananya Rao,43,Male,Indore,Madhya Pradesh,Business,113654.6,742,Salary,87876.29,2017-03-06
C109358,Rahul Roul,32,Female,Chennai,Tamil Nadu,Salaried,28310.5,752,Current,78226.67,2024-04-16
C109359,Aditya Singh,39,Female,Bhubaneswar,Odisha,Salaried,76934.63,735,Savings,146422.01,2020-11-25
C109360,Priya Singh,50,Female,Indore,Madhya Pradesh,Student,19958.5,798,Current,59479.67,2017-11-21
C109361,Sahil Das,50,Female,Pune,Maharashtra,Retired,56382.26,669,Savings,33841.72,2021-08-01
C109362,Karan Mehta,36,Male,Ahmedabad,Gujarat,Salaried,25896.08,636,Current,59620.34,2018-07-14
C109363,Rahul Mehta,37,Female,Chennai,Tamil Nadu,Retired,158663.33,667,Savings,291690.81,2024-11-27
C109364,Sneha Patel,47,Female,Kochi,Kerala,Self-Employed,30506.4,617,Salary,55658.71,2022-12-13
C109365,Aarav Bose,21,Other,Bhubaneswar,Odisha,Salaried,34864.25,710,Savings,35099.74,2016-05-15
C109366,Priya Bose,33,Female,Bhubaneswar,Odisha,Business,73833.86,696,Savings,59532.06,2019-06-05
C109367,Aditi Nayak,49,Female,Pune,Maharashtra,Salaried,39519.98,736,Current,69177.42,2023-03-03
C109368,Aditi Jain,46,Female,Delhi,Delhi,Salaried,80826.71,600,Current,121871.31,2017-06-27
C109369,Aditya Mohanty,40,Male,Delhi,Delhi,Self-Employed,37201.3,704,Savings,74811.04,2024-01-18
C109370,Rohan Kumar,21,Male,Lucknow,Uttar Pradesh,Salaried,35657.52,784,Savings,71304.19,2016-08-02
C109371,Ananya Patel,36,Female,Chandigarh,Chandigarh,Salaried,54172.64,742,Savings,53150.87,2024-01-15
C109372,Priya Singh,30,Female,Chennai,Tamil Nadu,Salaried,28163.35,582,Savings,38641.69,2016-02-23
C109373,Aarav Verma,39,Female,Pune,Maharashtra,Business,68397.39,704,Savings,78694.28,2016-01-04
C109374,Amit Mehta,28,Female,Ahmedabad,Gujarat,Business,89107.84,657,Current,108024.01,2016-01-23
C109375,Karan Reddy,26,Male,Kochi,Kerala,Salaried,74550.84,706,Savings,120344.85,2022-12-23
C109376,Karan Kumar,18,Female,Chennai,Tamil Nadu,Student,78346.22,680,Savings,124960.04,2021-09-23
C109377,Isha Gupta,48,Male,Kochi,Kerala,Salaried,19080.42,818,Salary,39303.52,2020-02-06
C109378,Ananya Sahu,32,Male,Indore,Madhya Pradesh,Business,42667.05,711,Current,82623.95,2020-11-25
C109379,Aarav Mehta,38,Male,Bhubaneswar,Odisha,Student,48542.87,726,Current,59476.19,2020-03-25
C109380,Aditi Behera,36,Female,Chandigarh,Chandigarh,Student,122398.5,702,Savings,40489.35,2023-02-02
C109381,Amit Nayak,25,Male,Kolkata,West Bengal,Self-Employed,39949.42,736,Salary,101791.12,2024-11-07
C109382,Rahul Mishra,23,Female,Kochi,Kerala,Business,15508.36,691,Savings,17481.15,2023-10-31
C109383,Rahul Singh,26,Male,Guwahati,Assam,Salaried,31663.04,755,Savings,500.0,2016-05-21
C109384,Arjun Sharma,29,Male,Jaipur,Rajasthan,Self-Employed,38232.16,680,Savings,51177.4,2021-02-07
C109385,Aditi Reddy,40,Female,Jaipur,Rajasthan,Salaried,16798.14,794,Savings,45945.35,2015-07-17
C109386,Rahul Panda,28,Female,Kolkata,West Bengal,Salaried,93702.0,737,Savings,71564.51,2021-10-20
C109387,Sahil Gupta,53,Male,Ahmedabad,Gujarat,Salaried,23197.96,695,Savings,25570.2,2025-12-10
C109388,Amit Kumar,46,Male,Pune,Maharashtra,Salaried,70291.09,760,Salary,60374.2,2017-03-24
C109389,Sahil Reddy,44,Female,Jaipur,Rajasthan,Self-Employed,30159.95,737,Savings,70377.39,2017-09-14
C109390,Sahil Sharma,35,Male,Bengaluru,Karnataka,Student,125986.48,759,Savings,157948.23,2021-08-27
C109391,Riya Rao,51,Female,Delhi,Delhi,Salaried,47249.81,711,Salary,55471.58,2016-01-10
C109392,Isha Mishra,34,Male,Bengaluru,Karnataka,Salaried,42259.19,689,Savings,24821.51,2022-01-28
C109393,Sahil Roul,36,Male,Bhubaneswar,Odisha,Salaried,73543.21,714,Salary,124898.08,2022-08-12
C109394,Pooja Rao,38,Male,Ahmedabad,Gujarat,Business,31605.08,672,Savings,49025.86,2017-03-21
C109395,Nisha Dasgupta,43,Female,Chennai,Tamil Nadu,Salaried,75481.21,769,Savings,138575.87,2020-07-10
C109396,Rahul Nayak,42,Female,Guwahati,Assam,Salaried,42199.8,800,Current,66467.13,2017-06-06
C109397,Vivaan Singh,31,Male,Jaipur,Rajasthan,Self-Employed,39658.38,743,Salary,78554.66,2016-07-05
C109398,Arjun Kumar,31,Female,Indore,Madhya Pradesh,Business,52413.83,797,Salary,36325.66,2019-07-17
C109399,Neha Bose,42,Female,Pune,Maharashtra,Salaried,30205.21,778,Savings,56540.37,2022-03-22
C109400,Rahul Mishra,43,Female,Bengaluru,Karnataka,Salaried,49518.32,688,Salary,49773.53,2018-08-16
C109401,Aditya Roul,32,Male,Delhi,Delhi,Business,66290.72,759,Current,28414.11,2017-07-13
C109402,Kavya Behera,20,Male,Chennai,Tamil Nadu,Salaried,15448.71,622,Salary,14153.74,2015-06-10
C109403,Nisha Bose,34,Female,Kochi,Kerala,Salaried,100238.5,717,Salary,98501.5,2024-11-23
C109404,Aditya Bose,42,Male,Pune,Maharashtra,Self-Employed,86152.69,628,Premium Savings,39318.84,2019-07-24
C109405,Arjun Sharma,54,Male,Mumbai,Maharashtra,Retired,19832.38,698,Savings,56984.72,2024-08-02
C109406,Vivaan Panda,24,Female,Jaipur,Rajasthan,Salaried,18203.16,611,Savings,8766.99,2015-05-23
C109407,Sneha Singh,32,Male,Pune,Maharashtra,Self-Employed,87390.08,776,Savings,173300.44,2023-02-10
C109408,Ankit Das,32,Male,Kochi,Kerala,Salaried,83748.53,679,Current,93968.14,2015-11-11
C109409,Neha Verma,50,Male,Mumbai,Maharashtra,Student,77478.64,764,Current,159322.47,2025-09-21
C109410,Pooja Bose,36,Female,Chennai,Tamil Nadu,Salaried,25091.4,700,Savings,13372.29,2015-12-10
C109411,Aditi Sahu,27,Male,Bengaluru,Karnataka,Self-Employed,150368.12,585,Savings,126893.8,2025-04-18
C109412,Karan Mehta,42,Female,Chennai,Tamil Nadu,Student,36309.62,674,Current,13898.63,2023-05-31
C109413,Ananya Bose,32,Female,Kolkata,West Bengal,Retired,62742.89,671,Current,52108.93,2021-11-11
C109414,Kavya Mohanty,24,Female,Kochi,Kerala,Business,63168.87,704,Savings,114380.12,2023-07-16
C109415,Ankit Verma,27,Male,Chandigarh,Chandigarh,Salaried,132084.96,803,Premium Savings,115407.4,2020-08-30
C109416,Rahul Sahu,53,Male,Ahmedabad,Gujarat,Salaried,58919.68,814,Savings,50964.16,2020-07-27
C109417,Karan Nayak,40,Female,Pune,Maharashtra,Salaried,69133.95,690,Premium Savings,26932.81,2023-07-04
C109418,Isha Bose,37,Male,Jaipur,Rajasthan,Self-Employed,52715.73,623,Savings,103365.6,2025-10-14
C109419,Riya Singh,34,Female,Bhubaneswar,Odisha,Business,28480.04,657,Savings,47664.55,2018-09-03
C109420,Karan Rao,39,Male,Mumbai,Maharashtra,Business,15364.66,736,Savings,12206.32,2019-05-14
C109421,Rahul Mehta,39,Female,Chennai,Tamil Nadu,Salaried,55994.42,698,Salary,63074.21,2016-01-26
C109422,Ankit Nayak,39,Male,Jaipur,Rajasthan,Business,25293.15,603,Savings,38667.15,2020-03-06
C109423,Rohan Singh,37,Female,Chandigarh,Chandigarh,Student,66681.71,672,Savings,57277.75,2025-10-10
C109424,Priya Roul,45,Male,Guwahati,Assam,Student,59688.88,790,Premium Savings,93551.83,2020-08-12
C109425,Priya Kumar,36,Male,Mumbai,Maharashtra,Business,58895.91,724,Salary,30289.52,2024-08-16
C109426,Aditya Mohanty,26,Female,Chandigarh,Chandigarh,Self-Employed,30821.87,708,Savings,26213.72,2019-07-26
C109427,Isha Dasgupta,30,Female,Kolkata,West Bengal,Self-Employed,97264.34,680,Current,36562.69,2023-09-26
C109428,Rohan Dasgupta,18,Female,Kochi,Kerala,Salaried,71411.38,675,Savings,70853.1,2021-03-13
C109429,Aarav Mehta,56,Female,Chennai,Tamil Nadu,Salaried,28714.39,740,Current,30279.38,2023-01-29
C109430,Vivaan Mishra,45,Female,Chennai,Tamil Nadu,Self-Employed,171577.38,714,Savings,199118.87,2024-09-09
C109431,Sahil Mehta,28,Male,Delhi,Delhi,Salaried,48979.31,755,Savings,42068.36,2020-11-18
C109432,Ananya Mishra,33,Male,Guwahati,Assam,Self-Employed,26402.95,741,Current,50897.2,2024-12-31
C109433,Riya Bose,30,Female,Bhubaneswar,Odisha,Self-Employed,36242.76,706,Savings,55717.06,2015-02-04
C109434,Rohan Bose,51,Male,Indore,Madhya Pradesh,Self-Employed,23985.35,730,Savings,2042.72,2015-02-13
C109435,Kavya Das,22,Female,Kolkata,West Bengal,Salaried,116165.74,666,Premium Savings,45624.6,2025-03-22
C109436,Aarav Gupta,37,Male,Mumbai,Maharashtra,Salaried,99641.6,702,Salary,68018.57,2017-01-27
C109437,Pooja Jain,35,Male,Delhi,Delhi,Salaried,82603.08,792,Savings,127937.28,2017-05-04
C109438,Kavya Sahu,44,Male,Chennai,Tamil Nadu,Salaried,74474.83,706,Savings,108721.32,2024-03-14
C109439,Sneha Jain,35,Female,Pune,Maharashtra,Retired,109280.87,691,Current,68944.85,2015-04-19
C109440,Vivaan Dasgupta,18,Female,Ahmedabad,Gujarat,Salaried,48145.92,719,Salary,79317.56,2024-02-03
C109441,Rahul Dasgupta,33,Male,Chennai,Tamil Nadu,Salaried,69393.79,629,Salary,60773.5,2015-05-01
C109442,Riya Rao,26,Male,Jaipur,Rajasthan,Salaried,35191.09,719,Current,32425.06,2021-07-28
C109443,Ankit Mehta,37,Female,Guwahati,Assam,Self-Employed,50548.66,815,Savings,114528.57,2016-03-13
C109444,Isha Mohanty,50,Male,Indore,Madhya Pradesh,Self-Employed,70448.06,652,Salary,124167.96,2018-10-02
C109445,Aditya Singh,19,Female,Chandigarh,Chandigarh,Salaried,12000.0,722,Savings,500.0,2023-09-25
C109446,Vivaan Rao,28,Female,Chennai,Tamil Nadu,Student,39114.46,703,Salary,47678.67,2019-08-27
C109447,Priya Roul,30,Female,Guwahati,Assam,Business,60224.31,702,Savings,52679.75,2016-04-03
C109448,Aditya Roul,32,Female,Kolkata,West Bengal,Salaried,52704.42,701,Current,500.0,2021-03-01
C109449,Sneha Dasgupta,43,Male,Chandigarh,Chandigarh,Self-Employed,42884.7,751,Current,79485.79,2016-06-07
C109450,Ananya Behera,34,Female,Chandigarh,Chandigarh,Salaried,76048.15,634,Savings,120500.89,2024-05-23
C109451,Karan Kumar,40,Female,Bengaluru,Karnataka,Salaried,37266.37,750,Savings,33128.37,2021-09-12
C109452,Ananya Singh,30,Female,Jaipur,Rajasthan,Business,28086.36,709,Salary,38292.26,2020-11-15
C109453,Sneha Singh,38,Male,Mumbai,Maharashtra,Salaried,105467.68,590,Savings,109295.19,2025-05-14
C109454,Arjun Patel,44,Female,Mumbai,Maharashtra,Salaried,97591.45,730,Savings,74066.87,2015-02-23
C109455,Kavya Nayak,29,Female,Guwahati,Assam,Salaried,39559.31,712,Current,31581.44,2017-09-28
C109456,Aditya Gupta,44,Female,Lucknow,Uttar Pradesh,Salaried,52960.76,648,Premium Savings,84538.72,2022-09-20
C109457,Sahil Mishra,37,Male,Chennai,Tamil Nadu,Student,87586.56,715,Savings,156323.12,2019-03-26
C109458,Aarav Kumar,46,Male,Kochi,Kerala,Salaried,56348.3,619,Current,92756.54,2018-09-29
C109459,Aarav Jain,34,Female,Kolkata,West Bengal,Salaried,73622.26,660,Savings,22384.32,2020-04-18
C109460,Aditya Gupta,40,Male,Ahmedabad,Gujarat,Self-Employed,71442.64,707,Current,125941.27,2022-02-21
C109461,Ankit Verma,36,Male,Chennai,Tamil Nadu,Salaried,46145.04,595,Premium Savings,89068.12,2022-11-18
C109462,Rahul Panda,35,Female,Jaipur,Rajasthan,Salaried,73046.15,630,Savings,107299.25,2020-07-30
C109463,Aditi Jain,39,Male,Pune,Maharashtra,Salaried,32350.01,640,Premium Savings,15457.58,2017-12-16
C109464,Ankit Verma,41,Male,Lucknow,Uttar Pradesh,Salaried,68318.74,710,Salary,60804.89,2023-03-07
C109465,Pooja Nayak,24,Male,Kolkata,West Bengal,Salaried,52803.61,734,Current,113371.94,2018-03-07
C109466,Sahil Roul,50,Male,Guwahati,Assam,Salaried,45102.47,647,Salary,31127.86,2024-03-25
C109467,Karan Reddy,18,Male,Indore,Madhya Pradesh,Salaried,27705.43,643,Salary,36502.98,2025-12-23
C109468,Aditi Behera,29,Male,Mumbai,Maharashtra,Self-Employed,59130.44,714,Salary,99664.85,2021-09-07
C109469,Kavya Kumar,35,Male,Pune,Maharashtra,Salaried,56177.98,712,Savings,43394.15,2016-05-05
C109470,Arjun Verma,40,Female,Jaipur,Rajasthan,Retired,34658.16,659,Salary,49041.96,2025-10-08
C109471,Amit Mishra,52,Female,Bengaluru,Karnataka,Salaried,22852.34,824,Savings,54272.04,2023-02-16
C109472,Amit Gupta,18,Male,Bengaluru,Karnataka,Business,22261.79,717,Salary,65631.31,2025-03-07
C109473,Nisha Mohanty,31,Male,Bengaluru,Karnataka,Business,47827.13,694,Savings,68991.84,2019-08-29
C109474,Rohan Behera,18,Male,Mumbai,Maharashtra,Salaried,65098.85,680,Current,47488.87,2025-04-12
C109475,Neha Behera,36,Female,Chennai,Tamil Nadu,Business,152142.5,771,Salary,197264.37,2015-01-13
C109476,Pooja Sharma,39,Female,Lucknow,Uttar Pradesh,Business,53650.89,740,Savings,72375.7,2024-11-22
C109477,Aditya Sharma,52,Male,Kolkata,West Bengal,Salaried,22496.75,592,Salary,16303.77,2021-12-18
C109478,Vivaan Roul,37,Male,Delhi,Delhi,Retired,49083.76,660,Premium Savings,44466.08,2022-08-17
C109479,Ankit Mishra,46,Female,Delhi,Delhi,Salaried,109462.7,676,Savings,175032.15,2017-05-25
C109480,Ankit Nayak,42,Female,Chandigarh,Chandigarh,Salaried,37780.59,704,Savings,33360.75,2019-05-24
C109481,Aditi Behera,32,Male,Pune,Maharashtra,Business,101754.71,746,Current,132364.71,2019-02-15
C109482,Kavya Verma,22,Female,Chandigarh,Chandigarh,Salaried,60581.03,635,Current,58641.98,2021-11-02
C109483,Riya Verma,39,Female,Indore,Madhya Pradesh,Business,78501.52,700,Savings,145520.86,2023-11-19
C109484,Riya Sahu,21,Female,Indore,Madhya Pradesh,Student,152887.75,815,Salary,110930.99,2018-11-17
C109485,Aditya Bose,49,Male,Chandigarh,Chandigarh,Retired,20022.13,707,Salary,57188.24,2016-07-02
C109486,Isha Bose,34,Other,Hyderabad,Telangana,Salaried,90054.09,660,Savings,85877.03,2024-12-07
C109487,Aditya Rao,48,Male,Kochi,Kerala,Retired,52208.62,618,Current,45988.19,2015-08-26
C109488,Isha Jain,31,Female,Mumbai,Maharashtra,Salaried,32631.69,673,Current,44446.52,2015-11-09
C109489,Vivaan Singh,39,Female,Indore,Madhya Pradesh,Salaried,52038.52,635,Savings,86980.72,2018-06-28
C109490,Arjun Verma,38,Male,Mumbai,Maharashtra,Self-Employed,139402.75,679,Premium Savings,228424.43,2021-10-08
C109491,Nisha Panda,36,Female,Chennai,Tamil Nadu,Self-Employed,114612.11,740,Savings,199482.95,2015-10-18
C109492,Rahul Rao,32,Male,Jaipur,Rajasthan,Salaried,18300.72,707,Current,14682.2,2024-01-25
C109493,Aditi Gupta,40,Male,Guwahati,Assam,Self-Employed,36014.49,674,Savings,79900.08,2016-05-19
C109494,Karan Mohanty,27,Male,Chennai,Tamil Nadu,Salaried,92381.34,589,Savings,48215.03,2024-10-06
C109495,Neha Mishra,24,Female,Delhi,Delhi,Self-Employed,54346.16,759,Savings,115263.13,2020-11-24
C109496,Isha Singh,48,Male,Delhi,Delhi,Retired,54457.79,682,Savings,40773.09,2022-03-03
C109497,Kavya Nayak,43,Female,Kolkata,West Bengal,Self-Employed,23213.96,712,Salary,57543.64,2023-08-28
C109498,Nisha Patel,37,Male,Mumbai,Maharashtra,Salaried,36500.32,646,Savings,66121.39,2021-06-13
C109499,Karan Roul,53,Male,Guwahati,Assam,Business,26057.87,678,Current,13466.83,2018-03-20
C109500,Arjun Das,33,Male,Kochi,Kerala,Salaried,22153.79,667,Premium Savings,29394.32,2016-03-21
C109501,Rohan Das,49,Female,Chandigarh,Chandigarh,Business,27538.29,618,Savings,63551.12,2021-01-17
C109502,Amit Behera,38,Male,Indore,Madhya Pradesh,Salaried,33012.27,646,Salary,65015.7,2018-04-12
C109503,Priya Gupta,26,Male,Kolkata,West Bengal,Salaried,36187.75,704,Savings,43113.04,2017-07-14
C109504,Riya Patel,54,Male,Kolkata,West Bengal,Salaried,34610.66,724,Savings,91084.62,2017-08-05
C109505,Pooja Sharma,46,Male,Mumbai,Maharashtra,Salaried,96407.5,661,Current,109880.1,2019-06-15
C109506,Ankit Mohanty,35,Female,Bhubaneswar,Odisha,Self-Employed,33394.92,627,Salary,41459.08,2020-12-10
C109507,Karan Kumar,43,Female,Ahmedabad,Gujarat,Salaried,120510.24,682,Savings,130070.34,2020-05-09
C109508,Ankit Bose,32,Male,Jaipur,Rajasthan,Student,42146.28,756,Salary,36882.2,2018-11-05
C109509,Karan Jain,44,Male,Indore,Madhya Pradesh,Self-Employed,70027.81,644,Savings,99262.53,2024-05-25
C109510,Riya Mohanty,18,Female,Chennai,Tamil Nadu,Salaried,71269.03,706,Current,98970.8,2015-04-19
C109511,Ankit Mohanty,26,Male,Lucknow,Uttar Pradesh,Business,33566.19,662,Current,47632.1,2021-07-30
C109512,Kavya Rao,46,Female,Hyderabad,Telangana,Self-Employed,45919.2,778,Current,96438.86,2016-07-24
C109513,Sahil Sharma,34,Male,Hyderabad,Telangana,Business,41708.88,672,Premium Savings,56080.46,2023-06-26
C109514,Pooja Sharma,38,Male,Chennai,Tamil Nadu,Self-Employed,67503.24,748,Premium Savings,64962.26,2019-07-27
C109515,Amit Jain,23,Female,Mumbai,Maharashtra,Salaried,51237.35,771,Savings,1296.2,2017-03-08
C109516,Sneha Sahu,54,Female,Ahmedabad,Gujarat,Business,36441.71,805,Savings,71589.16,2016-11-29
C109517,Ananya Jain,48,Male,Chandigarh,Chandigarh,Salaried,58722.05,617,Salary,26581.05,2024-02-21
C109518,Aarav Sharma,34,Male,Jaipur,Rajasthan,Salaried,66295.5,614,Salary,66997.53,2023-02-09
C109519,Pooja Jain,32,Male,Kochi,Kerala,Student,152148.61,781,Savings,226051.81,2016-10-07
C109520,Rahul Das,46,Female,Hyderabad,Telangana,Salaried,57099.92,770,Savings,96996.93,2025-07-23
C109521,Riya Singh,56,Female,Mumbai,Maharashtra,Self-Employed,55303.59,665,Salary,81688.69,2017-06-02
C109522,Arjun Das,46,Male,Indore,Madhya Pradesh,Salaried,69613.08,495,Savings,67990.74,2021-10-20
C109523,Riya Singh,58,Male,Bengaluru,Karnataka,Salaried,32627.71,710,Savings,23124.45,2021-10-01
C109524,Arjun Panda,27,Male,Bengaluru,Karnataka,Salaried,21291.39,606,Savings,38217.38,2020-09-02
C109525,Karan Bose,28,Male,Hyderabad,Telangana,Self-Employed,46324.78,651,Current,83208.42,2016-08-28
C109526,Neha Dasgupta,24,Male,Guwahati,Assam,Salaried,99185.09,717,Savings,189087.02,2015-10-29
C109527,Rohan Rao,40,Female,Delhi,Delhi,Salaried,108395.51,726,Current,142223.95,2017-09-10
C109528,Riya Gupta,38,Male,Mumbai,Maharashtra,Business,19563.62,808,Savings,20436.97,2020-01-23
C109529,Pooja Singh,34,Male,Hyderabad,Telangana,Salaried,79334.8,681,Salary,32167.86,2018-01-31
C109530,Neha Gupta,44,Female,Ahmedabad,Gujarat,Salaried,16538.55,642,Savings,16531.85,2018-10-04
C109531,Karan Behera,48,Male,Bhubaneswar,Odisha,Business,70801.66,765,Savings,78520.49,2018-10-15
C109532,Karan Roul,21,Male,Guwahati,Assam,Student,68510.07,730,Salary,37295.4,2019-09-10
C109533,Aarav Nayak,30,Male,Kochi,Kerala,Salaried,21309.31,681,Savings,46496.05,2015-11-11
C109534,Ananya Panda,44,Male,Chennai,Tamil Nadu,Student,95331.34,707,Current,69307.25,2016-01-13
C109535,Neha Panda,31,Female,Kolkata,West Bengal,Salaried,143515.48,680,Premium Savings,78511.79,2017-11-11
C109536,Rohan Patel,28,Female,Delhi,Delhi,Salaried,53142.08,750,Savings,78916.7,2025-06-21
C109537,Sneha Jain,46,Male,Bhubaneswar,Odisha,Student,59434.99,815,Savings,146586.35,2015-05-30
C109538,Sneha Patel,23,Male,Chandigarh,Chandigarh,Student,124070.15,658,Savings,94269.26,2022-10-19
C109539,Sahil Dasgupta,33,Male,Hyderabad,Telangana,Salaried,29602.26,732,Savings,35782.7,2023-05-14
C109540,Ananya Mishra,39,Female,Pune,Maharashtra,Salaried,30016.3,606,Salary,50258.01,2024-08-12
C109541,Arjun Das,30,Female,Indore,Madhya Pradesh,Salaried,34662.98,635,Savings,55405.44,2023-03-13
C109542,Karan Gupta,44,Male,Chandigarh,Chandigarh,Salaried,56133.25,742,Savings,43206.76,2018-04-19
C109543,Sahil Roul,30,Male,Bhubaneswar,Odisha,Business,56050.99,700,Savings,15100.41,2016-06-16
C109544,Priya Bose,50,Male,Kochi,Kerala,Self-Employed,40569.78,633,Salary,90104.9,2020-10-29
C109545,Sahil Panda,35,Female,Delhi,Delhi,Salaried,46621.83,706,Salary,82253.69,2021-01-04
C109546,Riya Reddy,43,Female,Chennai,Tamil Nadu,Self-Employed,40877.13,762,Savings,23537.08,2019-07-27
C109547,Arjun Bose,43,Female,Delhi,Delhi,Student,41965.3,611,Current,41187.06,2025-07-19
C109548,Ankit Sahu,30,Male,Chennai,Tamil Nadu,Salaried,36040.61,819,Salary,40093.91,2023-05-19
C109549,Ananya Kumar,18,Female,Chandigarh,Chandigarh,Business,36201.17,742,Savings,33501.6,2015-06-25
C109550,Rahul Gupta,40,Female,Jaipur,Rajasthan,Student,18298.41,744,Current,25061.06,2024-04-20
C109551,Rohan Kumar,37,Female,Delhi,Delhi,Salaried,48633.47,705,Premium Savings,70110.2,2019-02-11
C109552,Aarav Jain,42,Male,Chandigarh,Chandigarh,Business,18760.71,819,Current,27959.47,2022-01-26
C109553,Amit Mohanty,34,Female,Kochi,Kerala,Business,83107.98,768,Savings,44728.62,2015-03-29
C109554,Riya Reddy,32,Male,Hyderabad,Telangana,Salaried,40422.17,681,Savings,24333.77,2023-09-22
C109555,Kavya Sharma,56,Female,Chandigarh,Chandigarh,Salaried,51503.92,754,Savings,74898.86,2023-11-19
C109556,Ankit Dasgupta,21,Male,Delhi,Delhi,Self-Employed,44793.72,657,Savings,58397.69,2018-10-14
C109557,Amit Jain,43,Female,Bengaluru,Karnataka,Self-Employed,48089.82,687,Current,41415.89,2017-08-31
C109558,Sahil Bose,30,Female,Jaipur,Rajasthan,Self-Employed,110188.15,800,Current,218731.88,2020-07-09
C109559,Arjun Reddy,33,Male,Kolkata,West Bengal,Salaried,26154.21,730,Salary,23675.16,2025-06-29
C109560,Neha Mehta,33,Female,Hyderabad,Telangana,Business,22522.37,748,Savings,43403.65,2019-06-08
C109561,Nisha Verma,28,Male,Chandigarh,Chandigarh,Salaried,58732.19,781,Salary,90851.92,2019-10-22
C109562,Ananya Dasgupta,42,Male,Mumbai,Maharashtra,Salaried,41871.25,741,Savings,69284.76,2019-11-19
C109563,Ananya Panda,50,Male,Kolkata,West Bengal,Salaried,67029.07,652,Savings,21924.45,2025-11-01
C109564,Sahil Das,41,Male,Delhi,Delhi,Business,81569.11,813,Savings,93043.67,2023-11-13
C109565,Aditya Behera,37,Female,Bhubaneswar,Odisha,Salaried,29929.49,739,Savings,23352.93,2023-05-05
C109566,Amit Rao,26,Male,Bhubaneswar,Odisha,Salaried,76645.97,743,Savings,115441.77,2015-07-09
C109567,Nisha Roul,41,Female,Bengaluru,Karnataka,Salaried,31351.57,709,Savings,35747.87,2020-10-28
C109568,Arjun Roul,58,Female,Chennai,Tamil Nadu,Salaried,57302.8,777,Current,20731.59,2022-10-12
C109569,Neha Roul,32,Female,Mumbai,Maharashtra,Salaried,27855.51,829,Savings,68045.85,2016-01-29
C109570,Sneha Mehta,32,Female,Jaipur,Rajasthan,Self-Employed,59146.19,681,Savings,101059.37,2016-04-22
C109571,Nisha Rao,30,Male,Lucknow,Uttar Pradesh,Business,54372.07,774,Salary,127394.93,2023-05-16
C109572,Rohan Rao,31,Female,Kolkata,West Bengal,Business,29985.74,707,Current,11248.75,2016-06-11
C109573,Sneha Mohanty,18,Male,Chennai,Tamil Nadu,Salaried,26054.93,575,Savings,19353.35,2019-10-14
C109574,Neha Bose,40,Female,Kolkata,West Bengal,Salaried,83111.61,614,Salary,51149.37,2023-10-02
C109575,Kavya Rao,28,Female,Ahmedabad,Gujarat,Retired,42870.46,733,Current,72576.23,2024-06-29
C109576,Kavya Verma,20,Female,Bhubaneswar,Odisha,Salaried,95961.8,771,Savings,92164.21,2015-03-15
C109577,Nisha Roul,44,Male,Bhubaneswar,Odisha,Business,40791.21,745,Savings,99796.72,2025-07-12
C109578,Ananya Dasgupta,25,Female,Kolkata,West Bengal,Student,112565.14,755,Current,53760.2,2015-06-22
C109579,Neha Reddy,33,Female,Lucknow,Uttar Pradesh,Business,32645.89,850,Current,21117.99,2025-08-02
C109580,Karan Nayak,51,Female,Jaipur,Rajasthan,Salaried,123636.25,739,Salary,41411.41,2017-03-01
C109581,Aditya Rao,22,Male,Indore,Madhya Pradesh,Salaried,60535.97,688,Savings,92252.52,2024-10-23
C109582,Sahil Behera,21,Female,Hyderabad,Telangana,Salaried,68526.56,697,Current,102690.01,2015-08-15
C109583,Aditya Panda,39,Male,Bengaluru,Karnataka,Self-Employed,31662.08,811,Current,59715.53,2020-10-31
C109584,Ananya Mishra,47,Female,Bengaluru,Karnataka,Self-Employed,82138.06,623,Current,77235.37,2024-12-03
C109585,Riya Sharma,20,Female,Hyderabad,Telangana,Business,83721.32,785,Savings,101983.09,2017-04-12
C109586,Riya Dasgupta,40,Male,Bengaluru,Karnataka,Salaried,46011.62,706,Savings,78369.42,2019-01-19
C109587,Ankit Das,42,Male,Mumbai,Maharashtra,Business,17007.18,651,Savings,22925.65,2019-05-19
C109588,Neha Rao,18,Female,Hyderabad,Telangana,Business,29814.73,611,Premium Savings,74486.64,2019-06-18
C109589,Rahul Roul,44,Male,Jaipur,Rajasthan,Salaried,29812.23,801,Savings,40149.66,2024-12-02
C109590,Karan Behera,45,Male,Lucknow,Uttar Pradesh,Salaried,70419.99,649,Savings,32421.16,2021-10-24
C109591,Aditi Sharma,33,Female,Pune,Maharashtra,Self-Employed,42587.7,709,Savings,33387.6,2015-12-29
C109592,Kavya Jain,49,Female,Mumbai,Maharashtra,Self-Employed,43045.08,642,Salary,41669.31,2024-03-05
C109593,Arjun Verma,47,Female,Kochi,Kerala,Salaried,40280.26,833,Current,45402.72,2024-10-08
C109594,Aarav Patel,37,Male,Chandigarh,Chandigarh,Salaried,123401.45,711,Savings,150530.79,2023-07-22
C109595,Arjun Reddy,31,Male,Chennai,Tamil Nadu,Business,56389.15,617,Salary,71376.35,2015-04-22
C109596,Aditya Mishra,26,Female,Hyderabad,Telangana,Salaried,61319.04,677,Premium Savings,43540.1,2019-05-02
C109597,Aditi Kumar,36,Female,Kochi,Kerala,Salaried,39121.37,796,Savings,30079.49,2016-09-22
C109598,Priya Nayak,42,Female,Pune,Maharashtra,Business,54110.7,642,Savings,32613.22,2022-09-06
C109599,Isha Sharma,33,Female,Chennai,Tamil Nadu,Self-Employed,32159.38,682,Premium Savings,64322.67,2020-02-10
C109600,Ankit Nayak,18,Male,Ahmedabad,Gujarat,Self-Employed,66445.48,782,Current,110702.32,2015-10-25
C109601,Rohan Roul,49,Male,Kochi,Kerala,Salaried,29274.85,727,Savings,41535.34,2018-08-05
C109602,Neha Gupta,38,Female,Mumbai,Maharashtra,Self-Employed,82818.72,626,Savings,55324.95,2025-07-18
C109603,Kavya Behera,32,Female,Bhubaneswar,Odisha,Self-Employed,36712.21,720,Savings,47762.03,2023-05-11
C109604,Rohan Reddy,45,Female,Lucknow,Uttar Pradesh,Retired,92661.14,695,Current,76535.8,2017-05-21
C109605,Sahil Panda,51,Female,Bhubaneswar,Odisha,Salaried,157015.58,708,Savings,187131.51,2016-02-14
C109606,Aditi Sharma,18,Female,Chennai,Tamil Nadu,Salaried,55033.32,767,Savings,41569.75,2025-09-07
C109607,Aditya Sharma,40,Female,Chandigarh,Chandigarh,Salaried,113150.81,721,Savings,182732.27,2016-12-19
C109608,Isha Jain,22,Male,Hyderabad,Telangana,Self-Employed,83148.66,699,Savings,103384.15,2023-08-11
C109609,Arjun Jain,41,Other,Chennai,Tamil Nadu,Self-Employed,25010.68,696,Savings,21636.91,2017-06-14
C109610,Sahil Mohanty,37,Female,Mumbai,Maharashtra,Salaried,58460.04,775,Salary,91881.37,2017-11-06
C109611,Aditi Sharma,42,Male,Delhi,Delhi,Salaried,72456.94,658,Savings,60607.11,2025-01-24
C109612,Ankit Behera,31,Female,Chandigarh,Chandigarh,Salaried,76407.18,564,Current,33626.04,2018-10-26
C109613,Nisha Reddy,18,Male,Delhi,Delhi,Salaried,60663.79,690,Savings,104779.33,2018-12-28
C109614,Priya Rao,31,Female,Bengaluru,Karnataka,Retired,60235.05,730,Current,9505.06,2015-08-02
C109615,Amit Bose,40,Male,Bhubaneswar,Odisha,Business,55154.11,678,Savings,99027.76,2024-03-02
C109616,Aarav Jain,46,Female,Pune,Maharashtra,Salaried,59179.79,671,Savings,90207.19,2019-10-27
C109617,Pooja Behera,24,Female,Delhi,Delhi,Salaried,28059.01,681,Salary,60959.83,2020-09-16
C109618,Nisha Jain,46,Female,Hyderabad,Telangana,Salaried,48299.31,703,Savings,77217.47,2021-03-03
C109619,Pooja Mishra,30,Female,Mumbai,Maharashtra,Business,24734.36,621,Current,71562.63,2017-01-21
C109620,Sneha Mohanty,40,Female,Lucknow,Uttar Pradesh,Salaried,41831.01,748,Salary,67872.48,2019-11-22
C109621,Rohan Patel,31,Male,Guwahati,Assam,Retired,39741.27,532,Salary,42356.17,2021-06-01
C109622,Nisha Jain,38,Male,Ahmedabad,Gujarat,Business,38369.72,740,Premium Savings,74802.3,2016-03-21
C109623,Arjun Patel,45,Female,Indore,Madhya Pradesh,Self-Employed,30837.41,725,Savings,76050.63,2020-06-11
C109624,Rohan Roul,24,Male,Ahmedabad,Gujarat,Business,63779.75,737,Salary,50041.51,2022-01-09
C109625,Pooja Das,29,Male,Bhubaneswar,Odisha,Business,46172.97,580,Current,49246.68,2024-07-03
C109626,Neha Nayak,38,Male,Hyderabad,Telangana,Salaried,43645.44,724,Savings,44333.89,2020-06-10
C109627,Amit Das,60,Male,Mumbai,Maharashtra,Self-Employed,25359.86,670,Savings,86273.69,2019-10-05
C109628,Vivaan Verma,27,Female,Guwahati,Assam,Self-Employed,46689.04,809,Salary,81451.23,2023-07-23
C109629,Isha Jain,56,Female,Ahmedabad,Gujarat,Salaried,103273.03,729,Savings,167114.06,2021-04-18
C109630,Nisha Panda,56,Male,Indore,Madhya Pradesh,Salaried,104144.22,629,Current,43687.81,2022-03-23
C109631,Pooja Das,35,Female,Guwahati,Assam,Salaried,67543.05,595,Savings,32521.71,2025-02-13
C109632,Sahil Verma,33,Male,Bhubaneswar,Odisha,Salaried,46758.61,665,Salary,54450.75,2016-08-07
C109633,Aditi Rao,29,Female,Delhi,Delhi,Salaried,74796.7,758,Current,32640.17,2021-12-19
C109634,Arjun Verma,35,Male,Delhi,Delhi,Student,38102.84,780,Savings,55155.23,2017-05-13
C109635,Ananya Mohanty,22,Female,Mumbai,Maharashtra,Business,46653.34,717,Savings,25985.3,2020-11-18
C109636,Aditi Roul,35,Male,Chennai,Tamil Nadu,Business,36559.67,710,Salary,39612.34,2024-04-28
C109637,Rohan Rao,51,Male,Kochi,Kerala,Self-Employed,90643.54,683,Savings,42626.79,2017-12-16
C109638,Pooja Sharma,30,Female,Kolkata,West Bengal,Business,84464.93,704,Savings,51451.15,2018-04-04
C109639,Arjun Kumar,34,Male,Kochi,Kerala,Retired,53960.8,784,Current,69350.67,2023-05-29
C109640,Priya Nayak,19,Female,Indore,Madhya Pradesh,Salaried,142525.65,682,Savings,139702.57,2025-10-19
C109641,Aditi Kumar,40,Female,Hyderabad,Telangana,Business,69007.57,748,Savings,24818.33,2015-06-15
C109642,Pooja Rao,39,Male,Bhubaneswar,Odisha,Salaried,66903.97,671,Salary,67232.52,2016-04-19
C109643,Karan Das,37,Female,Pune,Maharashtra,Student,63076.57,771,Savings,85849.26,2017-09-18
C109644,Neha Sharma,34,Male,Bengaluru,Karnataka,Student,27469.48,743,Savings,32680.51,2018-05-30
C109645,Nisha Sahu,33,Female,Pune,Maharashtra,Student,33632.04,768,Salary,66163.35,2025-01-19
C109646,Isha Mehta,41,Other,Lucknow,Uttar Pradesh,Salaried,53371.79,827,Premium Savings,47718.03,2021-03-21
C109647,Neha Bose,36,Male,Chandigarh,Chandigarh,Salaried,53614.65,537,Salary,51409.45,2015-01-21
C109648,Riya Dasgupta,39,Female,Kochi,Kerala,Salaried,76073.7,754,Current,123313.27,2023-11-26
C109649,Riya Sahu,38,Male,Guwahati,Assam,Salaried,38092.08,735,Savings,42731.64,2020-12-01
C109650,Aditya Patel,47,Female,Chandigarh,Chandigarh,Self-Employed,57180.38,734,Premium Savings,28953.71,2020-01-07
C109651,Isha Mehta,43,Male,Ahmedabad,Gujarat,Salaried,57745.26,721,Salary,100294.98,2023-10-01
C109652,Aditi Rao,38,Male,Mumbai,Maharashtra,Business,59017.88,721,Current,94370.6,2017-03-05
C109653,Karan Verma,51,Other,Lucknow,Uttar Pradesh,Salaried,55498.79,727,Salary,64040.32,2018-11-04
C109654,Isha Jain,40,Male,Lucknow,Uttar Pradesh,Student,25411.99,764,Current,5316.17,2018-05-07
C109655,Kavya Panda,49,Female,Bengaluru,Karnataka,Salaried,15857.82,759,Premium Savings,18731.84,2017-08-30
C109656,Ankit Roul,42,Female,Indore,Madhya Pradesh,Salaried,32765.08,703,Salary,42181.85,2020-05-07
C109657,Karan Sahu,18,Female,Guwahati,Assam,Self-Employed,41067.44,693,Current,65681.03,2024-09-04
C109658,Sahil Gupta,49,Female,Jaipur,Rajasthan,Self-Employed,28765.73,706,Premium Savings,43321.38,2022-06-25
C109659,Kavya Patel,37,Male,Delhi,Delhi,Salaried,53341.39,678,Savings,85331.13,2025-03-27
C109660,Rohan Jain,35,Male,Bhubaneswar,Odisha,Student,100172.33,821,Salary,143424.24,2021-03-03
C109661,Karan Singh,39,Female,Hyderabad,Telangana,Self-Employed,81994.44,622,Savings,170461.61,2023-04-06
C109662,Kavya Jain,33,Female,Kochi,Kerala,Student,71080.75,754,Salary,27141.37,2025-01-08
C109663,Kavya Sahu,38,Male,Indore,Madhya Pradesh,Student,94561.85,753,Savings,111509.18,2020-12-05
C109664,Ananya Behera,30,Male,Pune,Maharashtra,Self-Employed,33075.42,671,Premium Savings,49082.72,2016-07-13
C109665,Sneha Gupta,49,Female,Kochi,Kerala,Student,42781.05,724,Savings,61630.13,2019-07-27
C109666,Priya Bose,35,Other,Delhi,Delhi,Student,77130.51,787,Current,128283.39,2015-07-08
C109667,Pooja Jain,32,Female,Indore,Madhya Pradesh,Retired,42365.81,684,Savings,36992.7,2017-05-18
C109668,Sneha Behera,27,Female,Jaipur,Rajasthan,Student,43659.84,790,Salary,68460.07,2017-08-15
C109669,Sahil Panda,39,Male,Indore,Madhya Pradesh,Business,153187.66,778,Savings,261177.62,2022-03-27
C109670,Sahil Mohanty,38,Female,Chandigarh,Chandigarh,Salaried,57964.24,659,Salary,15391.6,2019-03-14
C109671,Aditya Verma,40,Female,Lucknow,Uttar Pradesh,Salaried,145086.13,633,Salary,252444.27,2021-11-22
C109672,Ananya Mishra,26,Male,Chandigarh,Chandigarh,Student,20176.53,716,Salary,73223.0,2023-02-12
C109673,Sahil Mohanty,20,Male,Kolkata,West Bengal,Business,38875.21,624,Savings,25918.16,2016-05-23
C109674,Sahil Mehta,42,Male,Indore,Madhya Pradesh,Salaried,68867.36,516,Savings,69285.57,2015-08-07
C109675,Vivaan Singh,51,Female,Bhubaneswar,Odisha,Salaried,57909.77,673,Salary,55773.61,2016-02-24
C109676,Sahil Sharma,26,Male,Hyderabad,Telangana,Business,17757.05,846,Savings,14968.39,2022-06-25
C109677,Ananya Mishra,52,Male,Lucknow,Uttar Pradesh,Salaried,48475.8,676,Salary,82190.1,2019-02-26
C109678,Pooja Rao,39,Male,Chandigarh,Chandigarh,Salaried,214324.85,730,Savings,401969.54,2020-01-24
C109679,Rohan Behera,36,Male,Pune,Maharashtra,Salaried,63000.03,750,Savings,33772.45,2022-10-01
C109680,Aarav Dasgupta,32,Male,Kolkata,West Bengal,Business,76690.13,702,Premium Savings,78267.69,2022-10-13
C109681,Sahil Bose,22,Female,Indore,Madhya Pradesh,Salaried,38596.61,683,Salary,37180.88,2015-03-15
C109682,Aditi Jain,46,Male,Chennai,Tamil Nadu,Self-Employed,62874.42,785,Savings,133223.3,2021-10-16
C109683,Priya Mishra,28,Female,Bengaluru,Karnataka,Business,54628.33,708,Savings,81812.87,2024-03-21
C109684,Aditi Gupta,28,Female,Bhubaneswar,Odisha,Business,101766.52,699,Salary,69581.25,2015-07-14
C109685,Priya Sharma,46,Female,Pune,Maharashtra,Salaried,100001.35,757,Savings,159495.72,2020-09-09
C109686,Amit Mohanty,18,Female,Jaipur,Rajasthan,Salaried,68818.12,638,Savings,135788.75,2019-02-17
C109687,Ananya Gupta,21,Male,Kolkata,West Bengal,Self-Employed,57189.16,623,Current,43560.7,2021-05-01
C109688,Riya Patel,36,Male,Kolkata,West Bengal,Business,21841.77,599,Savings,26881.01,2021-07-07
C109689,Kavya Bose,39,Male,Indore,Madhya Pradesh,Salaried,21427.13,742,Savings,45303.0,2022-12-08
C109690,Aarav Verma,41,Other,Kochi,Kerala,Salaried,57534.47,694,Savings,51404.28,2015-09-23
C109691,Amit Dasgupta,33,Male,Chennai,Tamil Nadu,Student,88977.36,759,Salary,33823.64,2024-01-04
C109692,Karan Roul,61,Female,Indore,Madhya Pradesh,Retired,114410.58,708,Premium Savings,48144.06,2018-03-31
C109693,Riya Verma,34,Female,Bhubaneswar,Odisha,Salaried,33716.15,616,Savings,64526.48,2018-03-16
C109694,Sneha Panda,34,Female,Lucknow,Uttar Pradesh,Salaried,23980.76,682,Savings,7383.47,2021-06-09
C109695,Karan Das,28,Female,Kolkata,West Bengal,Salaried,91877.92,763,Salary,105180.03,2017-01-14
C109696,Aditi Kumar,37,Female,Delhi,Delhi,Salaried,35136.93,688,Savings,12473.16,2025-06-26
C109697,Amit Sahu,42,Male,Indore,Madhya Pradesh,Salaried,23102.61,782,Premium Savings,34551.61,2015-03-06
C109698,Aditi Jain,48,Female,Jaipur,Rajasthan,Self-Employed,41921.98,676,Savings,95506.98,2023-01-06
C109699,Ankit Bose,21,Male,Jaipur,Rajasthan,Self-Employed,41522.22,752,Savings,33780.18,2020-01-30
C109700,Vivaan Gupta,34,Female,Chennai,Tamil Nadu,Salaried,113684.52,589,Current,199231.14,2017-11-11
C109701,Aarav Rao,40,Female,Chennai,Tamil Nadu,Student,88538.0,690,Savings,44700.25,2021-07-15
C109702,Amit Mohanty,42,Male,Kochi,Kerala,Self-Employed,36663.08,680,Savings,31162.83,2024-01-20
C109703,Karan Patel,36,Female,Bengaluru,Karnataka,Self-Employed,118653.57,614,Savings,188131.53,2016-11-09
C109704,Sahil Reddy,41,Male,Bengaluru,Karnataka,Retired,58915.1,777,Savings,134375.79,2019-07-09
C109705,Ananya Sharma,28,Female,Chennai,Tamil Nadu,Self-Employed,98572.55,663,Salary,162611.91,2023-06-25
C109706,Sneha Roul,52,Female,Ahmedabad,Gujarat,Student,114123.52,657,Salary,194724.4,2021-09-14
C109707,Rohan Gupta,46,Female,Bengaluru,Karnataka,Salaried,47603.54,790,Savings,84600.36,2022-12-02
C109708,Aarav Mehta,23,Male,Chennai,Tamil Nadu,Salaried,75305.94,715,Savings,147676.44,2021-06-04
C109709,Arjun Patel,25,Male,Kolkata,West Bengal,Self-Employed,43974.77,756,Savings,500.0,2021-12-29
C109710,Rahul Sahu,26,Female,Jaipur,Rajasthan,Self-Employed,91733.66,594,Salary,186631.01,2025-07-27
C109711,Ananya Bose,43,Female,Bengaluru,Karnataka,Salaried,57799.75,653,Current,63729.28,2022-01-07
C109712,Amit Dasgupta,23,Male,Hyderabad,Telangana,Business,93271.11,841,Salary,81196.51,2019-09-20
C109713,Pooja Panda,33,Male,Pune,Maharashtra,Salaried,127224.0,761,Savings,55917.59,2023-08-07
C109714,Neha Roul,41,Male,Chennai,Tamil Nadu,Business,74314.84,635,Current,107699.52,2022-01-01
C109715,Karan Nayak,35,Female,Guwahati,Assam,Salaried,52244.27,720,Salary,84244.85,2021-06-03
C109716,Sneha Mohanty,39,Male,Jaipur,Rajasthan,Business,52724.37,640,Premium Savings,101744.54,2024-01-23
C109717,Sahil Sahu,25,Male,Kochi,Kerala,Salaried,12000.0,796,Savings,19608.62,2019-03-20
C109718,Sahil Jain,42,Female,Delhi,Delhi,Retired,37162.36,557,Savings,22282.89,2024-10-01
C109719,Neha Patel,30,Male,Mumbai,Maharashtra,Salaried,91858.43,723,Savings,78199.87,2023-10-03
C109720,Amit Roul,33,Female,Chennai,Tamil Nadu,Retired,93762.77,722,Current,84385.06,2022-05-14
C109721,Rahul Rao,38,Male,Indore,Madhya Pradesh,Salaried,36719.98,633,Savings,54373.62,2018-04-29
C109722,Karan Panda,37,Male,Delhi,Delhi,Business,60210.65,687,Salary,46339.9,2024-04-23
C109723,Aditi Rao,36,Male,Ahmedabad,Gujarat,Salaried,49562.61,729,Premium Savings,34699.11,2021-03-13
C109724,Sahil Kumar,28,Male,Mumbai,Maharashtra,Business,80367.87,589,Savings,110986.57,2022-03-13
C109725,Priya Behera,33,Male,Hyderabad,Telangana,Business,185317.64,622,Salary,225504.93,2021-10-12
C109726,Rahul Patel,36,Male,Bhubaneswar,Odisha,Business,81206.14,695,Savings,63554.76,2023-07-08
C109727,Nisha Nayak,22,Male,Pune,Maharashtra,Salaried,38043.7,651,Salary,19727.66,2021-09-24
C109728,Aditya Patel,31,Female,Guwahati,Assam,Business,52678.24,675,Savings,37980.65,2023-05-14
C109729,Aditya Sharma,40,Male,Jaipur,Rajasthan,Salaried,118913.19,704,Premium Savings,260693.08,2023-03-09
C109730,Rohan Rao,23,Female,Kolkata,West Bengal,Salaried,25344.48,646,Savings,40294.13,2022-07-31
C109731,Neha Patel,48,Female,Indore,Madhya Pradesh,Salaried,39214.69,703,Savings,68420.55,2022-08-10
C109732,Kavya Dasgupta,49,Male,Mumbai,Maharashtra,Salaried,81272.96,724,Current,153721.92,2023-07-15
C109733,Arjun Behera,24,Male,Hyderabad,Telangana,Business,112080.28,756,Savings,54784.06,2024-07-30
C109734,Priya Kumar,50,Female,Chennai,Tamil Nadu,Salaried,76881.52,624,Savings,87007.42,2020-02-12
C109735,Sneha Nayak,35,Male,Chennai,Tamil Nadu,Salaried,39395.48,664,Current,33686.2,2016-01-03
C109736,Isha Gupta,40,Male,Ahmedabad,Gujarat,Self-Employed,73878.92,743,Salary,102365.69,2024-12-20
C109737,Nisha Mohanty,31,Male,Lucknow,Uttar Pradesh,Retired,69075.09,609,Premium Savings,53528.44,2020-11-08
C109738,Kavya Panda,45,Female,Chennai,Tamil Nadu,Self-Employed,66705.35,712,Savings,69901.22,2018-04-25
C109739,Kavya Roul,40,Female,Ahmedabad,Gujarat,Business,52140.53,707,Salary,58006.37,2016-08-17
C109740,Isha Roul,28,Male,Lucknow,Uttar Pradesh,Self-Employed,56626.67,537,Salary,81674.97,2021-01-01
C109741,Amit Sharma,24,Female,Delhi,Delhi,Business,33388.39,673,Salary,66122.99,2023-10-15
C109742,Neha Reddy,21,Female,Delhi,Delhi,Retired,215173.68,727,Savings,331369.98,2019-02-08
C109743,Sahil Gupta,38,Male,Ahmedabad,Gujarat,Self-Employed,59960.31,691,Savings,77476.91,2021-06-30
C109744,Karan Mehta,42,Female,Chennai,Tamil Nadu,Salaried,74367.2,674,Savings,29596.99,2019-04-23
C109745,Pooja Verma,43,Female,Mumbai,Maharashtra,Student,48787.88,715,Current,70818.29,2022-02-21
C109746,Sahil Rao,35,Female,Ahmedabad,Gujarat,Retired,87553.84,769,Salary,66847.05,2025-09-04
C109747,Isha Panda,24,Male,Jaipur,Rajasthan,Salaried,26928.77,740,Salary,68973.24,2021-05-18
C109748,Karan Mehta,29,Other,Ahmedabad,Gujarat,Self-Employed,21057.36,656,Salary,29504.49,2017-10-13
C109749,Aarav Verma,48,Female,Pune,Maharashtra,Business,54085.92,610,Savings,44235.22,2016-08-24
C109750,Rohan Sahu,31,Female,Chandigarh,Chandigarh,Self-Employed,170215.21,739,Savings,198494.78,2018-09-15
C109751,Vivaan Das,37,Female,Kolkata,West Bengal,Salaried,106901.69,628,Savings,42023.31,2021-05-04
C109752,Pooja Sharma,25,Male,Delhi,Delhi,Self-Employed,35257.83,671,Current,112202.82,2016-02-26
C109753,Sneha Bose,39,Female,Kolkata,West Bengal,Salaried,73052.71,718,Savings,86314.77,2018-04-20
C109754,Kavya Mehta,31,Female,Chennai,Tamil Nadu,Salaried,38765.82,780,Savings,38035.1,2015-03-29
C109755,Neha Rao,46,Male,Indore,Madhya Pradesh,Retired,69537.23,789,Savings,29831.55,2023-08-30
C109756,Vivaan Rao,44,Male,Lucknow,Uttar Pradesh,Self-Employed,72584.39,709,Savings,116196.49,2020-08-11
C109757,Aditya Dasgupta,31,Male,Bhubaneswar,Odisha,Student,91551.05,672,Savings,65192.77,2024-12-13
C109758,Arjun Das,35,Female,Kolkata,West Bengal,Business,23247.98,627,Premium Savings,29398.38,2018-06-22
C109759,Aditi Das,30,Female,Kolkata,West Bengal,Self-Employed,27419.65,832,Savings,49049.36,2021-05-21
C109760,Amit Jain,22,Male,Kolkata,West Bengal,Student,52760.85,686,Salary,50887.71,2021-12-09
C109761,Arjun Roul,27,Male,Bengaluru,Karnataka,Salaried,31171.38,749,Premium Savings,25077.02,2023-11-20
C109762,Nisha Kumar,38,Female,Ahmedabad,Gujarat,Self-Employed,29873.93,718,Savings,59554.97,2025-12-07
C109763,Rahul Roul,39,Female,Indore,Madhya Pradesh,Self-Employed,63870.32,673,Premium Savings,47679.35,2024-08-10
C109764,Kavya Mohanty,37,Male,Kolkata,West Bengal,Self-Employed,33232.01,670,Savings,12449.15,2017-03-07
C109765,Sahil Verma,33,Male,Kochi,Kerala,Salaried,190384.26,615,Premium Savings,119743.15,2025-09-09
C109766,Aditi Panda,45,Male,Jaipur,Rajasthan,Salaried,41021.32,778,Salary,44599.02,2016-12-18
C109767,Isha Nayak,37,Female,Chennai,Tamil Nadu,Salaried,47403.95,697,Salary,500.0,2024-12-26
C109768,Arjun Roul,43,Female,Hyderabad,Telangana,Self-Employed,64778.94,798,Savings,109217.97,2017-02-18
C109769,Amit Rao,18,Other,Bhubaneswar,Odisha,Retired,23997.69,676,Salary,12892.52,2016-03-19
C109770,Neha Bose,18,Male,Mumbai,Maharashtra,Retired,72748.67,686,Premium Savings,60088.18,2017-01-27
C109771,Pooja Sharma,39,Female,Ahmedabad,Gujarat,Salaried,66363.05,631,Salary,63864.45,2024-05-30
C109772,Priya Bose,22,Female,Ahmedabad,Gujarat,Salaried,45386.52,685,Savings,83664.65,2023-10-02
C109773,Aarav Rao,34,Male,Chennai,Tamil Nadu,Salaried,63943.07,624,Savings,70300.82,2024-01-19
C109774,Nisha Reddy,33,Male,Kochi,Kerala,Salaried,69608.63,731,Savings,118150.3,2024-03-10
C109775,Vivaan Jain,52,Female,Pune,Maharashtra,Business,121108.65,712,Salary,182825.12,2017-07-02
C109776,Ananya Kumar,40,Female,Kolkata,West Bengal,Student,217560.5,801,Savings,137828.03,2018-04-20
C109777,Aarav Sahu,38,Male,Bengaluru,Karnataka,Salaried,30676.83,610,Premium Savings,51073.29,2023-10-03
C109778,Sahil Patel,44,Male,Guwahati,Assam,Salaried,26944.85,784,Current,39085.24,2016-08-01
C109779,Kavya Patel,40,Female,Chandigarh,Chandigarh,Salaried,58197.68,641,Savings,72705.3,2023-09-15
C109780,Pooja Bose,31,Female,Kolkata,West Bengal,Salaried,17530.25,727,Current,500.0,2025-11-13
C109781,Karan Dasgupta,47,Female,Bengaluru,Karnataka,Business,78610.99,631,Salary,33668.7,2019-10-27
C109782,Ankit Mohanty,25,Male,Bengaluru,Karnataka,Self-Employed,58529.31,718,Savings,71880.82,2019-07-14
C109783,Isha Gupta,39,Male,Guwahati,Assam,Business,67312.15,542,Savings,81517.62,2021-04-28
C109784,Isha Roul,21,Male,Jaipur,Rajasthan,Self-Employed,46542.63,661,Savings,50219.51,2021-04-12
C109785,Aarav Mishra,38,Female,Pune,Maharashtra,Salaried,63281.43,712,Current,30848.5,2025-10-09
C109786,Sahil Bose,38,Female,Mumbai,Maharashtra,Salaried,71312.02,819,Salary,140793.77,2025-07-07
C109787,Ananya Mohanty,53,Female,Chennai,Tamil Nadu,Salaried,61396.08,567,Savings,62330.16,2015-08-13
C109788,Karan Sahu,20,Male,Bhubaneswar,Odisha,Business,26246.4,705,Savings,29114.2,2019-07-29
C109789,Priya Nayak,30,Female,Chennai,Tamil Nadu,Student,60457.24,671,Savings,123105.63,2021-12-23
C109790,Aarav Nayak,44,Female,Bengaluru,Karnataka,Business,152477.0,580,Current,110569.28,2022-11-05
C109791,Sahil Behera,39,Female,Kochi,Kerala,Salaried,62791.76,632,Current,55685.27,2015-04-05
C109792,Rahul Rao,38,Female,Lucknow,Uttar Pradesh,Business,59306.2,674,Current,74656.98,2021-04-04
C109793,Rohan Bose,26,Female,Kochi,Kerala,Salaried,129716.84,735,Savings,197857.88,2020-04-21
C109794,Vivaan Behera,30,Female,Bengaluru,Karnataka,Salaried,36497.53,711,Savings,1057.0,2016-09-26
C109795,Aarav Roul,48,Male,Hyderabad,Telangana,Salaried,89716.61,620,Savings,60114.81,2019-06-19
C109796,Arjun Mohanty,35,Female,Delhi,Delhi,Salaried,41089.25,586,Current,57783.88,2022-03-07
C109797,Riya Bose,40,Male,Kochi,Kerala,Business,99978.39,732,Savings,115517.22,2016-04-27
C109798,Amit Jain,35,Female,Bhubaneswar,Odisha,Business,85307.27,692,Savings,63475.5,2020-02-16
C109799,Sahil Mishra,24,Female,Hyderabad,Telangana,Salaried,43841.45,810,Savings,70414.42,2023-07-26
C109800,Aditya Sahu,45,Male,Lucknow,Uttar Pradesh,Salaried,47515.43,682,Savings,67890.24,2019-09-07
C109801,Kavya Bose,41,Female,Guwahati,Assam,Salaried,94172.62,779,Salary,121507.25,2025-11-26
C109802,Priya Behera,59,Female,Chennai,Tamil Nadu,Salaried,19822.85,740,Savings,48335.44,2024-12-31
C109803,Isha Gupta,26,Female,Chennai,Tamil Nadu,Salaried,43132.3,758,Current,77324.89,2015-05-06
C109804,Sahil Gupta,44,Female,Indore,Madhya Pradesh,Business,77367.19,733,Premium Savings,22070.59,2022-03-14
C109805,Vivaan Dasgupta,23,Female,Bengaluru,Karnataka,Salaried,46426.69,735,Savings,84489.13,2019-12-16
C109806,Riya Panda,38,Female,Bhubaneswar,Odisha,Business,59234.73,556,Savings,87312.7,2016-12-13
C109807,Priya Panda,46,Male,Lucknow,Uttar Pradesh,Salaried,17898.2,690,Current,22449.32,2023-05-28
C109808,Karan Sharma,18,Male,Mumbai,Maharashtra,Salaried,34376.4,662,Salary,33349.39,2017-06-03
C109809,Karan Das,34,Male,Bengaluru,Karnataka,Salaried,79920.48,788,Premium Savings,70794.76,2018-06-21
C109810,Vivaan Mohanty,30,Female,Jaipur,Rajasthan,Business,36389.46,640,Salary,48621.38,2021-04-19
C109811,Ananya Sahu,29,Male,Mumbai,Maharashtra,Self-Employed,26869.19,687,Current,30149.9,2025-07-29
C109812,Aarav Mehta,40,Female,Mumbai,Maharashtra,Salaried,98614.46,757,Premium Savings,42833.88,2023-02-15
C109813,Rahul Sahu,47,Male,Hyderabad,Telangana,Student,73036.51,725,Salary,57669.52,2017-07-23
C109814,Aditi Behera,35,Female,Bhubaneswar,Odisha,Salaried,30224.11,716,Salary,35675.52,2020-10-30
C109815,Vivaan Kumar,38,Male,Guwahati,Assam,Student,59353.45,777,Savings,116477.83,2021-10-21
C109816,Ananya Das,37,Female,Kolkata,West Bengal,Salaried,30770.67,722,Savings,51031.33,2017-06-21
C109817,Karan Patel,36,Female,Bengaluru,Karnataka,Business,50576.18,670,Salary,91973.8,2018-08-27
C109818,Rahul Behera,25,Female,Mumbai,Maharashtra,Self-Employed,60589.81,621,Savings,127897.51,2022-07-07
C109819,Aditi Behera,47,Female,Kolkata,West Bengal,Self-Employed,35256.86,737,Salary,8045.07,2022-06-06
C109820,Sneha Jain,39,Female,Indore,Madhya Pradesh,Salaried,82732.81,655,Savings,18350.2,2021-10-03
C109821,Karan Mishra,40,Female,Guwahati,Assam,Salaried,90096.08,689,Current,116480.34,2025-03-07
C109822,Aarav Behera,28,Female,Guwahati,Assam,Business,63579.7,775,Salary,57433.17,2019-01-21
C109823,Rohan Mishra,31,Male,Ahmedabad,Gujarat,Student,69063.29,691,Savings,42930.63,2022-04-17
C109824,Ananya Jain,34,Female,Guwahati,Assam,Self-Employed,24736.44,676,Salary,74167.16,2017-09-26
C109825,Ananya Gupta,21,Female,Lucknow,Uttar Pradesh,Salaried,116342.24,687,Current,38053.73,2025-01-28
C109826,Aarav Mishra,19,Male,Guwahati,Assam,Salaried,52305.65,689,Current,18134.74,2025-08-27
C109827,Aarav Mohanty,30,Female,Jaipur,Rajasthan,Business,32882.55,641,Savings,70907.34,2020-10-31
C109828,Aditi Panda,41,Female,Kolkata,West Bengal,Salaried,59593.28,814,Savings,38855.49,2016-07-21
C109829,Arjun Verma,29,Female,Jaipur,Rajasthan,Salaried,82875.68,669,Salary,67221.64,2022-05-16
C109830,Sahil Patel,26,Female,Delhi,Delhi,Business,72902.68,756,Savings,68823.92,2025-01-22
C109831,Rohan Mohanty,28,Male,Guwahati,Assam,Self-Employed,30288.06,639,Current,35290.08,2021-04-17
C109832,Karan Das,31,Male,Jaipur,Rajasthan,Salaried,83432.17,741,Savings,56762.68,2023-06-28
C109833,Aarav Kumar,32,Male,Delhi,Delhi,Salaried,53195.33,716,Current,90409.45,2015-03-13
C109834,Rahul Behera,58,Male,Kochi,Kerala,Business,72457.16,707,Premium Savings,137680.45,2024-05-17
C109835,Ananya Roul,47,Female,Ahmedabad,Gujarat,Salaried,35391.79,716,Savings,82399.16,2024-03-07
C109836,Aditya Dasgupta,46,Male,Bhubaneswar,Odisha,Student,97766.75,732,Savings,166104.78,2025-12-31
C109837,Priya Sharma,48,Female,Chennai,Tamil Nadu,Salaried,60814.41,690,Salary,105973.27,2018-03-12
C109838,Aarav Nayak,26,Female,Lucknow,Uttar Pradesh,Salaried,105761.44,693,Savings,96194.27,2024-04-14
C109839,Rahul Roul,24,Female,Indore,Madhya Pradesh,Business,23645.1,743,Current,2628.78,2015-01-13
C109840,Aditya Dasgupta,25,Male,Bhubaneswar,Odisha,Self-Employed,25445.85,631,Savings,39083.16,2025-01-23
C109841,Rahul Patel,49,Male,Lucknow,Uttar Pradesh,Salaried,48198.02,621,Savings,37258.82,2018-11-12
C109842,Sneha Bose,31,Male,Pune,Maharashtra,Salaried,123288.48,717,Current,189285.98,2025-10-07
C109843,Rahul Patel,23,Male,Lucknow,Uttar Pradesh,Salaried,161883.86,574,Salary,98282.89,2019-07-28
C109844,Ankit Bose,32,Other,Mumbai,Maharashtra,Business,33740.49,596,Current,44347.25,2024-12-13
C109845,Arjun Patel,34,Female,Kolkata,West Bengal,Salaried,56628.31,822,Salary,82887.9,2022-06-11
C109846,Nisha Mishra,39,Male,Kolkata,West Bengal,Business,59899.42,806,Current,64206.04,2016-04-27
C109847,Vivaan Verma,39,Female,Bengaluru,Karnataka,Self-Employed,81640.04,668,Salary,61509.21,2016-08-06
C109848,Ankit Bose,28,Male,Kolkata,West Bengal,Self-Employed,89484.25,770,Premium Savings,161583.68,2025-02-12
C109849,Ankit Mohanty,43,Female,Ahmedabad,Gujarat,Business,29797.19,772,Savings,500.0,2022-10-18
C109850,Karan Bose,30,Male,Bengaluru,Karnataka,Self-Employed,56989.07,736,Savings,58860.62,2021-05-08
C109851,Ananya Mohanty,34,Female,Chennai,Tamil Nadu,Salaried,18222.34,700,Savings,22360.25,2021-11-03
C109852,Kavya Behera,43,Male,Jaipur,Rajasthan,Salaried,85907.26,746,Savings,150084.85,2019-11-14
C109853,Pooja Roul,30,Male,Chandigarh,Chandigarh,Salaried,45654.05,757,Savings,51131.16,2018-10-30
C109854,Nisha Bose,30,Male,Jaipur,Rajasthan,Business,28342.8,747,Current,30716.59,2015-05-03
C109855,Rahul Gupta,42,Male,Bengaluru,Karnataka,Business,66038.24,604,Savings,64486.66,2021-02-27
C109856,Priya Mehta,27,Female,Chandigarh,Chandigarh,Salaried,44876.09,837,Savings,89617.52,2024-01-09
C109857,Amit Bose,32,Male,Indore,Madhya Pradesh,Student,110072.23,850,Savings,66069.63,2024-07-09
C109858,Arjun Verma,42,Female,Bhubaneswar,Odisha,Self-Employed,33663.46,581,Savings,94005.63,2023-10-17
C109859,Aditya Dasgupta,57,Female,Lucknow,Uttar Pradesh,Salaried,186785.06,738,Savings,132534.29,2016-08-26
C109860,Rohan Rao,42,Female,Chennai,Tamil Nadu,Salaried,88000.17,838,Savings,118007.52,2019-07-22
C109861,Rahul Roul,41,Female,Indore,Madhya Pradesh,Salaried,111671.9,770,Savings,118751.03,2021-08-15
C109862,Isha Singh,41,Male,Pune,Maharashtra,Self-Employed,31232.94,771,Savings,49789.85,2023-07-23
C109863,Neha Gupta,25,Female,Guwahati,Assam,Salaried,147081.35,611,Salary,207720.31,2019-01-09
C109864,Rahul Panda,37,Female,Bhubaneswar,Odisha,Salaried,28231.32,756,Current,62579.7,2021-02-08
C109865,Ananya Kumar,36,Female,Pune,Maharashtra,Retired,49005.71,721,Savings,75789.81,2022-08-03
C109866,Isha Mehta,39,Female,Lucknow,Uttar Pradesh,Business,112718.59,756,Salary,95580.63,2016-08-23
C109867,Rohan Verma,37,Female,Pune,Maharashtra,Self-Employed,72679.27,638,Premium Savings,100726.54,2019-11-14
C109868,Ananya Mohanty,40,Male,Bengaluru,Karnataka,Self-Employed,27821.08,635,Savings,10983.9,2022-05-31
C109869,Neha Bose,33,Female,Jaipur,Rajasthan,Salaried,102699.65,696,Savings,160128.22,2017-12-25
C109870,Isha Reddy,37,Female,Pune,Maharashtra,Retired,66307.84,680,Premium Savings,44943.94,2016-01-18
C109871,Priya Mehta,24,Male,Lucknow,Uttar Pradesh,Student,43747.0,695,Savings,55337.24,2023-10-15
C109872,Nisha Patel,33,Female,Pune,Maharashtra,Business,23552.41,674,Savings,31924.73,2021-03-05
C109873,Amit Patel,50,Male,Lucknow,Uttar Pradesh,Salaried,69856.7,692,Current,39622.19,2019-04-16
C109874,Isha Kumar,39,Male,Kochi,Kerala,Salaried,50271.98,662,Savings,77021.19,2021-06-04
C109875,Nisha Sahu,36,Female,Chennai,Tamil Nadu,Salaried,59937.56,702,Savings,82002.33,2019-03-30
C109876,Aditi Mehta,55,Female,Kochi,Kerala,Self-Employed,22999.5,612,Savings,61644.98,2018-11-12
C109877,Ankit Gupta,22,Female,Chennai,Tamil Nadu,Salaried,43687.93,738,Savings,29028.14,2019-07-25
C109878,Isha Mohanty,25,Female,Pune,Maharashtra,Business,71629.05,722,Salary,74150.4,2022-01-25
C109879,Sneha Kumar,53,Male,Chandigarh,Chandigarh,Self-Employed,154375.62,623,Salary,107938.35,2015-10-26
C109880,Priya Sharma,36,Female,Jaipur,Rajasthan,Salaried,49127.96,791,Salary,86851.13,2025-05-10
C109881,Ankit Bose,34,Male,Pune,Maharashtra,Business,121649.95,651,Savings,61311.54,2024-04-19
C109882,Riya Nayak,24,Male,Bhubaneswar,Odisha,Salaried,84806.72,782,Savings,85652.23,2017-06-06
C109883,Nisha Kumar,40,Male,Jaipur,Rajasthan,Business,62546.79,726,Savings,72029.87,2015-03-03
C109884,Priya Sharma,41,Female,Ahmedabad,Gujarat,Salaried,31517.57,770,Savings,46454.63,2021-04-20
C109885,Isha Panda,25,Male,Chandigarh,Chandigarh,Salaried,32251.68,716,Savings,41493.77,2020-05-27
C109886,Rahul Gupta,35,Female,Kochi,Kerala,Salaried,77244.88,742,Savings,100312.11,2024-01-26
C109887,Ankit Sahu,33,Female,Bhubaneswar,Odisha,Retired,41172.09,769,Savings,28816.88,2019-10-11
C109888,Ankit Patel,39,Male,Mumbai,Maharashtra,Self-Employed,39208.11,829,Savings,48176.35,2016-02-07
C109889,Amit Mehta,25,Female,Chennai,Tamil Nadu,Salaried,49799.13,775,Salary,65373.64,2022-07-15
C109890,Aarav Mohanty,49,Male,Indore,Madhya Pradesh,Salaried,50260.84,734,Savings,21381.98,2024-04-25
C109891,Neha Behera,45,Male,Pune,Maharashtra,Business,90265.52,617,Current,146317.48,2022-09-09
C109892,Ananya Verma,32,Female,Jaipur,Rajasthan,Salaried,41650.34,548,Salary,28794.74,2024-11-22
C109893,Ananya Behera,34,Female,Kolkata,West Bengal,Retired,85457.16,697,Savings,46252.12,2016-08-19
C109894,Karan Verma,35,Female,Bengaluru,Karnataka,Retired,70047.32,659,Salary,101461.8,2023-08-06
C109895,Priya Bose,28,Female,Guwahati,Assam,Business,21903.26,661,Salary,60809.86,2017-02-18
C109896,Isha Reddy,32,Female,Delhi,Delhi,Retired,64670.97,700,Savings,97261.63,2024-01-20
C109897,Vivaan Bose,33,Female,Mumbai,Maharashtra,Salaried,12680.51,748,Salary,16201.26,2020-12-04
C109898,Rahul Singh,52,Male,Mumbai,Maharashtra,Salaried,33614.6,665,Salary,46493.38,2018-07-08
C109899,Pooja Mohanty,45,Male,Indore,Madhya Pradesh,Salaried,70953.55,763,Savings,50791.85,2021-05-29
C109900,Priya Nayak,45,Male,Bhubaneswar,Odisha,Salaried,54678.99,707,Salary,86782.41,2018-10-11
C109901,Pooja Mohanty,40,Male,Kochi,Kerala,Retired,20800.82,707,Current,29903.24,2025-12-30
C109902,Kavya Rao,25,Male,Indore,Madhya Pradesh,Salaried,29719.23,827,Salary,36425.3,2025-05-11
C109903,Sahil Verma,36,Other,Guwahati,Assam,Student,13097.63,717,Current,21553.04,2023-06-01
C109904,Nisha Das,46,Female,Lucknow,Uttar Pradesh,Business,26283.03,701,Savings,57344.5,2016-05-07
C109905,Ananya Nayak,23,Female,Hyderabad,Telangana,Salaried,75627.35,739,Current,68843.53,2017-10-28
C109906,Arjun Singh,42,Male,Chandigarh,Chandigarh,Salaried,40477.45,822,Current,29836.52,2024-06-16
C109907,Karan Bose,59,Male,Delhi,Delhi,Salaried,60388.77,702,Salary,84521.94,2017-02-25
C109908,Pooja Singh,47,Male,Chandigarh,Chandigarh,Salaried,55414.3,734,Salary,52942.97,2023-09-19
C109909,Ankit Panda,50,Female,Kochi,Kerala,Self-Employed,55994.52,698,Current,24945.21,2017-12-29
C109910,Amit Rao,38,Male,Kolkata,West Bengal,Salaried,96549.52,698,Premium Savings,41992.64,2019-06-21
C109911,Aditi Rao,46,Female,Bengaluru,Karnataka,Self-Employed,49192.07,673,Salary,73778.08,2021-01-26
C109912,Aditi Patel,29,Female,Jaipur,Rajasthan,Business,90758.38,669,Salary,144602.04,2016-09-02
C109913,Aarav Rao,44,Female,Mumbai,Maharashtra,Salaried,14080.55,815,Savings,40883.24,2017-09-12
C109914,Vivaan Nayak,43,Male,Guwahati,Assam,Salaried,101353.81,669,Savings,118383.68,2021-08-03
C109915,Priya Verma,39,Female,Mumbai,Maharashtra,Business,27052.79,605,Savings,44450.38,2023-12-06
C109916,Aditi Nayak,49,Female,Kochi,Kerala,Salaried,30484.44,713,Savings,22318.47,2023-09-02
C109917,Riya Nayak,31,Female,Jaipur,Rajasthan,Salaried,37329.86,771,Premium Savings,53773.59,2018-06-26
C109918,Nisha Sahu,34,Male,Guwahati,Assam,Business,99828.48,786,Savings,130148.03,2024-07-12
C109919,Pooja Gupta,37,Male,Chandigarh,Chandigarh,Student,33724.29,627,Savings,43217.74,2020-09-15
C109920,Arjun Sahu,26,Male,Chennai,Tamil Nadu,Student,38343.86,777,Savings,33579.73,2018-01-18
C109921,Neha Singh,38,Female,Lucknow,Uttar Pradesh,Salaried,32407.99,839,Salary,53897.94,2022-01-08
C109922,Karan Panda,19,Male,Pune,Maharashtra,Self-Employed,63294.62,661,Savings,75355.78,2025-01-30
C109923,Priya Sahu,46,Other,Indore,Madhya Pradesh,Salaried,82790.87,694,Savings,39028.35,2015-06-16
C109924,Kavya Kumar,36,Male,Ahmedabad,Gujarat,Retired,140430.35,625,Savings,170592.12,2024-08-01
C109925,Rahul Mehta,31,Male,Delhi,Delhi,Salaried,205867.51,825,Savings,258664.44,2015-05-01
C109926,Ananya Panda,28,Male,Hyderabad,Telangana,Salaried,78644.1,608,Savings,150382.62,2024-05-03
C109927,Amit Mehta,34,Male,Kolkata,West Bengal,Student,67251.75,679,Salary,85123.48,2025-10-03
C109928,Aarav Das,43,Female,Chennai,Tamil Nadu,Retired,28157.01,756,Savings,41472.2,2016-11-03
C109929,Pooja Sahu,41,Female,Hyderabad,Telangana,Business,157189.16,661,Premium Savings,286924.18,2020-05-13
C109930,Pooja Gupta,29,Female,Delhi,Delhi,Salaried,61917.63,641,Savings,85408.76,2023-06-09
C109931,Aditi Sharma,28,Female,Guwahati,Assam,Self-Employed,46915.47,702,Savings,79847.65,2017-07-05
C109932,Sneha Nayak,43,Female,Guwahati,Assam,Business,68065.85,850,Salary,99138.16,2015-01-05
C109933,Arjun Singh,29,Other,Delhi,Delhi,Self-Employed,38758.12,688,Savings,65824.84,2015-01-27
C109934,Rahul Rao,37,Male,Ahmedabad,Gujarat,Salaried,15204.84,692,Savings,21143.53,2022-06-27
C109935,Rahul Rao,37,Female,Jaipur,Rajasthan,Salaried,75325.96,632,Savings,80358.1,2024-07-22
C109936,Sneha Verma,39,Female,Lucknow,Uttar Pradesh,Student,115087.63,730,Salary,79352.63,2020-10-05
C109937,Karan Reddy,45,Female,Hyderabad,Telangana,Self-Employed,74711.99,762,Savings,139740.51,2019-11-14
C109938,Ankit Verma,23,Female,Guwahati,Assam,Business,54786.27,666,Salary,58133.61,2021-09-25
C109939,Arjun Roul,18,Other,Chandigarh,Chandigarh,Salaried,55402.94,740,Current,37539.9,2019-05-20
C109940,Sahil Kumar,30,Female,Pune,Maharashtra,Self-Employed,60466.35,666,Current,88875.6,2025-03-05
C109941,Kavya Patel,54,Male,Kolkata,West Bengal,Retired,59456.38,582,Premium Savings,84057.29,2024-12-04
C109942,Vivaan Mehta,56,Male,Ahmedabad,Gujarat,Salaried,53194.1,735,Salary,23701.98,2019-05-14
C109943,Ankit Verma,54,Female,Mumbai,Maharashtra,Business,55771.99,840,Salary,100316.52,2015-09-14
C109944,Priya Dasgupta,34,Female,Delhi,Delhi,Salaried,129358.83,627,Salary,99984.29,2015-08-14
C109945,Amit Nayak,18,Male,Lucknow,Uttar Pradesh,Salaried,71313.34,717,Savings,41098.16,2016-04-23
C109946,Ananya Verma,18,Male,Chandigarh,Chandigarh,Business,58274.47,790,Salary,33140.4,2024-05-07
C109947,Aditi Mehta,30,Male,Jaipur,Rajasthan,Student,79036.36,698,Savings,136695.17,2025-12-26
C109948,Ananya Sahu,34,Female,Bhubaneswar,Odisha,Business,79039.49,612,Savings,106847.46,2023-07-24
C109949,Rohan Kumar,49,Male,Guwahati,Assam,Salaried,92539.17,708,Savings,47487.11,2019-05-05
C109950,Neha Dasgupta,45,Female,Ahmedabad,Gujarat,Salaried,36271.49,802,Salary,43803.21,2020-08-25
C109951,Karan Roul,38,Male,Bhubaneswar,Odisha,Student,42226.28,672,Salary,65359.63,2017-04-07
C109952,Ananya Rao,27,Male,Pune,Maharashtra,Salaried,35158.86,720,Savings,63753.57,2015-11-04
C109953,Neha Sahu,26,Female,Jaipur,Rajasthan,Business,83850.11,637,Savings,148110.97,2015-11-29
C109954,Isha Patel,39,Male,Ahmedabad,Gujarat,Salaried,81627.17,699,Savings,56719.8,2022-06-30
C109955,Riya Behera,43,Male,Delhi,Delhi,Student,27304.45,730,Savings,40485.02,2017-03-02
C109956,Ananya Sharma,40,Male,Mumbai,Maharashtra,Student,68189.73,713,Current,48552.6,2024-02-18
C109957,Ankit Panda,26,Male,Kolkata,West Bengal,Salaried,116986.88,677,Savings,116741.48,2021-11-11
C109958,Aditya Sharma,43,Female,Pune,Maharashtra,Business,48322.64,734,Current,61321.98,2018-10-03
C109959,Isha Sahu,40,Male,Mumbai,Maharashtra,Salaried,65367.06,749,Salary,102803.62,2024-03-27
C109960,Vivaan Nayak,25,Female,Mumbai,Maharashtra,Salaried,82195.48,753,Savings,92650.25,2025-11-15
C109961,Karan Reddy,28,Male,Kochi,Kerala,Salaried,26603.06,686,Salary,52767.33,2024-03-26
C109962,Kavya Reddy,43,Female,Chennai,Tamil Nadu,Self-Employed,59795.28,665,Savings,69055.02,2024-07-31
C109963,Ananya Mehta,34,Female,Mumbai,Maharashtra,Salaried,110719.18,833,Savings,115041.9,2015-04-15
C109964,Kavya Dasgupta,52,Other,Hyderabad,Telangana,Self-Employed,39688.77,714,Savings,55504.18,2015-07-16
C109965,Priya Das,41,Female,Jaipur,Rajasthan,Salaried,86937.51,688,Savings,19350.61,2025-08-08
C109966,Aditya Panda,31,Male,Chennai,Tamil Nadu,Salaried,55827.81,609,Premium Savings,64391.86,2015-09-29
C109967,Pooja Panda,36,Male,Hyderabad,Telangana,Self-Employed,37953.27,644,Savings,85524.66,2019-03-17
C109968,Amit Mishra,37,Female,Indore,Madhya Pradesh,Self-Employed,52156.74,663,Current,59985.7,2020-12-01
C109969,Sneha Dasgupta,29,Male,Chandigarh,Chandigarh,Business,41180.42,734,Salary,53085.93,2015-08-18
C109970,Sneha Patel,27,Male,Hyderabad,Telangana,Self-Employed,33742.58,682,Savings,76456.99,2021-11-12
C109971,Aditi Mishra,43,Male,Lucknow,Uttar Pradesh,Student,47819.98,706,Savings,75375.85,2022-04-09
C109972,Aditya Sahu,44,Male,Mumbai,Maharashtra,Salaried,57109.34,612,Savings,44448.93,2018-02-17
C109973,Vivaan Bose,42,Female,Chandigarh,Chandigarh,Salaried,50199.41,796,Savings,97448.96,2015-11-25
C109974,Nisha Bose,51,Male,Indore,Madhya Pradesh,Self-Employed,47530.79,657,Premium Savings,79872.93,2018-04-15
C109975,Isha Dasgupta,31,Male,Mumbai,Maharashtra,Business,62279.41,720,Current,116459.29,2022-01-23
C109976,Ananya Sharma,53,Female,Ahmedabad,Gujarat,Self-Employed,73670.8,671,Premium Savings,60917.19,2021-10-20
C109977,Aditya Patel,27,Male,Guwahati,Assam,Business,29314.46,684,Current,38802.28,2015-10-27
C109978,Ananya Verma,26,Female,Chandigarh,Chandigarh,Salaried,47871.27,653,Savings,106330.18,2024-08-14
C109979,Riya Roul,18,Male,Bhubaneswar,Odisha,Salaried,18576.28,724,Savings,40128.22,2023-04-10
C109980,Aditi Reddy,32,Female,Pune,Maharashtra,Business,50306.4,641,Salary,56079.62,2018-08-09
C109981,Aditya Kumar,31,Male,Bengaluru,Karnataka,Salaried,59747.31,725,Savings,92103.31,2015-08-11
C109982,Ananya Roul,41,Male,Lucknow,Uttar Pradesh,Salaried,75242.2,697,Savings,105814.68,2020-01-31
C109983,Rohan Patel,38,Male,Mumbai,Maharashtra,Self-Employed,59864.93,746,Savings,36215.59,2019-07-29
C109984,Rohan Jain,24,Female,Bhubaneswar,Odisha,Salaried,74353.43,752,Savings,119460.53,2023-09-04
C109985,Ankit Patel,32,Female,Chandigarh,Chandigarh,Self-Employed,57008.87,684,Current,128691.58,2016-12-26
C109986,Vivaan Behera,32,Female,Hyderabad,Telangana,Salaried,37932.11,729,Salary,44198.76,2024-09-04
C109987,Karan Mishra,18,Male,Bengaluru,Karnataka,Retired,29772.01,676,Current,37419.41,2022-01-22
C109988,Karan Panda,26,Male,Pune,Maharashtra,Business,47592.81,791,Salary,53016.1,2020-11-07
C109989,Neha Mishra,28,Male,Hyderabad,Telangana,Salaried,36085.14,682,Current,44463.63,2017-03-13
C109990,Kavya Panda,50,Male,Pune,Maharashtra,Salaried,51495.15,692,Current,67628.89,2024-10-11
C109991,Vivaan Das,38,Male,Kochi,Kerala,Salaried,41963.53,675,Savings,57305.86,2021-07-13
C109992,Aarav Mishra,43,Other,Delhi,Delhi,Business,69257.24,657,Salary,39804.37,2025-08-24
C109993,Riya Dasgupta,21,Female,Ahmedabad,Gujarat,Salaried,56501.01,837,Savings,41036.49,2019-12-21
C109994,Pooja Bose,48,Female,Kochi,Kerala,Salaried,70348.05,737,Savings,17697.13,2022-03-14
C109995,Rohan Reddy,49,Female,Chandigarh,Chandigarh,Salaried,70150.63,709,Savings,120929.51,2019-08-12
C109996,Riya Dasgupta,18,Female,Jaipur,Rajasthan,Self-Employed,49824.81,674,Savings,50604.7,2022-01-12
C109997,Aditi Roul,29,Male,Chandigarh,Chandigarh,Business,51534.33,777,Savings,40507.16,2016-08-11
C109998,Isha Nayak,41,Female,Hyderabad,Telangana,Self-Employed,72473.11,670,Savings,57483.61,2015-07-26
C109999,Ankit Mohanty,42,Female,Mumbai,Maharashtra,Student,211156.51,713,Current,316831.77,2023-03-09
